

INSERT INTO `caracteristicas` (`id`, `nombre`, `flag_seleccion_multiple`, `created_at`, `updated_at`, `ind_activo`) VALUES
(1, 'Tipo de Tela', 0, '2025-04-25 16:33:14', '2025-04-25 17:43:57', 1),
(2, 'Tipo de Cinta', 0, '2025-04-25 16:33:27', '2025-04-25 17:43:50', 1),
(3, 'Impresion', 0, '2025-04-25 16:34:21', '2025-05-06 15:42:47', 1),
(4, 'Material', 0, '2025-04-25 16:34:46', '2025-04-25 17:43:32', 1),
(5, 'Medida', 0, '2025-04-25 16:36:14', '2025-04-25 17:43:23', 1),
(6, 'Tamaño', 0, '2025-04-25 16:36:33', '2025-04-25 17:43:17', 1),
(7, 'Hebilla Frontal', 0, '2025-04-25 16:37:19', '2025-04-25 17:43:07', 1),
(8, 'Broche de Seguridad', 0, '2025-04-25 16:37:46', '2025-04-25 17:42:59', 1),
(9, 'Herraje', 0, '2025-04-25 16:38:23', '2025-05-06 16:22:05', 1),
(10, 'Broche Inviolable', 0, '2025-04-25 16:38:46', '2025-04-25 17:42:39', 1),
(11, 'Terminado', 0, '2025-04-25 16:40:52', '2025-04-25 18:17:59', 1),
(12, 'Acabado', 0, '2025-04-25 16:41:02', '2025-04-25 17:42:32', 1),
(13, 'Herraje Doble', 0, '2025-04-25 16:45:50', '2025-04-25 17:42:22', 1),
(14, 'Herraje Extra', 0, '2025-04-25 16:56:05', '2025-04-25 17:42:16', 1),
(15, 'Pintada', 0, '2025-04-25 17:02:44', '2025-04-25 17:42:10', 1),
(16, 'Elastico', 0, '2025-04-25 17:44:28', '2025-04-25 17:45:51', 1),
(17, 'Jareta', 0, '2025-04-25 17:55:39', '2025-04-25 17:56:28', 1),
(18, 'Materiales', 0, '2025-04-25 18:16:59', '2025-04-25 18:16:59', 1),
(19, 'Presentación', 0, '2025-04-25 18:19:47', '2025-04-25 18:19:47', 1),
(20, 'Armado', 0, '2025-04-25 18:25:50', '2025-04-25 18:25:50', 1),
(21, 'Tipo de Cuello', 0, '2025-05-06 15:53:22', '2025-05-06 15:53:22', 1),
(22, 'Yoyo Personalisado', 0, '2025-05-06 16:22:44', '2025-05-06 16:22:44', 1),
(23, 'Medida Yoyo', 0, '2025-05-06 16:24:46', '2025-05-06 16:24:46', 1),
(24, 'Tipo Cinta Superior', 0, '2025-05-06 17:09:48', '2025-05-06 17:10:09', 1),
(25, 'Medida Cinta Superior', 0, '2025-05-06 17:10:57', '2025-05-06 17:10:57', 1),
(26, 'Medida Cinta Inferior', 0, '2025-05-06 17:11:14', '2025-05-06 17:11:14', 1),
(27, 'Tipo Cinta Inferior', 0, '2025-05-06 17:11:35', '2025-05-06 17:11:35', 1);


INSERT INTO `caracteristica_opcion` (`id`, `caracteristica_id`, `opcion_id`, `created_at`, `updated_at`) VALUES
(14, 9, 2, NULL, NULL),
(15, 13, 2, NULL, NULL),
(16, 9, 3, NULL, NULL),
(17, 13, 3, NULL, NULL),
(18, 9, 5, NULL, NULL),
(19, 13, 5, NULL, NULL),
(20, 9, 7, NULL, NULL),
(21, 13, 7, NULL, NULL),
(23, 14, 8, NULL, NULL),
(24, 14, 9, NULL, NULL),
(25, 14, 10, NULL, NULL),
(26, 9, 10, NULL, NULL),
(27, 14, 11, NULL, NULL),
(28, 9, 12, NULL, NULL),
(29, 13, 12, NULL, NULL),
(31, 15, 13, NULL, NULL),
(32, 15, 14, NULL, NULL),
(33, 15, 15, NULL, NULL),
(34, 15, 16, NULL, NULL),
(35, 15, 18, NULL, NULL),
(36, 12, 19, NULL, NULL),
(37, 12, 20, NULL, NULL),
(38, 12, 21, NULL, NULL),
(39, 11, 22, NULL, NULL),
(40, 11, 23, NULL, NULL),
(41, 11, 24, NULL, NULL),
(42, 1, 25, NULL, NULL),
(43, 2, 26, NULL, NULL),
(44, 2, 27, NULL, NULL),
(45, 2, 28, NULL, NULL),
(46, 2, 29, NULL, NULL),
(47, 2, 30, NULL, NULL),
(48, 2, 31, NULL, NULL),
(49, 12, 32, NULL, NULL),
(50, 10, 33, NULL, NULL),
(51, 10, 34, NULL, NULL),
(52, 10, 35, NULL, NULL),
(53, 8, 36, NULL, NULL),
(54, 7, 37, NULL, NULL),
(56, 6, 39, NULL, NULL),
(57, 6, 40, NULL, NULL),
(58, 6, 41, NULL, NULL),
(59, 6, 42, NULL, NULL),
(60, 6, 43, NULL, NULL),
(61, 6, 44, NULL, NULL),
(62, 6, 45, NULL, NULL),
(63, 6, 46, NULL, NULL),
(64, 6, 47, NULL, NULL),
(65, 6, 48, NULL, NULL),
(66, 6, 49, NULL, NULL),
(67, 5, 50, NULL, NULL),
(68, 5, 51, NULL, NULL),
(69, 5, 52, NULL, NULL),
(70, 5, 53, NULL, NULL),
(71, 5, 54, NULL, NULL),
(72, 5, 55, NULL, NULL),
(73, 5, 56, NULL, NULL),
(74, 5, 57, NULL, NULL),
(75, 5, 58, NULL, NULL),
(76, 4, 59, NULL, NULL),
(77, 3, 60, NULL, NULL),
(78, 3, 61, NULL, NULL),
(80, 16, 62, NULL, NULL),
(81, 16, 63, NULL, NULL),
(82, 16, 64, NULL, NULL),
(84, 17, 65, NULL, NULL),
(85, 17, 66, NULL, NULL),
(87, 18, 68, NULL, NULL),
(88, 18, 69, NULL, NULL),
(89, 18, 70, NULL, NULL),
(90, 19, 67, NULL, NULL),
(91, 19, 71, NULL, NULL),
(92, 20, 1, NULL, NULL),
(93, 20, 72, NULL, NULL),
(94, 20, 73, NULL, NULL),
(95, 20, 74, NULL, NULL),
(96, 19, 75, NULL, NULL),
(97, 3, 76, NULL, NULL),
(98, 1, 77, NULL, NULL),
(99, 1, 78, NULL, NULL),
(100, 1, 79, NULL, NULL),
(101, 1, 80, NULL, NULL),
(102, 21, 81, NULL, NULL),
(103, 21, 82, NULL, NULL),
(104, 22, 38, NULL, NULL),
(105, 23, 53, NULL, NULL),
(107, 24, 29, NULL, NULL),
(108, 24, 26, NULL, NULL),
(109, 25, 53, NULL, NULL),
(110, 26, 54, NULL, NULL),
(111, 27, 26, NULL, NULL),
(112, 27, 29, NULL, NULL);

--
-- Volcado de datos para la tabla `categorias`
--

INSERT INTO `categorias` (`id`, `nombre`, `created_at`, `updated_at`, `flag_tallas`, `ind_activo`) VALUES
(1, 'Playera', '2025-04-25 15:51:01', '2025-05-06 16:42:27', 1, 1),
(2, 'Jersey', '2025-04-25 15:51:55', '2025-04-25 16:09:02', 1, 1),
(3, 'Polo', '2025-04-25 15:52:15', '2025-04-25 16:09:05', 1, 1),
(4, 'Chamarra', '2025-04-25 15:52:26', '2025-04-25 16:09:08', 1, 1),
(5, 'Tank Top', '2025-04-25 15:52:40', '2025-04-25 16:09:11', 1, 1),
(6, 'Bandana', '2025-04-25 16:02:34', '2025-04-25 16:02:34', 0, 1),
(7, 'Portanumero', '2025-04-25 16:03:07', '2025-04-25 16:03:07', 0, 1),
(8, 'Cinta Sublimada', '2025-04-25 16:04:21', '2025-04-25 18:33:49', 0, 1),
(9, 'Portagafete', '2025-04-25 16:04:33', '2025-05-06 17:13:12', 0, 1),
(10, 'Otras Cintas y Listones', '2025-04-25 16:08:16', '2025-05-06 15:45:20', 0, 1),
(11, 'Pulseras', '2025-04-25 16:16:37', '2025-04-25 18:06:16', 0, 1),
(12, 'Medallas y Fundicion Varios', '2025-04-25 16:18:39', '2025-04-25 18:01:18', 0, 1),
(13, 'Gorras', '2025-04-25 16:19:19', '2025-04-25 16:19:19', 0, 1),
(14, 'Morrales', '2025-04-25 16:20:03', '2025-04-25 17:56:42', 0, 1),
(15, 'Tarjetas y Tags', '2025-04-25 16:21:17', '2025-05-06 15:41:39', 0, 1),
(16, 'Numeros de Competidor', '2025-04-25 16:21:28', '2025-04-25 17:54:11', 0, 1),
(17, 'Textil Cortado Varios', '2025-04-25 16:31:53', '2025-04-25 17:53:15', 0, 1);


--
-- Volcado de datos para la tabla `categoria_caracteristica`
--

INSERT INTO `categoria_caracteristica` (`id`, `categoria_id`, `caracteristica_id`, `created_at`, `updated_at`) VALUES
(1, 17, 1, NULL, NULL),
(2, 16, 4, NULL, NULL),
(3, 14, 1, NULL, NULL),
(4, 14, 17, NULL, NULL),
(5, 12, 5, NULL, NULL),
(6, 12, 12, NULL, NULL),
(7, 12, 15, NULL, NULL),
(8, 11, 2, NULL, NULL),
(9, 11, 3, NULL, NULL),
(10, 11, 5, NULL, NULL),
(11, 11, 10, NULL, NULL),
(12, 11, 11, NULL, NULL),
(13, 8, 2, NULL, NULL),
(14, 8, 3, NULL, NULL),
(15, 8, 5, NULL, NULL),
(16, 8, 19, NULL, NULL),
(17, 8, 20, NULL, NULL),
(18, 15, 18, NULL, NULL),
(19, 15, 3, NULL, NULL),
(20, 10, 3, NULL, NULL),
(21, 10, 4, NULL, NULL),
(22, 10, 5, NULL, NULL),
(23, 10, 19, NULL, NULL),
(24, 9, 2, NULL, NULL),
(25, 9, 3, NULL, NULL),
(26, 9, 5, NULL, NULL),
(27, 9, 7, NULL, NULL),
(28, 9, 8, NULL, NULL),
(29, 9, 9, NULL, NULL),
(30, 9, 10, NULL, NULL),
(31, 9, 13, NULL, NULL),
(32, 9, 14, NULL, NULL),
(33, 1, 1, NULL, NULL),
(34, 9, 11, NULL, NULL),
(35, 9, 22, NULL, NULL),
(36, 9, 23, NULL, NULL),
(37, 1, 21, NULL, NULL),
(38, 9, 24, NULL, NULL),
(39, 9, 25, NULL, NULL),
(40, 9, 26, NULL, NULL),
(41, 9, 27, NULL, NULL);



INSERT INTO `grupos_tallas` (`id`, `nombre`, `created_at`, `updated_at`, `ind_activo`) VALUES
(1, 'Hombre', '2025-05-06 16:38:48', '2025-05-06 16:39:33', 1),
(2, 'Mujer', '2025-05-06 16:39:52', '2025-05-06 16:39:52', 1);

-- --------------------------------------------------------

INSERT INTO `grupo_tallas_detalle` (`id`, `grupo_talla_id`, `talla_id`, `created_at`, `updated_at`) VALUES
(7, 1, 1, NULL, NULL),
(8, 1, 2, NULL, NULL),
(9, 1, 3, NULL, NULL),
(10, 1, 4, NULL, NULL),
(11, 1, 5, NULL, NULL),
(12, 1, 6, NULL, NULL),
(13, 1, 7, NULL, NULL),
(14, 2, 1, NULL, NULL),
(15, 2, 2, NULL, NULL),
(16, 2, 3, NULL, NULL),
(17, 2, 4, NULL, NULL),
(18, 2, 5, NULL, NULL),
(19, 2, 6, NULL, NULL);

-- --------------------------------------------------------


INSERT INTO `opciones` (`id`, `nombre`, `pasos`, `minutoPaso`, `valoru`, `created_at`, `updated_at`, `ind_activo`) VALUES
(1, 'No definida', 0.00, '00:00:00', 0.00, '2025-04-25 15:48:12', '2025-04-25 15:48:12', 1),
(2, 'Bandola Economica', 0.00, '00:00:00', 0.00, '2025-04-25 16:48:12', '2025-04-25 16:48:12', 1),
(3, 'Bandola Fundicion (Perico) Niquel', 0.00, '00:00:00', 0.00, '2025-04-25 16:52:08', '2025-04-25 16:52:27', 1),
(4, 'Bandola Fundicion (Perico) Negra', 0.00, '00:00:00', 0.00, '2025-04-25 16:53:00', '2025-04-25 16:53:00', 1),
(5, 'Bandola Caiman Niquel', 0.00, '00:00:00', 0.00, '2025-04-25 16:53:23', '2025-04-25 16:53:23', 1),
(6, 'Bandola Caiman Negra', 0.00, '00:00:00', 0.00, '2025-04-25 16:53:44', '2025-04-25 16:53:44', 1),
(7, 'Argolla Llavero', 0.00, '00:00:00', 0.00, '2025-04-25 16:55:35', '2025-04-25 16:55:35', 1),
(8, 'Cuerda USB', 0.00, '00:00:00', 0.00, '2025-04-25 16:56:55', '2025-04-25 16:56:55', 1),
(9, 'Corredera Plastica', 0.00, '00:00:00', 0.00, '2025-04-25 16:58:21', '2025-04-25 16:58:21', 1),
(10, 'Yoyo de Clip', 0.00, '00:00:00', 0.00, '2025-04-25 16:59:42', '2025-04-25 16:59:42', 1),
(11, 'Destapador', 0.00, '00:00:00', 0.00, '2025-04-25 17:00:26', '2025-04-25 17:00:26', 1),
(12, 'Bandola Plastica', 0.00, '00:00:00', 0.00, '2025-04-25 17:01:19', '2025-04-25 17:01:19', 1),
(13, 'Una Tinta', 0.00, '00:00:00', 0.00, '2025-04-25 17:02:58', '2025-04-25 17:02:58', 1),
(14, 'Dos Tintas', 0.00, '00:00:00', 0.00, '2025-04-25 17:03:16', '2025-04-25 17:03:16', 1),
(15, 'Tres Tintas', 0.00, '00:00:00', 0.00, '2025-04-25 17:03:27', '2025-04-25 17:03:27', 1),
(16, 'Cuatro Tintas', 0.00, '00:00:00', 0.00, '2025-04-25 17:03:39', '2025-04-25 17:03:39', 1),
(17, 'Cinco Tintas', 0.00, '00:00:00', 0.00, '2025-04-25 17:03:49', '2025-04-25 17:03:49', 1),
(18, 'Seis tintas', 0.00, '00:00:00', 0.00, '2025-04-25 17:04:08', '2025-04-25 17:04:08', 1),
(19, 'Antiguo', 0.00, '00:00:00', 0.00, '2025-04-25 17:04:30', '2025-04-25 17:04:30', 1),
(20, 'Brillante', 0.00, '00:00:00', 0.00, '2025-04-25 17:04:43', '2025-04-25 17:04:43', 1),
(21, 'Satinado', 0.00, '00:00:00', 0.00, '2025-04-25 17:04:54', '2025-04-25 17:04:54', 1),
(22, 'Costura', 0.00, '00:00:00', 0.00, '2025-04-25 17:07:55', '2025-04-25 17:08:42', 1),
(23, 'Grapa', 0.00, '00:00:00', 0.00, '2025-04-25 17:08:27', '2025-04-25 17:08:27', 1),
(24, 'Costura con Dobladillo', 0.00, '00:00:00', 0.00, '2025-04-25 17:10:03', '2025-04-25 17:10:03', 1),
(25, 'Pique', 0.00, '00:00:00', 0.00, '2025-04-25 17:10:18', '2025-04-25 17:10:18', 1),
(26, 'Satinada', 0.00, '00:00:00', 0.00, '2025-04-25 17:10:49', '2025-04-25 17:10:49', 1),
(27, 'Calandrada', 0.00, '00:00:00', 0.00, '2025-04-25 17:11:00', '2025-04-25 17:11:00', 1),
(28, 'Barrotada', 0.00, '00:00:00', 0.00, '2025-04-25 17:11:11', '2025-04-25 17:11:11', 1),
(29, 'Popotillo Economico', 0.00, '00:00:00', 0.00, '2025-04-25 17:11:26', '2025-04-25 17:11:26', 1),
(30, 'Mascota', 0.00, '00:00:00', 0.00, '2025-04-25 17:14:46', '2025-04-25 17:14:46', 1),
(31, 'Liston Satin Delgado', 0.00, '00:00:00', 0.00, '2025-04-25 17:15:28', '2025-04-25 17:15:28', 1),
(32, 'Negro', 0.00, '00:00:00', 0.00, '2025-04-25 17:29:09', '2025-04-25 17:29:09', 1),
(33, 'Barril Negro', 0.00, '00:00:00', 0.00, '2025-04-25 17:30:57', '2025-04-25 17:30:57', 1),
(34, 'Barril Blanco', 0.00, '00:00:00', 0.00, '2025-04-25 17:31:09', '2025-04-25 17:31:09', 1),
(35, 'Remache Para Perforación', 0.00, '00:00:00', 0.00, '2025-04-25 17:32:58', '2025-04-25 17:32:58', 1),
(36, 'Broche Rapido', 0.00, '00:00:00', 0.00, '2025-04-25 17:33:36', '2025-04-25 17:33:36', 1),
(37, 'Hebilla Burbuja', 0.00, '00:00:00', 0.00, '2025-04-25 17:34:04', '2025-04-25 17:34:04', 1),
(38, 'Yoyo de Ranura', 0.00, '00:00:00', 0.00, '2025-04-25 17:34:51', '2025-04-25 17:34:51', 1),
(39, '2.5cm', 0.00, '00:00:00', 0.00, '2025-04-25 17:35:46', '2025-04-25 17:35:46', 1),
(40, '3cm', 0.00, '00:00:00', 0.00, '2025-04-25 17:35:58', '2025-04-25 17:35:58', 1),
(41, '3.5cm', 0.00, '00:00:00', 0.00, '2025-04-25 17:36:08', '2025-04-25 17:36:08', 1),
(42, '4cm', 0.00, '00:00:00', 0.00, '2025-04-25 17:36:19', '2025-04-25 17:36:19', 1),
(43, '4.5cm', 0.00, '00:00:00', 0.00, '2025-04-25 17:36:31', '2025-04-25 17:36:31', 1),
(44, '5cm', 0.00, '00:00:00', 0.00, '2025-04-25 17:36:41', '2025-04-25 17:36:41', 1),
(45, '6cm', 0.00, '00:00:00', 0.00, '2025-04-25 17:37:04', '2025-04-25 17:37:04', 1),
(46, '7cm', 0.00, '00:00:00', 0.00, '2025-04-25 17:37:42', '2025-04-25 17:37:42', 1),
(47, '8cm', 0.00, '00:00:00', 0.00, '2025-04-25 17:37:59', '2025-04-25 17:37:59', 1),
(48, '9cm', 0.00, '00:00:00', 0.00, '2025-04-25 17:38:10', '2025-04-25 17:38:17', 1),
(49, '10cm', 0.00, '00:00:00', 0.00, '2025-04-25 17:38:26', '2025-04-25 17:38:26', 1),
(50, '12mm', 0.00, '00:00:00', 0.00, '2025-04-25 17:38:39', '2025-04-25 17:38:39', 1),
(51, '14mm', 0.00, '00:00:00', 0.00, '2025-04-25 17:38:48', '2025-04-25 17:38:48', 1),
(52, '16mm', 0.00, '00:00:00', 0.00, '2025-04-25 17:39:00', '2025-04-25 17:39:00', 1),
(53, '20mm', 0.00, '00:00:00', 0.00, '2025-04-25 17:39:10', '2025-04-25 17:39:10', 1),
(54, '25mm', 0.00, '00:00:00', 0.00, '2025-04-25 17:39:21', '2025-04-25 17:39:21', 1),
(55, '30mm', 0.00, '00:00:00', 0.00, '2025-04-25 17:39:31', '2025-04-25 17:39:31', 1),
(56, '38mm', 0.00, '00:00:00', 0.00, '2025-04-25 17:39:42', '2025-04-25 17:39:42', 1),
(57, '40mm', 0.00, '00:00:00', 0.00, '2025-04-25 17:39:54', '2025-04-25 17:39:54', 1),
(58, '50mm', 0.00, '00:00:00', 0.00, '2025-04-25 17:40:03', '2025-04-25 17:40:03', 1),
(59, 'Tyvek', 0.00, '00:00:00', 0.00, '2025-04-25 17:41:04', '2025-04-25 17:41:04', 1),
(60, 'Una Cara', 0.00, '00:00:00', 0.00, '2025-04-25 17:41:43', '2025-04-25 17:41:43', 1),
(61, 'Dos Caras', 0.00, '00:00:00', 0.00, '2025-04-25 17:41:53', '2025-04-25 17:41:53', 1),
(62, 'Crochet', 0.00, '00:00:00', 0.00, '2025-04-25 17:44:52', '2025-04-25 17:44:52', 1),
(63, 'Telar', 0.00, '00:00:00', 0.00, '2025-04-25 17:45:02', '2025-04-25 17:45:02', 1),
(64, 'Telar Spandex', 0.00, '00:00:00', 0.00, '2025-04-25 17:45:17', '2025-04-25 17:45:37', 1),
(65, 'Jareta Simple', 0.00, '00:00:00', 0.00, '2025-04-25 17:56:05', '2025-04-25 17:56:05', 1),
(66, 'Jareta doble', 0.00, '00:00:00', 0.00, '2025-04-25 17:56:22', '2025-04-25 17:56:22', 1),
(67, 'Cortado', 0.00, '00:00:00', 0.00, '2025-04-25 18:08:57', '2025-04-25 18:08:57', 1),
(68, 'PVC', 0.00, '00:00:00', 0.00, '2025-04-25 18:14:54', '2025-04-25 18:14:54', 1),
(69, 'Credencial', 0.00, '00:00:00', 0.00, '2025-04-25 18:15:09', '2025-04-25 18:15:09', 1),
(70, 'Portacredencial', 0.00, '00:00:00', 0.00, '2025-04-25 18:15:21', '2025-04-25 18:15:21', 1),
(71, 'Continuo', 0.00, '00:00:00', 0.00, '2025-04-25 18:19:25', '2025-04-25 18:19:25', 1),
(72, 'Costura en V con Argolla y Mosqueton', 0.00, '00:00:00', 0.00, '2025-04-25 18:26:18', '2025-04-25 18:26:18', 1),
(73, 'Costura en V con Argolla ', 0.00, '00:00:00', 0.00, '2025-04-25 18:26:30', '2025-04-25 18:26:30', 1),
(74, 'Costura en Medalla', 0.00, '00:00:00', 0.00, '2025-04-25 18:27:15', '2025-04-25 18:27:15', 1),
(75, 'Rollo 50 Mts', 0.00, '00:00:00', 0.00, '2025-05-06 15:40:24', '2025-05-06 15:40:24', 1),
(76, 'Sin Impresión', 0.00, '00:00:00', 0.00, '2025-05-06 15:42:38', '2025-05-06 15:42:38', 1),
(77, 'Bombai', 0.00, '00:00:00', 0.00, '2025-05-06 15:43:52', '2025-05-06 15:43:52', 1),
(78, 'Grecia', 0.00, '00:00:00', 0.00, '2025-05-06 15:44:02', '2025-05-06 15:44:02', 1),
(79, 'Dallas', 0.00, '00:00:00', 0.00, '2025-05-06 15:44:14', '2025-05-06 15:44:14', 1),
(80, 'Tacto Algodon', 0.00, '00:00:00', 0.00, '2025-05-06 15:44:25', '2025-05-06 15:44:25', 1),
(81, 'Cuello Redondo', 0.00, '00:00:00', 0.00, '2025-05-06 15:52:36', '2025-05-06 15:52:36', 1),
(82, 'Cuello V', 0.00, '00:00:00', 0.00, '2025-05-06 15:52:49', '2025-05-06 15:52:49', 1);



INSERT INTO `productos` (`id`, `categoria_id`, `nombre`, `dias_produccion`, `flag_armado`, `created_at`, `updated_at`, `ind_activo`) VALUES
(1, 11, 'Pulsera para Evento', 3, 1, '2025-04-25 18:10:48', '2025-04-25 18:11:01', 1),
(2, 8, 'Cinta Para Medalla', 2, 1, '2025-04-25 18:31:34', '2025-04-25 18:35:55', 1),
(3, 8, 'Cinta para Portagafete', 2, 0, '2025-04-25 18:35:30', '2025-05-06 16:06:12', 1),
(4, 9, 'Portagafete Con Broche de Seguridad', 7, 0, '2025-05-06 16:10:23', '2025-05-06 16:18:27', 1),
(5, 9, 'Portagafete Standard', 7, 0, '2025-05-06 16:11:37', '2025-05-06 16:18:19', 1),
(6, 9, 'Portagafete Doble Bandola', 7, 0, '2025-05-06 16:12:50', '2025-05-06 16:18:34', 1),
(7, 9, 'Portagafete Doble Bandola y Broche de Seguridad', 7, 0, '2025-05-06 16:13:28', '2025-05-06 16:18:40', 1),
(8, 9, 'Portagafete con Broche Seguridad y Hebilla Frontal', 7, 0, '2025-05-06 16:19:47', '2025-05-06 16:19:47', 1),
(9, 9, 'Portagafete con Yoyo', 7, 0, '2025-05-06 16:23:12', '2025-05-06 16:25:27', 1),
(10, 9, 'Portagafete con Hebilla Frontal y Herraje Adicional', 7, 0, '2025-05-06 16:31:35', '2025-05-06 16:31:35', 1),
(11, 9, 'Portagafete Standard con Herraje Adicional', 7, 0, '2025-05-06 16:35:35', '2025-05-06 16:37:09', 1),
(12, 9, 'Portagafete con Hebilla Frontal Broche de Seguridad y  Herraje Adicional', 7, 0, '2025-05-06 16:37:03', '2025-05-06 16:37:03', 1),
(13, 1, 'Playera Manga Corta', 12, 0, '2025-05-06 16:43:13', '2025-05-06 16:43:13', 1),
(14, 9, 'Portagafete Doble Capa Broche de Seguridad y Herraje Extra', 10, 0, '2025-05-06 17:20:13', '2025-05-06 17:20:13', 1);



INSERT INTO `producto_caracteristica` (`id`, `producto_id`, `caracteristica_id`, `flag_armado`, `created_at`, `updated_at`) VALUES
(9, 1, 2, 1, NULL, NULL),
(10, 1, 3, 1, NULL, NULL),
(11, 1, 5, 1, NULL, NULL),
(12, 1, 10, 1, NULL, NULL),
(13, 1, 2, 0, NULL, NULL),
(14, 1, 3, 0, NULL, NULL),
(15, 1, 5, 0, NULL, NULL),
(16, 1, 11, 0, NULL, NULL),
(25, 2, 2, 1, NULL, NULL),
(26, 2, 3, 1, NULL, NULL),
(27, 2, 5, 1, NULL, NULL),
(28, 2, 20, 1, NULL, NULL),
(29, 2, 2, 0, NULL, NULL),
(30, 2, 3, 0, NULL, NULL),
(31, 2, 5, 0, NULL, NULL),
(32, 2, 19, 0, NULL, NULL),
(33, 3, 2, 1, NULL, NULL),
(34, 3, 3, 1, NULL, NULL),
(35, 3, 5, 1, NULL, NULL),
(36, 3, 19, 1, NULL, NULL),
(37, 3, 2, 0, NULL, NULL),
(38, 3, 3, 0, NULL, NULL),
(39, 3, 5, 0, NULL, NULL),
(40, 3, 19, 0, NULL, NULL),
(63, 5, 2, 1, NULL, NULL),
(64, 5, 3, 1, NULL, NULL),
(65, 5, 5, 1, NULL, NULL),
(66, 5, 9, 1, NULL, NULL),
(67, 5, 11, 1, NULL, NULL),
(68, 4, 2, 1, NULL, NULL),
(69, 4, 3, 1, NULL, NULL),
(70, 4, 5, 1, NULL, NULL),
(71, 4, 8, 1, NULL, NULL),
(72, 4, 9, 1, NULL, NULL),
(73, 4, 11, 1, NULL, NULL),
(74, 6, 2, 1, NULL, NULL),
(75, 6, 3, 1, NULL, NULL),
(76, 6, 5, 1, NULL, NULL),
(77, 6, 11, 1, NULL, NULL),
(78, 6, 13, 1, NULL, NULL),
(79, 7, 2, 1, NULL, NULL),
(80, 7, 3, 1, NULL, NULL),
(81, 7, 5, 1, NULL, NULL),
(82, 7, 8, 1, NULL, NULL),
(83, 7, 11, 1, NULL, NULL),
(84, 7, 13, 1, NULL, NULL),
(85, 8, 2, 1, NULL, NULL),
(86, 8, 3, 1, NULL, NULL),
(87, 8, 5, 1, NULL, NULL),
(88, 8, 7, 1, NULL, NULL),
(89, 8, 8, 1, NULL, NULL),
(90, 8, 9, 1, NULL, NULL),
(91, 8, 11, 1, NULL, NULL),
(97, 9, 2, 1, NULL, NULL),
(98, 9, 3, 1, NULL, NULL),
(99, 9, 11, 1, NULL, NULL),
(100, 9, 22, 1, NULL, NULL),
(101, 9, 23, 1, NULL, NULL),
(102, 10, 2, 1, NULL, NULL),
(103, 10, 3, 1, NULL, NULL),
(104, 10, 5, 1, NULL, NULL),
(105, 10, 7, 1, NULL, NULL),
(106, 10, 9, 1, NULL, NULL),
(107, 10, 11, 1, NULL, NULL),
(108, 10, 14, 1, NULL, NULL),
(121, 12, 2, 1, NULL, NULL),
(122, 12, 3, 1, NULL, NULL),
(123, 12, 5, 1, NULL, NULL),
(124, 12, 7, 1, NULL, NULL),
(125, 12, 8, 1, NULL, NULL),
(126, 12, 11, 1, NULL, NULL),
(127, 12, 14, 1, NULL, NULL),
(128, 11, 2, 1, NULL, NULL),
(129, 11, 3, 1, NULL, NULL),
(130, 11, 5, 1, NULL, NULL),
(131, 11, 9, 1, NULL, NULL),
(132, 11, 11, 1, NULL, NULL),
(133, 11, 14, 1, NULL, NULL),
(134, 13, 1, 1, NULL, NULL),
(135, 13, 21, 1, NULL, NULL),
(136, 14, 3, 1, NULL, NULL),
(137, 14, 8, 1, NULL, NULL),
(138, 14, 9, 1, NULL, NULL),
(139, 14, 14, 1, NULL, NULL),
(140, 14, 24, 1, NULL, NULL),
(141, 14, 25, 1, NULL, NULL),
(142, 14, 26, 1, NULL, NULL),
(143, 14, 27, 1, NULL, NULL);



INSERT INTO `producto_grupo_talla` (`id`, `producto_id`, `grupo_talla_id`, `created_at`, `updated_at`) VALUES
(1, 13, 1, NULL, NULL),
(2, 13, 2, NULL, NULL);

-- --------------------------------------------------------


INSERT INTO `tallas` (`id`, `nombre`, `descripcion`, `created_at`, `updated_at`, `ind_activo`) VALUES
(1, 'XS', 'Extra pequeño, ideal para cuerpos muy delgados.', '2025-04-25 15:30:18', '2025-04-25 15:30:18', 1),
(2, 'S', 'Pequeño, adecuado para cuerpos delgados.', '2025-04-25 15:30:18', '2025-04-25 15:30:18', 1),
(3, 'M', 'Mediano, la talla estándar para la mayoría.', '2025-04-25 15:30:18', '2025-04-25 15:30:18', 1),
(4, 'L', 'Grande, para quienes necesitan un poco más de espacio.', '2025-04-25 15:30:18', '2025-04-25 15:30:18', 1),
(5, 'XL', 'Extra grande, diseñado para mayor comodidad.', '2025-04-25 15:30:18', '2025-04-25 15:30:18', 1),
(6, 'XXL', 'Doble extra grande, para cuerpos más amplios.', '2025-04-25 15:30:18', '2025-04-25 15:30:18', 1),
(7, 'XXXL', 'Tripe Extra Grande', '2025-05-06 16:39:23', '2025-05-06 16:39:23', 1);
