

REPLACE INTO `archivos_proyecto` (`id`, `proyecto_id`, `pre_proyecto_id`, `nombre_archivo`, `ruta_archivo`, `tipo_archivo`, `tipo_carga`, `flag_descarga`, `version`, `fecha_subida`, `usuario_id`, `created_at`, `updated_at`, `descripcion`) VALUES
(1, 1, NULL, 'llaves.zip', 'archivos_proyectos/CjGlD5FmYVThCNwbLr62PdmIJM4hQvYUFLb28xbC.zip', 'application/octet-stream', 2, 0, 1, '2025-06-10 17:30:39', 2, '2025-06-10 17:30:39', '2025-06-10 17:31:03', 'test'),
(2, 3, NULL, 'cv-Josue-cardona.pdf', 'archivos_proyectos/du3oFmsXI1nNIE86wneN1N4nrdGH2Hyj1QLyOwzX.pdf', 'application/octet-stream', 2, 0, 1, '2025-06-10 21:00:06', 2, '2025-06-10 21:00:06', '2025-06-12 19:36:01', 'test'),
(3, 2, NULL, 'cv-Josue-cardona.pdf', 'archivos_proyectos/A2M3b1H08kmm6aNy54wrZqUPSinD2IgUlyqsaNj5.pdf', 'application/octet-stream', 1, 0, 1, '2025-06-10 21:24:32', 2, '2025-06-10 21:24:32', '2025-06-10 21:24:53', ''),
(5, 1, NULL, 'liston-amarillo-perico-2la-1024x655.jpg', 'disenos/28WjZdW96bLev9GhwiYC8d0fbraD2UeK5gXbwXSl.jpg', 'application/octet-stream', 1, 0, 1, '2025-06-10 22:18:23', 2, '2025-06-10 22:18:23', '2025-06-10 22:18:23', 'Test archivo\n'),
(6, 2, NULL, 'liston-amarillo-perico-2la-1024x655.jpg', 'disenos/G5cR0Wv4lK7miJxesmYu5vgFrxE5ZUoFnA1UGC2A.jpg', 'application/octet-stream', 1, 0, 1, '2025-06-11 16:21:04', 2, '2025-06-11 16:21:04', '2025-06-11 16:21:04', 'test'),
(7, 2, NULL, '3SapUZhgt0WLRA2dWwPF1SK7Y72gMT5oGEJB0lsc.jpg', 'disenos/0tfr5syuqw1ZIEQd2rXdD56TfCogYPH2d7hEHro5.jpg', 'application/octet-stream', 1, 0, 1, '2025-06-11 21:50:15', 2, '2025-06-11 21:50:15', '2025-06-11 21:50:15', 'test file'),
(8, 2, NULL, '3SapUZhgt0WLRA2dWwPF1SK7Y72gMT5oGEJB0lsc.jpg', 'disenos/k9VHJnNDrLwWemzJ2j6EAJEJPNETdNcOhfCzG6oi.jpg', 'application/octet-stream', 1, 0, 1, '2025-06-11 21:50:20', 2, '2025-06-11 21:50:20', '2025-06-11 21:50:20', 'test file'),
(9, 2, NULL, '3SapUZhgt0WLRA2dWwPF1SK7Y72gMT5oGEJB0lsc.jpg', 'disenos/qGRG7pVCn2cPJ3QqBh5VMVGK4xhDoRlaYCFYV2EW.jpg', 'application/octet-stream', 1, 0, 1, '2025-06-11 21:50:32', 2, '2025-06-11 21:50:32', '2025-06-11 21:50:32', 'test file'),
(10, 2, NULL, 'liston-amarillo-perico-2la-1024x655.jpg', 'disenos/6DspKJ9O90mEi5sHbPtIxr3TtNR8NllmMDDIaA9x.jpg', 'application/octet-stream', 1, 0, 1, '2025-06-11 22:35:00', 2, '2025-06-11 22:35:00', '2025-06-11 22:35:00', 'test'),
(11, 2, NULL, '3SapUZhgt0WLRA2dWwPF1SK7Y72gMT5oGEJB0lsc.jpg', 'disenos/oZuKsJ8ezqHuIQWg4gV4A1kGtcHhssTFgpWfdTf3.jpg', 'application/octet-stream', 1, 0, 1, '2025-06-11 22:45:45', 2, '2025-06-11 22:45:45', '2025-06-11 22:45:45', 'test desc row test'),
(12, 3, NULL, 'image_0.jpg', 'proyectos/3/dl1bllT3wjOy1490Nwy0C93NRDRYlN2WQqpdEGbO.jpg', '1', 1, 0, 1, '2025-06-13 17:16:22', 2, '2025-06-13 17:16:22', '2025-06-13 17:16:22', NULL),
(13, 2, NULL, 'image_0.jpg', 'disenos/qWPDcRStyKOQ8na4eZKxYx7exT2YHPsBuDABHDta.jpg', 'application/octet-stream', 1, 0, 1, '2025-06-13 17:19:06', 2, '2025-06-13 17:19:06', '2025-06-13 17:19:06', 'test info '),
(15, 4, NULL, 'Cat playera.jpg', 'archivos_proyectos/AkuTOmj4SmI1JHt5Qa1O924Vnj3dq0qrQW3aqS5J.jpg', 'application/octet-stream', 1, 0, 1, '2025-06-13 21:51:36', 2, '2025-06-13 21:51:36', '2025-06-13 21:51:47', ''),
(16, 5, NULL, '3SapUZhgt0WLRA2dWwPF1SK7Y72gMT5oGEJB0lsc.jpg', 'disenos/pk2VkPB4VXPDvgq4cYz2qmH93iY3OIn6UyKeb4Fk.jpg', 'application/octet-stream', 1, 0, 1, '2025-06-16 15:37:07', 2, '2025-06-16 15:37:07', '2025-06-16 15:37:07', 'Arachivo de diseño A'),
(17, 2, NULL, 'liston-amarillo-perico-2la-1024x655.jpg', 'disenos/e5GGX3Cv1a4oqcksqzOyT95azPSlcTinbhz6y18j.jpg', 'application/octet-stream', 1, 0, 1, '2025-06-16 18:45:36', 2, '2025-06-16 18:45:36', '2025-06-16 18:45:36', 'Test archvio liston amarillo '),
(18, 6, NULL, 'Carta Poder.pdf', 'archivos_proyectos/c1Ki7hZ2ys5OkLrtFPIWTD9ob2JKnskesFC6YuNr.pdf', 'application/octet-stream', 2, 0, 1, '2025-06-17 17:23:26', 55, '2025-06-17 17:23:26', '2025-06-17 17:24:33', 'Carta Poder'),
(19, 6, NULL, '3SapUZhgt0WLRA2dWwPF1SK7Y72gMT5oGEJB0lsc.jpg', 'disenos/AKfEauhn1eqcMw3VFB4zicQ0tSlXuih6HJArO3Gg.jpg', 'application/octet-stream', 1, 0, 1, '2025-06-17 17:54:50', 13, '2025-06-17 17:54:50', '2025-06-17 17:54:50', 'Carga de archivos subir dsn'),
(20, 6, NULL, 'liston-amarillo-perico-2la-1024x655.jpg', 'disenos/5LE4xq07lluf93hgKQoIwCRVQV0I326FIQ0gTUU3.jpg', 'application/octet-stream', 1, 0, 1, '2025-06-17 18:02:38', 13, '2025-06-17 18:02:38', '2025-06-17 18:02:38', 'Nuevo diseño con mayor definición '),
(21, 6, NULL, 'liston-amarillo-perico-2la-1024x655.jpg', 'proyectos/6/0VeSMRvVVy0TrzLxHR11ArwYzKRvC5NgynNRajDQ.jpg', '1', 1, 0, 1, '2025-06-18 17:34:10', 2, '2025-06-18 15:34:10', '2025-06-18 15:34:10', NULL),
(22, 5, NULL, '3SapUZhgt0WLRA2dWwPF1SK7Y72gMT5oGEJB0lsc.jpg', 'proyectos/5/eUnURdy7pXBMofLAoFGENnq15y8zURChRWpmG9xw.jpg', '1', 1, 0, 1, '2025-06-18 17:35:02', 2, '2025-06-18 15:35:02', '2025-06-18 15:35:02', NULL),
(23, 1, NULL, '3SapUZhgt0WLRA2dWwPF1SK7Y72gMT5oGEJB0lsc.jpg', 'proyectos/1/tF8ZzVP1ug26zEOkQT43F5ckm0iACMIYDSAso7bQ.jpg', '1', 1, 0, 1, '2025-06-18 17:43:27', 2, '2025-06-18 15:43:27', '2025-06-18 15:43:27', NULL),
(24, 7, NULL, '3SapUZhgt0WLRA2dWwPF1SK7Y72gMT5oGEJB0lsc.jpg', 'disenos/3gLpXGmrz22zw9uOPzZg9xQu4BofGuVyS372WDts.jpg', 'application/octet-stream', 1, 0, 1, '2025-06-18 18:57:28', 12, '2025-06-18 16:57:28', '2025-06-18 16:57:28', 'Se carga el archivo de diseño A'),
(25, 8, NULL, 'cv-Josue-cardona.pdf', 'archivos_proyectos/pgWOvnLO5tXpWAUaf3mmexuhULYlcwA87fVrlVeM.pdf', 'application/octet-stream', 2, 0, 1, '2025-06-18 19:06:04', 18, '2025-06-18 17:06:04', '2025-06-18 17:06:46', 'Testr'),
(26, 7, NULL, 'liston-amarillo-perico-2la-1024x655.jpg', 'disenos/7CPs6eWAVNukQhUFGIlF13aTXs8SVUailjShpx0R.jpg', 'application/octet-stream', 1, 0, 1, '2025-06-18 19:16:29', 12, '2025-06-18 17:16:29', '2025-06-18 17:16:29', 'test'),
(27, 8, NULL, '3SapUZhgt0WLRA2dWwPF1SK7Y72gMT5oGEJB0lsc.jpg', 'disenos/7LcB0UjF2aP72w46rFO8L3ZD0OL2WyssCF0slt0v.jpg', 'application/octet-stream', 1, 0, 1, '2025-06-18 19:16:48', 12, '2025-06-18 17:16:48', '2025-06-18 17:16:48', 'test inicial '),
(28, 9, NULL, '3SapUZhgt0WLRA2dWwPF1SK7Y72gMT5oGEJB0lsc.jpg', 'disenos/Ls0JL029VSpy7wwExCF1G9vPehqwfLOdIwlj8YDT.jpg', 'application/octet-stream', 1, 0, 1, '2025-06-18 19:30:37', 13, '2025-06-18 17:30:37', '2025-06-18 17:30:37', 'Tesst carga img dise;o prueba a'),
(29, 10, NULL, '3SapUZhgt0WLRA2dWwPF1SK7Y72gMT5oGEJB0lsc.jpg', 'archivos_proyectos/HswdH8YVPGxJKuoRFKgCReenQVUS5YCrLgeCkGHr.jpg', 'application/octet-stream', 2, 0, 1, '2025-06-18 19:36:39', 2, '2025-06-18 17:36:39', '2025-06-18 17:36:49', 'test'),
(30, 10, NULL, 'liston-amarillo-perico-2la-1024x655.jpg', 'disenos/CiFc6Zqmjb8mcvYJR8jwh3R1YKmwppYkR4nhoRmt.jpg', 'application/octet-stream', 1, 0, 1, '2025-06-18 19:38:07', 12, '2025-06-18 17:38:07', '2025-06-18 17:38:07', 'test test test test test test test test test test test test'),
(31, 11, NULL, 'Liston Campeonato estatal.pdf', 'archivos_proyectos/waYaWSGu3TDkLOMHfSFhABwmSCFmTPG8W2MWYFsD.pdf', 'application/octet-stream', 2, 0, 1, '2025-06-19 22:12:00', 61, '2025-06-19 20:12:00', '2025-06-19 20:14:00', 'Diseño del Cliente'),
(32, 11, NULL, '52550-Campeonato-Estatal-Quintana-Roo.jpg', 'disenos/z7FDVsCyrrgtrEnr4Euf22Jp1GLc6VZ9pkabpXJ8.jpg', 'application/octet-stream', 1, 0, 1, '2025-06-19 22:38:39', 12, '2025-06-19 20:38:39', '2025-06-19 20:38:39', 'V1'),
(33, 11, NULL, '52550-Campeonato-Estatal-Quintana-Roo.jpg', 'disenos/yv6ZhpYalrwcrXzgvMwHkAvGRpw4xnw98OUPsaT7.jpg', 'application/octet-stream', 1, 0, 1, '2025-06-19 22:56:03', 12, '2025-06-19 20:56:03', '2025-06-19 20:56:03', 'V2'),
(34, 12, NULL, 'liston-amarillo-perico-2la-1024x655.zip', 'archivos_proyectos/sluLXc3RUzCoZ57MDGTYQxFr0KfABg5fm8Ua6kqt.zip', 'application/octet-stream', 2, 1, 0, '2025-06-30 16:56:15', 2, '2025-06-30 14:56:15', '2025-06-30 16:45:54', ''),
(35, 1, NULL, 'yv6ZhpYalrwcrXzgvMwHkAvGRpw4xnw98OUPsaT7.jpg', 'proyectos/1/0N49causyDNRriHBaltnloeQqZOZRjegfZGKsIZY.jpg', '1', 1, 0, 0, '2025-06-30 17:08:40', 2, '2025-06-30 15:08:40', '2025-06-30 15:08:40', NULL),
(36, 1, NULL, 'GqRV4vMXgAAAPrw.jpeg', 'proyectos/1/MR9p8zuhaNaPGvy3kZnONt5H0y4CGK0IrSW2ZsDD.jpg', '1', 1, 0, 4, '2025-06-30 20:44:30', 2, '2025-06-30 18:44:30', '2025-06-30 18:44:30', NULL);

--
-- Volcado de datos para la tabla `caracteristicas`
--

REPLACE INTO `caracteristicas` (`id`, `nombre`, `flag_seleccion_multiple`, `created_at`, `updated_at`, `ind_activo`) VALUES
(1, 'Tipo de Tela', 0, '2025-04-25 22:33:14', '2025-04-25 23:43:57', 1),
(2, 'Tipo de Cinta', 0, '2025-04-25 22:33:27', '2025-04-25 23:43:50', 1),
(3, 'Impresion', 0, '2025-04-25 22:34:21', '2025-05-06 21:42:47', 1),
(4, 'Material', 0, '2025-04-25 22:34:46', '2025-04-25 23:43:32', 1),
(5, 'Medida', 0, '2025-04-25 22:36:14', '2025-04-25 23:43:23', 1),
(6, 'Tamaño', 0, '2025-04-25 22:36:33', '2025-04-25 23:43:17', 1),
(7, 'Hebilla Frontal', 0, '2025-04-25 22:37:19', '2025-04-25 23:43:07', 1),
(8, 'Broche de Seguridad', 0, '2025-04-25 22:37:46', '2025-04-25 23:42:59', 1),
(9, 'Herraje', 0, '2025-04-25 22:38:23', '2025-05-06 22:22:05', 1),
(10, 'Broche Inviolable', 0, '2025-04-25 22:38:46', '2025-04-25 23:42:39', 1),
(11, 'Terminado', 0, '2025-04-25 22:40:52', '2025-04-26 00:17:59', 1),
(12, 'Acabado', 0, '2025-04-25 22:41:02', '2025-04-25 23:42:32', 1),
(13, 'Herraje Doble', 0, '2025-04-25 22:45:50', '2025-04-25 23:42:22', 1),
(14, 'Herraje Extra', 0, '2025-04-25 22:56:05', '2025-04-25 23:42:16', 1),
(15, 'Pintada', 0, '2025-04-25 23:02:44', '2025-04-25 23:42:10', 1),
(16, 'Elastico', 0, '2025-04-25 23:44:28', '2025-04-25 23:45:51', 1),
(17, 'Jareta', 0, '2025-04-25 23:55:39', '2025-04-25 23:56:28', 1),
(18, 'Materiales', 0, '2025-04-26 00:16:59', '2025-04-26 00:16:59', 1),
(19, 'Presentación', 0, '2025-04-26 00:19:47', '2025-04-26 00:19:47', 1),
(20, 'Armado', 0, '2025-04-26 00:25:50', '2025-04-26 00:25:50', 1),
(21, 'Tipo de Cuello', 0, '2025-05-06 21:53:22', '2025-05-06 21:53:22', 1),
(22, 'Yoyo Personalisado', 0, '2025-05-06 22:22:44', '2025-05-06 22:22:44', 1),
(23, 'Medida Yoyo', 0, '2025-05-06 22:24:46', '2025-05-06 22:24:46', 1),
(24, 'Tipo Cinta Superior', 0, '2025-05-06 23:09:48', '2025-05-06 23:10:09', 1),
(25, 'Medida Cinta Superior', 0, '2025-05-06 23:10:57', '2025-05-06 23:10:57', 1),
(26, 'Medida Cinta Inferior', 0, '2025-05-06 23:11:14', '2025-05-06 23:11:14', 1),
(27, 'Tipo Cinta Inferior', 0, '2025-05-06 23:11:35', '2025-05-06 23:11:35', 1);

--
-- Volcado de datos para la tabla `caracteristica_opcion`
--

REPLACE INTO `caracteristica_opcion` (`id`, `caracteristica_id`, `opcion_id`, `created_at`, `updated_at`) VALUES
(14, 9, 2, NULL, NULL),
(15, 13, 2, NULL, NULL),
(16, 9, 3, NULL, NULL),
(17, 13, 3, NULL, NULL),
(18, 9, 5, NULL, NULL),
(19, 13, 5, NULL, NULL),
(20, 9, 7, NULL, NULL),
(21, 13, 7, NULL, NULL),
(23, 14, 8, NULL, NULL),
(24, 14, 9, NULL, NULL),
(25, 14, 10, NULL, NULL),
(26, 9, 10, NULL, NULL),
(27, 14, 11, NULL, NULL),
(28, 9, 12, NULL, NULL),
(29, 13, 12, NULL, NULL),
(31, 15, 13, NULL, NULL),
(32, 15, 14, NULL, NULL),
(33, 15, 15, NULL, NULL),
(34, 15, 16, NULL, NULL),
(35, 15, 18, NULL, NULL),
(36, 12, 19, NULL, NULL),
(37, 12, 20, NULL, NULL),
(38, 12, 21, NULL, NULL),
(39, 11, 22, NULL, NULL),
(40, 11, 23, NULL, NULL),
(41, 11, 24, NULL, NULL),
(42, 1, 25, NULL, NULL),
(43, 2, 26, NULL, NULL),
(44, 2, 27, NULL, NULL),
(45, 2, 28, NULL, NULL),
(46, 2, 29, NULL, NULL),
(47, 2, 30, NULL, NULL),
(48, 2, 31, NULL, NULL),
(49, 12, 32, NULL, NULL),
(50, 10, 33, NULL, NULL),
(51, 10, 34, NULL, NULL),
(52, 10, 35, NULL, NULL),
(53, 8, 36, NULL, NULL),
(54, 7, 37, NULL, NULL),
(56, 6, 39, NULL, NULL),
(57, 6, 40, NULL, NULL),
(58, 6, 41, NULL, NULL),
(59, 6, 42, NULL, NULL),
(60, 6, 43, NULL, NULL),
(61, 6, 44, NULL, NULL),
(62, 6, 45, NULL, NULL),
(63, 6, 46, NULL, NULL),
(64, 6, 47, NULL, NULL),
(65, 6, 48, NULL, NULL),
(66, 6, 49, NULL, NULL),
(67, 5, 50, NULL, NULL),
(68, 5, 51, NULL, NULL),
(69, 5, 52, NULL, NULL),
(70, 5, 53, NULL, NULL),
(71, 5, 54, NULL, NULL),
(72, 5, 55, NULL, NULL),
(73, 5, 56, NULL, NULL),
(74, 5, 57, NULL, NULL),
(75, 5, 58, NULL, NULL),
(76, 4, 59, NULL, NULL),
(77, 3, 60, NULL, NULL),
(78, 3, 61, NULL, NULL),
(80, 16, 62, NULL, NULL),
(81, 16, 63, NULL, NULL),
(82, 16, 64, NULL, NULL),
(84, 17, 65, NULL, NULL),
(85, 17, 66, NULL, NULL),
(87, 18, 68, NULL, NULL),
(88, 18, 69, NULL, NULL),
(89, 18, 70, NULL, NULL),
(90, 19, 67, NULL, NULL),
(91, 19, 71, NULL, NULL),
(92, 20, 1, NULL, NULL),
(93, 20, 72, NULL, NULL),
(94, 20, 73, NULL, NULL),
(95, 20, 74, NULL, NULL),
(96, 19, 75, NULL, NULL),
(97, 3, 76, NULL, NULL),
(98, 1, 77, NULL, NULL),
(99, 1, 78, NULL, NULL),
(100, 1, 79, NULL, NULL),
(101, 1, 80, NULL, NULL),
(102, 21, 81, NULL, NULL),
(103, 21, 82, NULL, NULL),
(104, 22, 38, NULL, NULL),
(105, 23, 53, NULL, NULL),
(107, 24, 29, NULL, NULL),
(108, 24, 26, NULL, NULL),
(109, 25, 53, NULL, NULL),
(110, 26, 54, NULL, NULL),
(111, 27, 26, NULL, NULL),
(112, 27, 29, NULL, NULL);

--
-- Volcado de datos para la tabla `categorias`
--

REPLACE INTO `categorias` (`id`, `nombre`, `created_at`, `updated_at`, `flag_tallas`, `ind_activo`) VALUES
(1, 'Playera', '2025-04-25 21:51:01', '2025-05-06 22:42:27', 1, 1),
(2, 'Jersey', '2025-04-25 21:51:55', '2025-04-25 22:09:02', 1, 1),
(3, 'Polo', '2025-04-25 21:52:15', '2025-04-25 22:09:05', 1, 1),
(4, 'Chamarra', '2025-04-25 21:52:26', '2025-04-25 22:09:08', 1, 1),
(5, 'Tank Top', '2025-04-25 21:52:40', '2025-04-25 22:09:11', 1, 1),
(6, 'Bandana', '2025-04-25 22:02:34', '2025-04-25 22:02:34', 0, 1),
(7, 'Portanumero', '2025-04-25 22:03:07', '2025-04-25 22:03:07', 0, 1),
(8, 'Cinta Sublimada', '2025-04-25 22:04:21', '2025-04-26 00:33:49', 0, 1),
(9, 'Portagafete', '2025-04-25 22:04:33', '2025-05-06 23:13:12', 0, 1),
(10, 'Otras Cintas y Listones', '2025-04-25 22:08:16', '2025-05-06 21:45:20', 0, 1),
(11, 'Pulseras', '2025-04-25 22:16:37', '2025-04-26 00:06:16', 0, 1),
(12, 'Medallas y Fundicion Varios', '2025-04-25 22:18:39', '2025-04-26 00:01:18', 0, 1),
(13, 'Gorras', '2025-04-25 22:19:19', '2025-04-25 22:19:19', 0, 1),
(14, 'Morrales', '2025-04-25 22:20:03', '2025-04-25 23:56:42', 0, 1),
(15, 'Tarjetas y Tags', '2025-04-25 22:21:17', '2025-05-06 21:41:39', 0, 1),
(16, 'Numeros de Competidor', '2025-04-25 22:21:28', '2025-04-25 23:54:11', 0, 1),
(17, 'Textil Cortado Varios', '2025-04-25 22:31:53', '2025-04-25 23:53:15', 0, 1);

--
-- Volcado de datos para la tabla `categoria_caracteristica`
--

REPLACE INTO `categoria_caracteristica` (`id`, `categoria_id`, `caracteristica_id`, `created_at`, `updated_at`) VALUES
(1, 17, 1, NULL, NULL),
(2, 16, 4, NULL, NULL),
(3, 14, 1, NULL, NULL),
(4, 14, 17, NULL, NULL),
(5, 12, 5, NULL, NULL),
(6, 12, 12, NULL, NULL),
(7, 12, 15, NULL, NULL),
(8, 11, 2, NULL, NULL),
(9, 11, 3, NULL, NULL),
(10, 11, 5, NULL, NULL),
(11, 11, 10, NULL, NULL),
(12, 11, 11, NULL, NULL),
(13, 8, 2, NULL, NULL),
(14, 8, 3, NULL, NULL),
(15, 8, 5, NULL, NULL),
(16, 8, 19, NULL, NULL),
(17, 8, 20, NULL, NULL),
(18, 15, 18, NULL, NULL),
(19, 15, 3, NULL, NULL),
(20, 10, 3, NULL, NULL),
(21, 10, 4, NULL, NULL),
(22, 10, 5, NULL, NULL),
(23, 10, 19, NULL, NULL),
(24, 9, 2, NULL, NULL),
(25, 9, 3, NULL, NULL),
(26, 9, 5, NULL, NULL),
(27, 9, 7, NULL, NULL),
(28, 9, 8, NULL, NULL),
(29, 9, 9, NULL, NULL),
(30, 9, 10, NULL, NULL),
(31, 9, 13, NULL, NULL),
(32, 9, 14, NULL, NULL),
(33, 1, 1, NULL, NULL),
(34, 9, 11, NULL, NULL),
(35, 9, 22, NULL, NULL),
(36, 9, 23, NULL, NULL),
(37, 1, 21, NULL, NULL),
(38, 9, 24, NULL, NULL),
(39, 9, 25, NULL, NULL),
(40, 9, 26, NULL, NULL),
(41, 9, 27, NULL, NULL);

--
-- Volcado de datos para la tabla `chats`
--

REPLACE INTO `chats` (`id`, `proyecto_id`, `fecha_creacion`, `created_at`, `updated_at`) VALUES
(1, 1, '2025-06-10 17:31:03', '2025-06-10 17:31:03', '2025-06-10 17:31:03'),
(2, 2, '2025-06-10 21:24:53', '2025-06-10 21:24:53', '2025-06-10 21:24:53'),
(3, 3, '2025-06-12 19:36:01', '2025-06-12 19:36:01', '2025-06-12 19:36:01'),
(4, 4, '2025-06-13 21:51:47', '2025-06-13 21:51:47', '2025-06-13 21:51:47'),
(5, 5, '2025-06-13 22:20:53', '2025-06-13 22:20:53', '2025-06-13 22:20:53'),
(6, 6, '2025-06-17 17:24:33', '2025-06-17 17:24:33', '2025-06-17 17:24:33'),
(7, 7, '2025-06-18 18:52:23', '2025-06-18 16:52:23', '2025-06-18 16:52:23'),
(8, 8, '2025-06-18 19:06:46', '2025-06-18 17:06:46', '2025-06-18 17:06:46'),
(9, 9, '2025-06-18 19:29:26', '2025-06-18 17:29:26', '2025-06-18 17:29:26'),
(10, 10, '2025-06-18 19:36:49', '2025-06-18 17:36:49', '2025-06-18 17:36:49'),
(11, 11, '2025-06-19 22:14:00', '2025-06-19 20:14:00', '2025-06-19 20:14:00'),
(12, 12, '2025-06-30 18:45:54', '2025-06-30 16:45:54', '2025-06-30 16:45:54');

--
-- Volcado de datos para la tabla `ciudades`
--

REPLACE INTO `ciudades` (`id`, `estado_id`, `nombre`, `created_at`, `updated_at`) VALUES
(1, 1, 'Álvaro Obregón', '2025-06-09 21:24:27', '2025-06-09 21:24:27'),
(2, 1, 'Coyoacán', '2025-06-09 21:24:27', '2025-06-09 21:24:27'),
(3, 1, 'Tlalpan', '2025-06-09 21:24:27', '2025-06-09 21:24:27'),
(4, 2, 'Guadalajara', '2025-06-09 21:24:27', '2025-06-09 21:24:27'),
(5, 2, 'Zapopan', '2025-06-09 21:24:27', '2025-06-09 21:24:27'),
(6, 2, 'Tlaquepaque', '2025-06-09 21:24:27', '2025-06-09 21:24:27'),
(7, 3, 'Monterrey', '2025-06-09 21:24:27', '2025-06-09 21:24:27'),
(8, 3, 'San Pedro Garza García', '2025-06-09 21:24:27', '2025-06-09 21:24:27'),
(9, 3, 'Guadalupe', '2025-06-09 21:24:27', '2025-06-09 21:24:27'),
(10, 4, 'Mérida', '2025-06-09 21:24:27', '2025-06-09 21:24:27'),
(11, 4, 'Valladolid', '2025-06-09 21:24:27', '2025-06-09 21:24:27'),
(12, 4, 'Progreso', '2025-06-09 21:24:27', '2025-06-09 21:24:27'),
(13, 5, 'Los Ángeles', '2025-06-09 21:24:27', '2025-06-09 21:24:27'),
(14, 5, 'San Francisco', '2025-06-09 21:24:27', '2025-06-09 21:24:27'),
(15, 5, 'San Diego', '2025-06-09 21:24:27', '2025-06-09 21:24:27'),
(16, 6, 'Houston', '2025-06-09 21:24:27', '2025-06-09 21:24:27'),
(17, 6, 'Dallas', '2025-06-09 21:24:27', '2025-06-09 21:24:27'),
(18, 6, 'Austin', '2025-06-09 21:24:27', '2025-06-09 21:24:27'),
(19, 7, 'Nueva York', '2025-06-09 21:24:27', '2025-06-09 21:24:27'),
(20, 7, 'Buffalo', '2025-06-09 21:24:27', '2025-06-09 21:24:27'),
(21, 7, 'Rochester', '2025-06-09 21:24:27', '2025-06-09 21:24:27'),
(22, 8, 'Miami', '2025-06-09 21:24:27', '2025-06-09 21:24:27'),
(23, 8, 'Orlando', '2025-06-09 21:24:27', '2025-06-09 21:24:27'),
(24, 8, 'Tampa', '2025-06-09 21:24:27', '2025-06-09 21:24:27');

--
-- Volcado de datos para la tabla `ciudades_tipo_envio`
--

REPLACE INTO `ciudades_tipo_envio` (`id`, `ciudad_id`, `tipo_envio_id`, `created_at`, `updated_at`) VALUES
(1, 1, 1, '2025-06-09 21:24:27', '2025-06-09 21:24:27'),
(2, 1, 2, '2025-06-09 21:24:27', '2025-06-09 21:24:27'),
(3, 1, 3, '2025-06-09 21:24:27', '2025-06-09 21:24:27'),
(4, 1, 4, '2025-06-09 21:24:27', '2025-06-09 21:24:27'),
(5, 1, 5, '2025-06-09 21:24:27', '2025-06-09 21:24:27'),
(6, 2, 1, '2025-06-09 21:24:27', '2025-06-09 21:24:27'),
(7, 2, 2, '2025-06-09 21:24:27', '2025-06-09 21:24:27'),
(8, 2, 3, '2025-06-09 21:24:27', '2025-06-09 21:24:27'),
(9, 2, 4, '2025-06-09 21:24:27', '2025-06-09 21:24:27'),
(10, 2, 5, '2025-06-09 21:24:27', '2025-06-09 21:24:27'),
(11, 3, 1, '2025-06-09 21:24:27', '2025-06-09 21:24:27'),
(12, 3, 2, '2025-06-09 21:24:27', '2025-06-09 21:24:27'),
(13, 3, 3, '2025-06-09 21:24:27', '2025-06-09 21:24:27'),
(14, 3, 4, '2025-06-09 21:24:27', '2025-06-09 21:24:27'),
(15, 3, 5, '2025-06-09 21:24:27', '2025-06-09 21:24:27'),
(16, 4, 1, '2025-06-09 21:24:27', '2025-06-09 21:24:27'),
(17, 4, 2, '2025-06-09 21:24:27', '2025-06-09 21:24:27'),
(18, 4, 3, '2025-06-09 21:24:27', '2025-06-09 21:24:27'),
(19, 4, 4, '2025-06-09 21:24:27', '2025-06-09 21:24:27'),
(20, 4, 5, '2025-06-09 21:24:27', '2025-06-09 21:24:27'),
(21, 5, 1, '2025-06-09 21:24:27', '2025-06-09 21:24:27'),
(22, 5, 2, '2025-06-09 21:24:27', '2025-06-09 21:24:27'),
(23, 5, 3, '2025-06-09 21:24:27', '2025-06-09 21:24:27'),
(24, 5, 4, '2025-06-09 21:24:27', '2025-06-09 21:24:27'),
(25, 5, 5, '2025-06-09 21:24:27', '2025-06-09 21:24:27'),
(26, 6, 1, '2025-06-09 21:24:27', '2025-06-09 21:24:27'),
(27, 6, 2, '2025-06-09 21:24:27', '2025-06-09 21:24:27'),
(28, 6, 3, '2025-06-09 21:24:27', '2025-06-09 21:24:27'),
(29, 6, 4, '2025-06-09 21:24:27', '2025-06-09 21:24:27'),
(30, 6, 5, '2025-06-09 21:24:27', '2025-06-09 21:24:27'),
(31, 7, 1, '2025-06-09 21:24:27', '2025-06-09 21:24:27'),
(32, 7, 2, '2025-06-09 21:24:27', '2025-06-09 21:24:27'),
(33, 7, 3, '2025-06-09 21:24:27', '2025-06-09 21:24:27'),
(34, 7, 4, '2025-06-09 21:24:27', '2025-06-09 21:24:27'),
(35, 7, 5, '2025-06-09 21:24:27', '2025-06-09 21:24:27'),
(36, 8, 1, '2025-06-09 21:24:27', '2025-06-09 21:24:27'),
(37, 8, 2, '2025-06-09 21:24:27', '2025-06-09 21:24:27'),
(38, 8, 3, '2025-06-09 21:24:27', '2025-06-09 21:24:27'),
(39, 8, 4, '2025-06-09 21:24:27', '2025-06-09 21:24:27'),
(40, 8, 5, '2025-06-09 21:24:27', '2025-06-09 21:24:27'),
(41, 9, 1, '2025-06-09 21:24:27', '2025-06-09 21:24:27'),
(42, 9, 2, '2025-06-09 21:24:27', '2025-06-09 21:24:27'),
(43, 9, 3, '2025-06-09 21:24:27', '2025-06-09 21:24:27'),
(44, 9, 4, '2025-06-09 21:24:27', '2025-06-09 21:24:27'),
(45, 9, 5, '2025-06-09 21:24:27', '2025-06-09 21:24:27'),
(46, 10, 1, '2025-06-09 21:24:27', '2025-06-09 21:24:27'),
(47, 10, 2, '2025-06-09 21:24:27', '2025-06-09 21:24:27'),
(48, 10, 3, '2025-06-09 21:24:27', '2025-06-09 21:24:27'),
(49, 10, 4, '2025-06-09 21:24:27', '2025-06-09 21:24:27'),
(50, 10, 5, '2025-06-09 21:24:27', '2025-06-09 21:24:27'),
(51, 11, 1, '2025-06-09 21:24:27', '2025-06-09 21:24:27'),
(52, 11, 2, '2025-06-09 21:24:27', '2025-06-09 21:24:27'),
(53, 11, 3, '2025-06-09 21:24:27', '2025-06-09 21:24:27'),
(54, 11, 4, '2025-06-09 21:24:27', '2025-06-09 21:24:27'),
(55, 11, 5, '2025-06-09 21:24:27', '2025-06-09 21:24:27'),
(56, 12, 1, '2025-06-09 21:24:27', '2025-06-09 21:24:27'),
(57, 12, 2, '2025-06-09 21:24:27', '2025-06-09 21:24:27'),
(58, 12, 3, '2025-06-09 21:24:27', '2025-06-09 21:24:27'),
(59, 12, 4, '2025-06-09 21:24:27', '2025-06-09 21:24:27'),
(60, 12, 5, '2025-06-09 21:24:27', '2025-06-09 21:24:27'),
(61, 13, 1, '2025-06-09 21:24:27', '2025-06-09 21:24:27'),
(62, 13, 2, '2025-06-09 21:24:27', '2025-06-09 21:24:27'),
(63, 13, 3, '2025-06-09 21:24:27', '2025-06-09 21:24:27'),
(64, 13, 4, '2025-06-09 21:24:27', '2025-06-09 21:24:27'),
(65, 13, 5, '2025-06-09 21:24:27', '2025-06-09 21:24:27'),
(66, 14, 1, '2025-06-09 21:24:27', '2025-06-09 21:24:27'),
(67, 14, 2, '2025-06-09 21:24:27', '2025-06-09 21:24:27'),
(68, 14, 3, '2025-06-09 21:24:27', '2025-06-09 21:24:27'),
(69, 14, 4, '2025-06-09 21:24:27', '2025-06-09 21:24:27'),
(70, 14, 5, '2025-06-09 21:24:27', '2025-06-09 21:24:27'),
(71, 15, 1, '2025-06-09 21:24:27', '2025-06-09 21:24:27'),
(72, 15, 2, '2025-06-09 21:24:27', '2025-06-09 21:24:27'),
(73, 15, 3, '2025-06-09 21:24:27', '2025-06-09 21:24:27'),
(74, 15, 4, '2025-06-09 21:24:27', '2025-06-09 21:24:27'),
(75, 15, 5, '2025-06-09 21:24:27', '2025-06-09 21:24:27'),
(76, 16, 1, '2025-06-09 21:24:27', '2025-06-09 21:24:27'),
(77, 16, 2, '2025-06-09 21:24:27', '2025-06-09 21:24:27'),
(78, 16, 3, '2025-06-09 21:24:27', '2025-06-09 21:24:27'),
(79, 16, 4, '2025-06-09 21:24:27', '2025-06-09 21:24:27'),
(80, 16, 5, '2025-06-09 21:24:27', '2025-06-09 21:24:27'),
(81, 17, 1, '2025-06-09 21:24:27', '2025-06-09 21:24:27'),
(82, 17, 2, '2025-06-09 21:24:27', '2025-06-09 21:24:27'),
(83, 17, 3, '2025-06-09 21:24:27', '2025-06-09 21:24:27'),
(84, 17, 4, '2025-06-09 21:24:27', '2025-06-09 21:24:27'),
(85, 17, 5, '2025-06-09 21:24:27', '2025-06-09 21:24:27'),
(86, 18, 1, '2025-06-09 21:24:27', '2025-06-09 21:24:27'),
(87, 18, 2, '2025-06-09 21:24:27', '2025-06-09 21:24:27'),
(88, 18, 3, '2025-06-09 21:24:27', '2025-06-09 21:24:27'),
(89, 18, 4, '2025-06-09 21:24:27', '2025-06-09 21:24:27'),
(90, 18, 5, '2025-06-09 21:24:27', '2025-06-09 21:24:27'),
(91, 19, 1, '2025-06-09 21:24:27', '2025-06-09 21:24:27'),
(92, 19, 2, '2025-06-09 21:24:27', '2025-06-09 21:24:27'),
(93, 19, 3, '2025-06-09 21:24:27', '2025-06-09 21:24:27'),
(94, 19, 4, '2025-06-09 21:24:27', '2025-06-09 21:24:27'),
(95, 19, 5, '2025-06-09 21:24:27', '2025-06-09 21:24:27'),
(96, 20, 1, '2025-06-09 21:24:27', '2025-06-09 21:24:27'),
(97, 20, 2, '2025-06-09 21:24:27', '2025-06-09 21:24:27'),
(98, 20, 3, '2025-06-09 21:24:27', '2025-06-09 21:24:27'),
(99, 20, 4, '2025-06-09 21:24:27', '2025-06-09 21:24:27'),
(100, 20, 5, '2025-06-09 21:24:27', '2025-06-09 21:24:27'),
(101, 21, 1, '2025-06-09 21:24:27', '2025-06-09 21:24:27'),
(102, 21, 2, '2025-06-09 21:24:27', '2025-06-09 21:24:27'),
(103, 21, 3, '2025-06-09 21:24:27', '2025-06-09 21:24:27'),
(104, 21, 4, '2025-06-09 21:24:27', '2025-06-09 21:24:27'),
(105, 21, 5, '2025-06-09 21:24:27', '2025-06-09 21:24:27'),
(106, 22, 1, '2025-06-09 21:24:27', '2025-06-09 21:24:27'),
(107, 22, 2, '2025-06-09 21:24:27', '2025-06-09 21:24:27'),
(108, 22, 3, '2025-06-09 21:24:27', '2025-06-09 21:24:27'),
(109, 22, 4, '2025-06-09 21:24:27', '2025-06-09 21:24:27'),
(110, 22, 5, '2025-06-09 21:24:27', '2025-06-09 21:24:27'),
(111, 23, 1, '2025-06-09 21:24:27', '2025-06-09 21:24:27'),
(112, 23, 2, '2025-06-09 21:24:27', '2025-06-09 21:24:27'),
(113, 23, 3, '2025-06-09 21:24:27', '2025-06-09 21:24:27'),
(114, 23, 4, '2025-06-09 21:24:27', '2025-06-09 21:24:27'),
(115, 23, 5, '2025-06-09 21:24:27', '2025-06-09 21:24:27'),
(116, 24, 1, '2025-06-09 21:24:27', '2025-06-09 21:24:27'),
(117, 24, 2, '2025-06-09 21:24:27', '2025-06-09 21:24:27'),
(118, 24, 3, '2025-06-09 21:24:27', '2025-06-09 21:24:27'),
(119, 24, 4, '2025-06-09 21:24:27', '2025-06-09 21:24:27'),
(120, 24, 5, '2025-06-09 21:24:27', '2025-06-09 21:24:27');

--
-- Volcado de datos para la tabla `direcciones_entrega`
--

REPLACE INTO `direcciones_entrega` (`id`, `usuario_id`, `nombre_contacto`, `calle`, `ciudad_id`, `estado_id`, `pais_id`, `codigo_postal`, `telefono`, `flag_default`, `created_at`, `updated_at`, `nombre_empresa`) VALUES
(1, 1, 'Contacto Principal', 'Calle Entrega 123', 3, 3, 1, '54321', '1234567890', 1, '2025-06-09 21:24:37', '2025-06-09 21:24:37', 'Nombre de empresa'),
(2, 1, 'Contacto Alternativo', 'Avenida Entrega 456', 4, 4, 1, '98765', '0987654321', 0, '2025-06-09 21:24:37', '2025-06-09 21:24:37', 'Nombre de empresa'),
(3, 2, 'Contacto Principal', 'Calle Entrega 123', 3, 3, 1, '54321', '1234567890', 1, '2025-06-09 21:24:37', '2025-06-09 21:24:37', 'Nombre de empresa'),
(4, 2, 'Contacto Alternativo', 'Avenida Entrega 456', 4, 4, 1, '98765', '0987654321', 0, '2025-06-09 21:24:37', '2025-06-09 21:24:37', 'Nombre de empresa'),
(5, 3, 'Contacto Principal', 'Calle Entrega 123', 3, 3, 1, '54321', '1234567890', 1, '2025-06-09 21:24:37', '2025-06-09 21:24:37', 'Nombre de empresa'),
(6, 3, 'Contacto Alternativo', 'Avenida Entrega 456', 4, 4, 1, '98765', '0987654321', 0, '2025-06-09 21:24:37', '2025-06-09 21:24:37', 'Nombre de empresa'),
(7, 4, 'Contacto Principal', 'Calle Entrega 123', 3, 3, 1, '54321', '1234567890', 1, '2025-06-09 21:24:37', '2025-06-09 21:24:37', 'Nombre de empresa'),
(8, 4, 'Contacto Alternativo', 'Avenida Entrega 456', 4, 4, 1, '98765', '0987654321', 0, '2025-06-09 21:24:37', '2025-06-09 21:24:37', 'Nombre de empresa'),
(9, 5, 'Contacto Principal', 'Calle Entrega 123', 3, 3, 1, '54321', '1234567890', 1, '2025-06-09 21:24:37', '2025-06-09 21:24:37', 'Nombre de empresa'),
(10, 5, 'Contacto Alternativo', 'Avenida Entrega 456', 4, 4, 1, '98765', '0987654321', 0, '2025-06-09 21:24:37', '2025-06-09 21:24:37', 'Nombre de empresa'),
(11, 6, 'Contacto Principal', 'Calle Entrega 123', 3, 3, 1, '54321', '1234567890', 1, '2025-06-09 21:24:37', '2025-06-09 21:24:37', 'Nombre de empresa'),
(12, 6, 'Contacto Alternativo', 'Avenida Entrega 456', 4, 4, 1, '98765', '0987654321', 0, '2025-06-09 21:24:37', '2025-06-09 21:24:37', 'Nombre de empresa'),
(13, 7, 'Contacto Principal', 'Calle Entrega 123', 3, 3, 1, '54321', '1234567890', 1, '2025-06-09 21:24:37', '2025-06-09 21:24:37', 'Nombre de empresa'),
(14, 7, 'Contacto Alternativo', 'Avenida Entrega 456', 4, 4, 1, '98765', '0987654321', 0, '2025-06-09 21:24:37', '2025-06-09 21:24:37', 'Nombre de empresa'),
(15, 8, 'Contacto Principal', 'Calle Entrega 123', 3, 3, 1, '54321', '1234567890', 1, '2025-06-09 21:24:37', '2025-06-09 21:24:37', 'Nombre de empresa'),
(16, 8, 'Contacto Alternativo', 'Avenida Entrega 456', 4, 4, 1, '98765', '0987654321', 0, '2025-06-09 21:24:37', '2025-06-09 21:24:37', 'Nombre de empresa'),
(17, 9, 'Contacto Principal', 'Calle Entrega 123', 3, 3, 1, '54321', '1234567890', 1, '2025-06-09 21:24:37', '2025-06-09 21:24:37', 'Nombre de empresa'),
(18, 9, 'Contacto Alternativo', 'Avenida Entrega 456', 4, 4, 1, '98765', '0987654321', 0, '2025-06-09 21:24:37', '2025-06-09 21:24:37', 'Nombre de empresa'),
(19, 10, 'Contacto Principal', 'Calle Entrega 123', 3, 3, 1, '54321', '1234567890', 1, '2025-06-09 21:24:37', '2025-06-09 21:24:37', 'Nombre de empresa'),
(20, 10, 'Contacto Alternativo', 'Avenida Entrega 456', 4, 4, 1, '98765', '0987654321', 0, '2025-06-09 21:24:37', '2025-06-09 21:24:37', 'Nombre de empresa'),
(21, 11, 'Contacto Principal', 'Calle Entrega 123', 3, 3, 1, '54321', '1234567890', 1, '2025-06-09 21:24:37', '2025-06-09 21:24:37', 'Nombre de empresa'),
(22, 11, 'Contacto Alternativo', 'Avenida Entrega 456', 4, 4, 1, '98765', '0987654321', 0, '2025-06-09 21:24:37', '2025-06-09 21:24:37', 'Nombre de empresa'),
(23, 12, 'Contacto Principal', 'Calle Entrega 123', 3, 3, 1, '54321', '1234567890', 1, '2025-06-09 21:24:37', '2025-06-09 21:24:37', 'Nombre de empresa'),
(24, 12, 'Contacto Alternativo', 'Avenida Entrega 456', 4, 4, 1, '98765', '0987654321', 0, '2025-06-09 21:24:37', '2025-06-09 21:24:37', 'Nombre de empresa'),
(25, 13, 'Contacto Principal', 'Calle Entrega 123', 3, 3, 1, '54321', '1234567890', 1, '2025-06-09 21:24:37', '2025-06-09 21:24:37', 'Nombre de empresa'),
(26, 13, 'Contacto Alternativo', 'Avenida Entrega 456', 4, 4, 1, '98765', '0987654321', 0, '2025-06-09 21:24:37', '2025-06-09 21:24:37', 'Nombre de empresa'),
(27, 14, 'Contacto Principal', 'Calle Entrega 123', 3, 3, 1, '54321', '1234567890', 1, '2025-06-09 21:24:37', '2025-06-09 21:24:37', 'Nombre de empresa'),
(28, 14, 'Contacto Alternativo', 'Avenida Entrega 456', 4, 4, 1, '98765', '0987654321', 0, '2025-06-09 21:24:37', '2025-06-09 21:24:37', 'Nombre de empresa'),
(29, 15, 'Contacto Principal', 'Calle Entrega 123', 3, 3, 1, '54321', '1234567890', 1, '2025-06-09 21:24:37', '2025-06-09 21:24:37', 'Nombre de empresa'),
(30, 15, 'Contacto Alternativo', 'Avenida Entrega 456', 4, 4, 1, '98765', '0987654321', 0, '2025-06-09 21:24:37', '2025-06-09 21:24:37', 'Nombre de empresa'),
(31, 16, 'Contacto Principal', 'Calle Entrega 123', 3, 3, 1, '54321', '1234567890', 1, '2025-06-09 21:24:37', '2025-06-09 21:24:37', 'Nombre de empresa'),
(32, 16, 'Contacto Alternativo', 'Avenida Entrega 456', 4, 4, 1, '98765', '0987654321', 0, '2025-06-09 21:24:37', '2025-06-09 21:24:37', 'Nombre de empresa'),
(33, 17, 'Contacto Principal', 'Calle Entrega 123', 3, 3, 1, '54321', '1234567890', 1, '2025-06-09 21:24:37', '2025-06-09 21:24:37', 'Nombre de empresa'),
(34, 17, 'Contacto Alternativo', 'Avenida Entrega 456', 4, 4, 1, '98765', '0987654321', 0, '2025-06-09 21:24:37', '2025-06-09 21:24:37', 'Nombre de empresa'),
(35, 18, 'Contacto Principal', 'Calle Entrega 123', 3, 3, 1, '54321', '1234567890', 1, '2025-06-09 21:24:37', '2025-06-09 21:24:37', 'Nombre de empresa'),
(36, 18, 'Contacto Alternativo', 'Avenida Entrega 456', 4, 4, 1, '98765', '0987654321', 0, '2025-06-09 21:24:37', '2025-06-09 21:24:37', 'Nombre de empresa'),
(37, 19, 'Contacto Principal', 'Calle Entrega 123', 3, 3, 1, '54321', '1234567890', 1, '2025-06-09 21:24:37', '2025-06-09 21:24:37', 'Nombre de empresa'),
(38, 19, 'Contacto Alternativo', 'Avenida Entrega 456', 4, 4, 1, '98765', '0987654321', 0, '2025-06-09 21:24:37', '2025-06-09 21:24:37', 'Nombre de empresa'),
(39, 20, 'Contacto Principal', 'Calle Entrega 123', 3, 3, 1, '54321', '1234567890', 1, '2025-06-09 21:24:37', '2025-06-09 21:24:37', 'Nombre de empresa'),
(40, 20, 'Contacto Alternativo', 'Avenida Entrega 456', 4, 4, 1, '98765', '0987654321', 0, '2025-06-09 21:24:37', '2025-06-09 21:24:37', 'Nombre de empresa'),
(41, 21, 'Contacto Principal', 'Calle Entrega 123', 3, 3, 1, '54321', '1234567890', 1, '2025-06-09 21:24:37', '2025-06-09 21:24:37', 'Nombre de empresa'),
(42, 21, 'Contacto Alternativo', 'Avenida Entrega 456', 4, 4, 1, '98765', '0987654321', 0, '2025-06-09 21:24:37', '2025-06-09 21:24:37', 'Nombre de empresa'),
(43, 22, 'Contacto Principal', 'Calle Entrega 123', 3, 3, 1, '54321', '1234567890', 1, '2025-06-09 21:24:37', '2025-06-09 21:24:37', 'Nombre de empresa'),
(44, 22, 'Contacto Alternativo', 'Avenida Entrega 456', 4, 4, 1, '98765', '0987654321', 0, '2025-06-09 21:24:37', '2025-06-09 21:24:37', 'Nombre de empresa'),
(45, 23, 'Contacto Principal', 'Calle Entrega 123', 3, 3, 1, '54321', '1234567890', 1, '2025-06-09 21:24:37', '2025-06-09 21:24:37', 'Nombre de empresa'),
(46, 23, 'Contacto Alternativo', 'Avenida Entrega 456', 4, 4, 1, '98765', '0987654321', 0, '2025-06-09 21:24:37', '2025-06-09 21:24:37', 'Nombre de empresa'),
(47, 24, 'Contacto Principal', 'Calle Entrega 123', 3, 3, 1, '54321', '1234567890', 1, '2025-06-09 21:24:37', '2025-06-09 21:24:37', 'Nombre de empresa'),
(48, 24, 'Contacto Alternativo', 'Avenida Entrega 456', 4, 4, 1, '98765', '0987654321', 0, '2025-06-09 21:24:37', '2025-06-09 21:24:37', 'Nombre de empresa'),
(49, 25, 'Contacto Principal', 'Calle Entrega 123', 3, 3, 1, '54321', '1234567890', 1, '2025-06-09 21:24:37', '2025-06-09 21:24:37', 'Nombre de empresa'),
(50, 25, 'Contacto Alternativo', 'Avenida Entrega 456', 4, 4, 1, '98765', '0987654321', 0, '2025-06-09 21:24:37', '2025-06-09 21:24:37', 'Nombre de empresa'),
(51, 26, 'Contacto Principal', 'Calle Entrega 123', 3, 3, 1, '54321', '1234567890', 1, '2025-06-09 21:24:37', '2025-06-09 21:24:37', 'Nombre de empresa'),
(52, 26, 'Contacto Alternativo', 'Avenida Entrega 456', 4, 4, 1, '98765', '0987654321', 0, '2025-06-09 21:24:37', '2025-06-09 21:24:37', 'Nombre de empresa'),
(53, 27, 'Contacto Principal', 'Calle Entrega 123', 3, 3, 1, '54321', '1234567890', 1, '2025-06-09 21:24:37', '2025-06-09 21:24:37', 'Nombre de empresa'),
(54, 27, 'Contacto Alternativo', 'Avenida Entrega 456', 4, 4, 1, '98765', '0987654321', 0, '2025-06-09 21:24:37', '2025-06-09 21:24:37', 'Nombre de empresa'),
(55, 28, 'Contacto Principal', 'Calle Entrega 123', 3, 3, 1, '54321', '1234567890', 1, '2025-06-09 21:24:37', '2025-06-09 21:24:37', 'Nombre de empresa'),
(56, 28, 'Contacto Alternativo', 'Avenida Entrega 456', 4, 4, 1, '98765', '0987654321', 0, '2025-06-09 21:24:37', '2025-06-09 21:24:37', 'Nombre de empresa'),
(57, 29, 'Contacto Principal', 'Calle Entrega 123', 3, 3, 1, '54321', '1234567890', 1, '2025-06-09 21:24:37', '2025-06-09 21:24:37', 'Nombre de empresa'),
(58, 29, 'Contacto Alternativo', 'Avenida Entrega 456', 4, 4, 1, '98765', '0987654321', 0, '2025-06-09 21:24:37', '2025-06-09 21:24:37', 'Nombre de empresa'),
(59, 30, 'Contacto Principal', 'Calle Entrega 123', 3, 3, 1, '54321', '1234567890', 1, '2025-06-09 21:24:37', '2025-06-09 21:24:37', 'Nombre de empresa'),
(60, 30, 'Contacto Alternativo', 'Avenida Entrega 456', 4, 4, 1, '98765', '0987654321', 0, '2025-06-09 21:24:37', '2025-06-09 21:24:37', 'Nombre de empresa'),
(61, 31, 'Contacto Principal', 'Calle Entrega 123', 3, 3, 1, '54321', '1234567890', 1, '2025-06-09 21:24:37', '2025-06-09 21:24:37', 'Nombre de empresa'),
(62, 31, 'Contacto Alternativo', 'Avenida Entrega 456', 4, 4, 1, '98765', '0987654321', 0, '2025-06-09 21:24:37', '2025-06-09 21:24:37', 'Nombre de empresa'),
(63, 32, 'Contacto Principal', 'Calle Entrega 123', 3, 3, 1, '54321', '1234567890', 1, '2025-06-09 21:24:37', '2025-06-09 21:24:37', 'Nombre de empresa'),
(64, 32, 'Contacto Alternativo', 'Avenida Entrega 456', 4, 4, 1, '98765', '0987654321', 0, '2025-06-09 21:24:37', '2025-06-09 21:24:37', 'Nombre de empresa'),
(65, 33, 'Contacto Principal', 'Calle Entrega 123', 3, 3, 1, '54321', '1234567890', 1, '2025-06-09 21:24:37', '2025-06-09 21:24:37', 'Nombre de empresa'),
(66, 33, 'Contacto Alternativo', 'Avenida Entrega 456', 4, 4, 1, '98765', '0987654321', 0, '2025-06-09 21:24:37', '2025-06-09 21:24:37', 'Nombre de empresa'),
(67, 34, 'Contacto Principal', 'Calle Entrega 123', 3, 3, 1, '54321', '1234567890', 1, '2025-06-09 21:24:37', '2025-06-09 21:24:37', 'Nombre de empresa'),
(68, 34, 'Contacto Alternativo', 'Avenida Entrega 456', 4, 4, 1, '98765', '0987654321', 0, '2025-06-09 21:24:37', '2025-06-09 21:24:37', 'Nombre de empresa'),
(69, 35, 'Contacto Principal', 'Calle Entrega 123', 3, 3, 1, '54321', '1234567890', 1, '2025-06-09 21:24:37', '2025-06-09 21:24:37', 'Nombre de empresa'),
(70, 35, 'Contacto Alternativo', 'Avenida Entrega 456', 4, 4, 1, '98765', '0987654321', 0, '2025-06-09 21:24:37', '2025-06-09 21:24:37', 'Nombre de empresa'),
(71, 36, 'Contacto Principal', 'Calle Entrega 123', 3, 3, 1, '54321', '1234567890', 1, '2025-06-09 21:24:37', '2025-06-09 21:24:37', 'Nombre de empresa'),
(72, 36, 'Contacto Alternativo', 'Avenida Entrega 456', 4, 4, 1, '98765', '0987654321', 0, '2025-06-09 21:24:37', '2025-06-09 21:24:37', 'Nombre de empresa'),
(73, 37, 'Contacto Principal', 'Calle Entrega 123', 3, 3, 1, '54321', '1234567890', 1, '2025-06-09 21:24:37', '2025-06-09 21:24:37', 'Nombre de empresa'),
(74, 37, 'Contacto Alternativo', 'Avenida Entrega 456', 4, 4, 1, '98765', '0987654321', 0, '2025-06-09 21:24:37', '2025-06-09 21:24:37', 'Nombre de empresa'),
(75, 38, 'Contacto Principal', 'Calle Entrega 123', 3, 3, 1, '54321', '1234567890', 1, '2025-06-09 21:24:37', '2025-06-09 21:24:37', 'Nombre de empresa'),
(76, 38, 'Contacto Alternativo', 'Avenida Entrega 456', 4, 4, 1, '98765', '0987654321', 0, '2025-06-09 21:24:37', '2025-06-09 21:24:37', 'Nombre de empresa'),
(77, 39, 'Contacto Principal', 'Calle Entrega 123', 3, 3, 1, '54321', '1234567890', 1, '2025-06-09 21:24:37', '2025-06-09 21:24:37', 'Nombre de empresa'),
(78, 39, 'Contacto Alternativo', 'Avenida Entrega 456', 4, 4, 1, '98765', '0987654321', 0, '2025-06-09 21:24:37', '2025-06-09 21:24:37', 'Nombre de empresa'),
(79, 40, 'Contacto Principal', 'Calle Entrega 123', 3, 3, 1, '54321', '1234567890', 1, '2025-06-09 21:24:37', '2025-06-09 21:24:37', 'Nombre de empresa'),
(80, 40, 'Contacto Alternativo', 'Avenida Entrega 456', 4, 4, 1, '98765', '0987654321', 0, '2025-06-09 21:24:37', '2025-06-09 21:24:37', 'Nombre de empresa'),
(81, 41, 'Contacto Principal', 'Calle Entrega 123', 3, 3, 1, '54321', '1234567890', 1, '2025-06-09 21:24:37', '2025-06-09 21:24:37', 'Nombre de empresa'),
(82, 41, 'Contacto Alternativo', 'Avenida Entrega 456', 4, 4, 1, '98765', '0987654321', 0, '2025-06-09 21:24:37', '2025-06-09 21:24:37', 'Nombre de empresa'),
(83, 42, 'Contacto Principal', 'Calle Entrega 123', 3, 3, 1, '54321', '1234567890', 1, '2025-06-09 21:24:37', '2025-06-09 21:24:37', 'Nombre de empresa'),
(84, 42, 'Contacto Alternativo', 'Avenida Entrega 456', 4, 4, 1, '98765', '0987654321', 0, '2025-06-09 21:24:37', '2025-06-09 21:24:37', 'Nombre de empresa'),
(85, 43, 'Contacto Principal', 'Calle Entrega 123', 3, 3, 1, '54321', '1234567890', 1, '2025-06-09 21:24:37', '2025-06-09 21:24:37', 'Nombre de empresa'),
(86, 43, 'Contacto Alternativo', 'Avenida Entrega 456', 4, 4, 1, '98765', '0987654321', 0, '2025-06-09 21:24:37', '2025-06-09 21:24:37', 'Nombre de empresa'),
(87, 44, 'Contacto Principal', 'Calle Entrega 123', 3, 3, 1, '54321', '1234567890', 1, '2025-06-09 21:24:37', '2025-06-09 21:24:37', 'Nombre de empresa'),
(88, 44, 'Contacto Alternativo', 'Avenida Entrega 456', 4, 4, 1, '98765', '0987654321', 0, '2025-06-09 21:24:37', '2025-06-09 21:24:37', 'Nombre de empresa'),
(89, 45, 'Contacto Principal', 'Calle Entrega 123', 3, 3, 1, '54321', '1234567890', 1, '2025-06-09 21:24:37', '2025-06-09 21:24:37', 'Nombre de empresa'),
(90, 45, 'Contacto Alternativo', 'Avenida Entrega 456', 4, 4, 1, '98765', '0987654321', 0, '2025-06-09 21:24:37', '2025-06-09 21:24:37', 'Nombre de empresa'),
(91, 46, 'Contacto Principal', 'Calle Entrega 123', 3, 3, 1, '54321', '1234567890', 1, '2025-06-09 21:24:37', '2025-06-09 21:24:37', 'Nombre de empresa'),
(92, 46, 'Contacto Alternativo', 'Avenida Entrega 456', 4, 4, 1, '98765', '0987654321', 0, '2025-06-09 21:24:37', '2025-06-09 21:24:37', 'Nombre de empresa'),
(93, 47, 'Contacto Principal', 'Calle Entrega 123', 3, 3, 1, '54321', '1234567890', 1, '2025-06-09 21:24:37', '2025-06-09 21:24:37', 'Nombre de empresa'),
(94, 47, 'Contacto Alternativo', 'Avenida Entrega 456', 4, 4, 1, '98765', '0987654321', 0, '2025-06-09 21:24:37', '2025-06-09 21:24:37', 'Nombre de empresa'),
(95, 48, 'Contacto Principal', 'Calle Entrega 123', 3, 3, 1, '54321', '1234567890', 1, '2025-06-09 21:24:37', '2025-06-09 21:24:37', 'Nombre de empresa'),
(96, 48, 'Contacto Alternativo', 'Avenida Entrega 456', 4, 4, 1, '98765', '0987654321', 0, '2025-06-09 21:24:37', '2025-06-09 21:24:37', 'Nombre de empresa'),
(97, 49, 'Contacto Principal', 'Calle Entrega 123', 3, 3, 1, '54321', '1234567890', 1, '2025-06-09 21:24:37', '2025-06-09 21:24:37', 'Nombre de empresa'),
(98, 49, 'Contacto Alternativo', 'Avenida Entrega 456', 4, 4, 1, '98765', '0987654321', 0, '2025-06-09 21:24:37', '2025-06-09 21:24:37', 'Nombre de empresa'),
(99, 50, 'Contacto Principal', 'Calle Entrega 123', 3, 3, 1, '54321', '1234567890', 1, '2025-06-09 21:24:37', '2025-06-09 21:24:37', 'Nombre de empresa'),
(100, 50, 'Contacto Alternativo', 'Avenida Entrega 456', 4, 4, 1, '98765', '0987654321', 0, '2025-06-09 21:24:37', '2025-06-09 21:24:37', 'Nombre de empresa'),
(101, 51, 'Contacto Principal', 'Calle Entrega 123', 3, 3, 1, '54321', '1234567890', 1, '2025-06-09 21:24:37', '2025-06-09 21:24:37', 'Nombre de empresa'),
(102, 51, 'Contacto Alternativo', 'Avenida Entrega 456', 4, 4, 1, '98765', '0987654321', 0, '2025-06-09 21:24:37', '2025-06-09 21:24:37', 'Nombre de empresa'),
(103, 52, 'Contacto Principal', 'Calle Entrega 123', 3, 3, 1, '54321', '1234567890', 1, '2025-06-09 21:24:37', '2025-06-09 21:24:37', 'Nombre de empresa'),
(104, 52, 'Contacto Alternativo', 'Avenida Entrega 456', 4, 4, 1, '98765', '0987654321', 0, '2025-06-09 21:24:37', '2025-06-09 21:24:37', 'Nombre de empresa'),
(105, 53, 'Contacto Principal', 'Calle Entrega 123', 3, 3, 1, '54321', '1234567890', 1, '2025-06-09 21:24:37', '2025-06-09 21:24:37', 'Nombre de empresa'),
(106, 53, 'Contacto Alternativo', 'Avenida Entrega 456', 4, 4, 1, '98765', '0987654321', 0, '2025-06-09 21:24:37', '2025-06-09 21:24:37', 'Nombre de empresa'),
(107, 54, 'Contacto Principal', 'Calle Entrega 123', 3, 3, 1, '54321', '1234567890', 1, '2025-06-09 21:24:37', '2025-06-09 21:24:37', 'Nombre de empresa'),
(108, 54, 'Contacto Alternativo', 'Avenida Entrega 456', 4, 4, 1, '98765', '0987654321', 0, '2025-06-09 21:24:37', '2025-06-09 21:24:37', 'Nombre de empresa'),
(109, 55, 'Contacto Principal', 'Calle Entrega 123', 3, 3, 1, '54321', '1234567890', 1, '2025-06-09 21:24:37', '2025-06-09 21:24:37', 'Nombre de empresa'),
(110, 55, 'Contacto Alternativo', 'Avenida Entrega 456', 4, 4, 1, '98765', '0987654321', 0, '2025-06-09 21:24:37', '2025-06-09 21:24:37', 'Nombre de empresa'),
(111, 56, 'Contacto Principal', 'Calle Entrega 123', 3, 3, 1, '54321', '1234567890', 1, '2025-06-09 21:24:37', '2025-06-09 21:24:37', 'Nombre de empresa'),
(112, 56, 'Contacto Alternativo', 'Avenida Entrega 456', 4, 4, 1, '98765', '0987654321', 0, '2025-06-09 21:24:37', '2025-06-09 21:24:37', 'Nombre de empresa'),
(113, 57, 'Contacto Principal', 'Calle Entrega 123', 3, 3, 1, '54321', '1234567890', 1, '2025-06-09 21:24:37', '2025-06-09 21:24:37', 'Nombre de empresa'),
(114, 57, 'Contacto Alternativo', 'Avenida Entrega 456', 4, 4, 1, '98765', '0987654321', 0, '2025-06-09 21:24:37', '2025-06-09 21:24:37', 'Nombre de empresa'),
(115, 58, 'Contacto Principal', 'Calle Entrega 123', 3, 3, 1, '54321', '1234567890', 1, '2025-06-09 21:24:37', '2025-06-09 21:24:37', 'Nombre de empresa'),
(116, 58, 'Contacto Alternativo', 'Avenida Entrega 456', 4, 4, 1, '98765', '0987654321', 0, '2025-06-09 21:24:37', '2025-06-09 21:24:37', 'Nombre de empresa'),
(117, 59, 'Contacto Principal', 'Calle Entrega 123', 3, 3, 1, '54321', '1234567890', 1, '2025-06-09 21:24:37', '2025-06-09 21:24:37', 'Nombre de empresa'),
(118, 59, 'Contacto Alternativo', 'Avenida Entrega 456', 4, 4, 1, '98765', '0987654321', 0, '2025-06-09 21:24:37', '2025-06-09 21:24:37', 'Nombre de empresa'),
(119, 60, 'Contacto Principal', 'Calle Entrega 123', 3, 3, 1, '54321', '1234567890', 1, '2025-06-09 21:24:37', '2025-06-09 21:24:37', 'Nombre de empresa'),
(120, 60, 'Contacto Alternativo', 'Avenida Entrega 456', 4, 4, 1, '98765', '0987654321', 0, '2025-06-09 21:24:37', '2025-06-09 21:24:37', 'Nombre de empresa'),
(121, 61, 'Contacto Principal', 'Calle Entrega 123', 3, 3, 1, '54321', '1234567890', 1, '2025-06-09 21:24:37', '2025-06-09 21:24:37', 'Nombre de empresa'),
(122, 61, 'Contacto Alternativo', 'Avenida Entrega 456', 4, 4, 1, '98765', '0987654321', 0, '2025-06-09 21:24:37', '2025-06-09 21:24:37', 'Nombre de empresa'),
(123, 62, 'Contacto Principal', 'Calle Entrega 123', 3, 3, 1, '54321', '1234567890', 1, '2025-06-09 21:24:37', '2025-06-09 21:24:37', 'Nombre de empresa'),
(124, 62, 'Contacto Alternativo', 'Avenida Entrega 456', 4, 4, 1, '98765', '0987654321', 0, '2025-06-09 21:24:37', '2025-06-09 21:24:37', 'Nombre de empresa'),
(125, 63, 'Contacto Principal', 'Calle Entrega 123', 3, 3, 1, '54321', '1234567890', 1, '2025-06-09 21:24:37', '2025-06-09 21:24:37', 'Nombre de empresa'),
(126, 63, 'Contacto Alternativo', 'Avenida Entrega 456', 4, 4, 1, '98765', '0987654321', 0, '2025-06-09 21:24:37', '2025-06-09 21:24:37', 'Nombre de empresa'),
(127, 64, 'Contacto Principal', 'Calle Entrega 123', 3, 3, 1, '54321', '1234567890', 1, '2025-06-09 21:24:37', '2025-06-09 21:24:37', 'Nombre de empresa'),
(128, 64, 'Contacto Alternativo', 'Avenida Entrega 456', 4, 4, 1, '98765', '0987654321', 0, '2025-06-09 21:24:37', '2025-06-09 21:24:37', 'Nombre de empresa'),
(129, 65, 'Contacto Principal', 'Calle Entrega 123', 3, 3, 1, '54321', '1234567890', 1, '2025-06-09 21:24:37', '2025-06-09 21:24:37', 'Nombre de empresa'),
(130, 65, 'Contacto Alternativo', 'Avenida Entrega 456', 4, 4, 1, '98765', '0987654321', 0, '2025-06-09 21:24:37', '2025-06-09 21:24:37', 'Nombre de empresa'),
(131, 66, 'Contacto Principal', 'Calle Entrega 123', 3, 3, 1, '54321', '1234567890', 1, '2025-06-09 21:24:37', '2025-06-09 21:24:37', 'Nombre de empresa'),
(132, 66, 'Contacto Alternativo', 'Avenida Entrega 456', 4, 4, 1, '98765', '0987654321', 0, '2025-06-09 21:24:37', '2025-06-09 21:24:37', 'Nombre de empresa'),
(133, 67, 'Contacto Principal', 'Calle Entrega 123', 3, 3, 1, '54321', '1234567890', 1, '2025-06-09 21:24:37', '2025-06-09 21:24:37', 'Nombre de empresa'),
(134, 67, 'Contacto Alternativo', 'Avenida Entrega 456', 4, 4, 1, '98765', '0987654321', 0, '2025-06-09 21:24:37', '2025-06-09 21:24:37', 'Nombre de empresa');

--
-- Volcado de datos para la tabla `direcciones_fiscales`
--

REPLACE INTO `direcciones_fiscales` (`id`, `usuario_id`, `rfc`, `calle`, `ciudad_id`, `estado_id`, `pais_id`, `codigo_postal`, `flag_default`, `created_at`, `updated_at`) VALUES
(1, 1, 'RFC123456789', 'Calle Principal 123', 1, 1, 1, '12345', 1, '2025-06-09 21:24:37', '2025-06-09 21:24:37'),
(2, 1, 'RFC987654321', 'Avenida Secundaria 456', 2, 2, 1, '67890', 0, '2025-06-09 21:24:37', '2025-06-09 21:24:37'),
(3, 2, 'RFC123456789', 'Calle Principal 123', 1, 1, 1, '12345', 1, '2025-06-09 21:24:37', '2025-06-09 21:24:37'),
(4, 2, 'RFC987654321', 'Avenida Secundaria 456', 2, 2, 1, '67890', 0, '2025-06-09 21:24:37', '2025-06-09 21:24:37'),
(5, 3, 'RFC123456789', 'Calle Principal 123', 1, 1, 1, '12345', 1, '2025-06-09 21:24:37', '2025-06-09 21:24:37'),
(6, 3, 'RFC987654321', 'Avenida Secundaria 456', 2, 2, 1, '67890', 0, '2025-06-09 21:24:37', '2025-06-09 21:24:37'),
(7, 4, 'RFC123456789', 'Calle Principal 123', 1, 1, 1, '12345', 1, '2025-06-09 21:24:37', '2025-06-09 21:24:37'),
(8, 4, 'RFC987654321', 'Avenida Secundaria 456', 2, 2, 1, '67890', 0, '2025-06-09 21:24:37', '2025-06-09 21:24:37'),
(9, 5, 'RFC123456789', 'Calle Principal 123', 1, 1, 1, '12345', 1, '2025-06-09 21:24:37', '2025-06-09 21:24:37'),
(10, 5, 'RFC987654321', 'Avenida Secundaria 456', 2, 2, 1, '67890', 0, '2025-06-09 21:24:37', '2025-06-09 21:24:37'),
(11, 6, 'RFC123456789', 'Calle Principal 123', 1, 1, 1, '12345', 1, '2025-06-09 21:24:37', '2025-06-09 21:24:37'),
(12, 6, 'RFC987654321', 'Avenida Secundaria 456', 2, 2, 1, '67890', 0, '2025-06-09 21:24:37', '2025-06-09 21:24:37'),
(13, 7, 'RFC123456789', 'Calle Principal 123', 1, 1, 1, '12345', 1, '2025-06-09 21:24:37', '2025-06-09 21:24:37'),
(14, 7, 'RFC987654321', 'Avenida Secundaria 456', 2, 2, 1, '67890', 0, '2025-06-09 21:24:37', '2025-06-09 21:24:37'),
(15, 8, 'RFC123456789', 'Calle Principal 123', 1, 1, 1, '12345', 1, '2025-06-09 21:24:37', '2025-06-09 21:24:37'),
(16, 8, 'RFC987654321', 'Avenida Secundaria 456', 2, 2, 1, '67890', 0, '2025-06-09 21:24:37', '2025-06-09 21:24:37'),
(17, 9, 'RFC123456789', 'Calle Principal 123', 1, 1, 1, '12345', 1, '2025-06-09 21:24:37', '2025-06-09 21:24:37'),
(18, 9, 'RFC987654321', 'Avenida Secundaria 456', 2, 2, 1, '67890', 0, '2025-06-09 21:24:37', '2025-06-09 21:24:37'),
(19, 10, 'RFC123456789', 'Calle Principal 123', 1, 1, 1, '12345', 1, '2025-06-09 21:24:37', '2025-06-09 21:24:37'),
(20, 10, 'RFC987654321', 'Avenida Secundaria 456', 2, 2, 1, '67890', 0, '2025-06-09 21:24:37', '2025-06-09 21:24:37'),
(21, 11, 'RFC123456789', 'Calle Principal 123', 1, 1, 1, '12345', 1, '2025-06-09 21:24:37', '2025-06-09 21:24:37'),
(22, 11, 'RFC987654321', 'Avenida Secundaria 456', 2, 2, 1, '67890', 0, '2025-06-09 21:24:37', '2025-06-09 21:24:37'),
(23, 12, 'RFC123456789', 'Calle Principal 123', 1, 1, 1, '12345', 1, '2025-06-09 21:24:37', '2025-06-09 21:24:37'),
(24, 12, 'RFC987654321', 'Avenida Secundaria 456', 2, 2, 1, '67890', 0, '2025-06-09 21:24:37', '2025-06-09 21:24:37'),
(25, 13, 'RFC123456789', 'Calle Principal 123', 1, 1, 1, '12345', 1, '2025-06-09 21:24:37', '2025-06-09 21:24:37'),
(26, 13, 'RFC987654321', 'Avenida Secundaria 456', 2, 2, 1, '67890', 0, '2025-06-09 21:24:37', '2025-06-09 21:24:37'),
(27, 14, 'RFC123456789', 'Calle Principal 123', 1, 1, 1, '12345', 1, '2025-06-09 21:24:37', '2025-06-09 21:24:37'),
(28, 14, 'RFC987654321', 'Avenida Secundaria 456', 2, 2, 1, '67890', 0, '2025-06-09 21:24:37', '2025-06-09 21:24:37'),
(29, 15, 'RFC123456789', 'Calle Principal 123', 1, 1, 1, '12345', 1, '2025-06-09 21:24:37', '2025-06-09 21:24:37'),
(30, 15, 'RFC987654321', 'Avenida Secundaria 456', 2, 2, 1, '67890', 0, '2025-06-09 21:24:37', '2025-06-09 21:24:37'),
(31, 16, 'RFC123456789', 'Calle Principal 123', 1, 1, 1, '12345', 1, '2025-06-09 21:24:37', '2025-06-09 21:24:37'),
(32, 16, 'RFC987654321', 'Avenida Secundaria 456', 2, 2, 1, '67890', 0, '2025-06-09 21:24:37', '2025-06-09 21:24:37'),
(33, 17, 'RFC123456789', 'Calle Principal 123', 1, 1, 1, '12345', 1, '2025-06-09 21:24:37', '2025-06-09 21:24:37'),
(34, 17, 'RFC987654321', 'Avenida Secundaria 456', 2, 2, 1, '67890', 0, '2025-06-09 21:24:37', '2025-06-09 21:24:37'),
(35, 18, 'RFC123456789', 'Calle Principal 123', 1, 1, 1, '12345', 1, '2025-06-09 21:24:37', '2025-06-09 21:24:37'),
(36, 18, 'RFC987654321', 'Avenida Secundaria 456', 2, 2, 1, '67890', 0, '2025-06-09 21:24:37', '2025-06-09 21:24:37'),
(37, 19, 'RFC123456789', 'Calle Principal 123', 1, 1, 1, '12345', 1, '2025-06-09 21:24:37', '2025-06-09 21:24:37'),
(38, 19, 'RFC987654321', 'Avenida Secundaria 456', 2, 2, 1, '67890', 0, '2025-06-09 21:24:37', '2025-06-09 21:24:37'),
(39, 20, 'RFC123456789', 'Calle Principal 123', 1, 1, 1, '12345', 1, '2025-06-09 21:24:37', '2025-06-09 21:24:37'),
(40, 20, 'RFC987654321', 'Avenida Secundaria 456', 2, 2, 1, '67890', 0, '2025-06-09 21:24:37', '2025-06-09 21:24:37'),
(41, 21, 'RFC123456789', 'Calle Principal 123', 1, 1, 1, '12345', 1, '2025-06-09 21:24:37', '2025-06-09 21:24:37'),
(42, 21, 'RFC987654321', 'Avenida Secundaria 456', 2, 2, 1, '67890', 0, '2025-06-09 21:24:37', '2025-06-09 21:24:37'),
(43, 22, 'RFC123456789', 'Calle Principal 123', 1, 1, 1, '12345', 1, '2025-06-09 21:24:37', '2025-06-09 21:24:37'),
(44, 22, 'RFC987654321', 'Avenida Secundaria 456', 2, 2, 1, '67890', 0, '2025-06-09 21:24:37', '2025-06-09 21:24:37'),
(45, 23, 'RFC123456789', 'Calle Principal 123', 1, 1, 1, '12345', 1, '2025-06-09 21:24:37', '2025-06-09 21:24:37'),
(46, 23, 'RFC987654321', 'Avenida Secundaria 456', 2, 2, 1, '67890', 0, '2025-06-09 21:24:37', '2025-06-09 21:24:37'),
(47, 24, 'RFC123456789', 'Calle Principal 123', 1, 1, 1, '12345', 1, '2025-06-09 21:24:37', '2025-06-09 21:24:37'),
(48, 24, 'RFC987654321', 'Avenida Secundaria 456', 2, 2, 1, '67890', 0, '2025-06-09 21:24:37', '2025-06-09 21:24:37'),
(49, 25, 'RFC123456789', 'Calle Principal 123', 1, 1, 1, '12345', 1, '2025-06-09 21:24:37', '2025-06-09 21:24:37'),
(50, 25, 'RFC987654321', 'Avenida Secundaria 456', 2, 2, 1, '67890', 0, '2025-06-09 21:24:37', '2025-06-09 21:24:37'),
(51, 26, 'RFC123456789', 'Calle Principal 123', 1, 1, 1, '12345', 1, '2025-06-09 21:24:37', '2025-06-09 21:24:37'),
(52, 26, 'RFC987654321', 'Avenida Secundaria 456', 2, 2, 1, '67890', 0, '2025-06-09 21:24:37', '2025-06-09 21:24:37'),
(53, 27, 'RFC123456789', 'Calle Principal 123', 1, 1, 1, '12345', 1, '2025-06-09 21:24:37', '2025-06-09 21:24:37'),
(54, 27, 'RFC987654321', 'Avenida Secundaria 456', 2, 2, 1, '67890', 0, '2025-06-09 21:24:37', '2025-06-09 21:24:37'),
(55, 28, 'RFC123456789', 'Calle Principal 123', 1, 1, 1, '12345', 1, '2025-06-09 21:24:37', '2025-06-09 21:24:37'),
(56, 28, 'RFC987654321', 'Avenida Secundaria 456', 2, 2, 1, '67890', 0, '2025-06-09 21:24:37', '2025-06-09 21:24:37'),
(57, 29, 'RFC123456789', 'Calle Principal 123', 1, 1, 1, '12345', 1, '2025-06-09 21:24:37', '2025-06-09 21:24:37'),
(58, 29, 'RFC987654321', 'Avenida Secundaria 456', 2, 2, 1, '67890', 0, '2025-06-09 21:24:37', '2025-06-09 21:24:37'),
(59, 30, 'RFC123456789', 'Calle Principal 123', 1, 1, 1, '12345', 1, '2025-06-09 21:24:37', '2025-06-09 21:24:37'),
(60, 30, 'RFC987654321', 'Avenida Secundaria 456', 2, 2, 1, '67890', 0, '2025-06-09 21:24:37', '2025-06-09 21:24:37'),
(61, 31, 'RFC123456789', 'Calle Principal 123', 1, 1, 1, '12345', 1, '2025-06-09 21:24:37', '2025-06-09 21:24:37'),
(62, 31, 'RFC987654321', 'Avenida Secundaria 456', 2, 2, 1, '67890', 0, '2025-06-09 21:24:37', '2025-06-09 21:24:37'),
(63, 32, 'RFC123456789', 'Calle Principal 123', 1, 1, 1, '12345', 1, '2025-06-09 21:24:37', '2025-06-09 21:24:37'),
(64, 32, 'RFC987654321', 'Avenida Secundaria 456', 2, 2, 1, '67890', 0, '2025-06-09 21:24:37', '2025-06-09 21:24:37'),
(65, 33, 'RFC123456789', 'Calle Principal 123', 1, 1, 1, '12345', 1, '2025-06-09 21:24:37', '2025-06-09 21:24:37'),
(66, 33, 'RFC987654321', 'Avenida Secundaria 456', 2, 2, 1, '67890', 0, '2025-06-09 21:24:37', '2025-06-09 21:24:37'),
(67, 34, 'RFC123456789', 'Calle Principal 123', 1, 1, 1, '12345', 1, '2025-06-09 21:24:37', '2025-06-09 21:24:37'),
(68, 34, 'RFC987654321', 'Avenida Secundaria 456', 2, 2, 1, '67890', 0, '2025-06-09 21:24:37', '2025-06-09 21:24:37'),
(69, 35, 'RFC123456789', 'Calle Principal 123', 1, 1, 1, '12345', 1, '2025-06-09 21:24:37', '2025-06-09 21:24:37'),
(70, 35, 'RFC987654321', 'Avenida Secundaria 456', 2, 2, 1, '67890', 0, '2025-06-09 21:24:37', '2025-06-09 21:24:37'),
(71, 36, 'RFC123456789', 'Calle Principal 123', 1, 1, 1, '12345', 1, '2025-06-09 21:24:37', '2025-06-09 21:24:37'),
(72, 36, 'RFC987654321', 'Avenida Secundaria 456', 2, 2, 1, '67890', 0, '2025-06-09 21:24:37', '2025-06-09 21:24:37'),
(73, 37, 'RFC123456789', 'Calle Principal 123', 1, 1, 1, '12345', 1, '2025-06-09 21:24:37', '2025-06-09 21:24:37'),
(74, 37, 'RFC987654321', 'Avenida Secundaria 456', 2, 2, 1, '67890', 0, '2025-06-09 21:24:37', '2025-06-09 21:24:37'),
(75, 38, 'RFC123456789', 'Calle Principal 123', 1, 1, 1, '12345', 1, '2025-06-09 21:24:37', '2025-06-09 21:24:37'),
(76, 38, 'RFC987654321', 'Avenida Secundaria 456', 2, 2, 1, '67890', 0, '2025-06-09 21:24:37', '2025-06-09 21:24:37'),
(77, 39, 'RFC123456789', 'Calle Principal 123', 1, 1, 1, '12345', 1, '2025-06-09 21:24:37', '2025-06-09 21:24:37'),
(78, 39, 'RFC987654321', 'Avenida Secundaria 456', 2, 2, 1, '67890', 0, '2025-06-09 21:24:37', '2025-06-09 21:24:37'),
(79, 40, 'RFC123456789', 'Calle Principal 123', 1, 1, 1, '12345', 1, '2025-06-09 21:24:37', '2025-06-09 21:24:37'),
(80, 40, 'RFC987654321', 'Avenida Secundaria 456', 2, 2, 1, '67890', 0, '2025-06-09 21:24:37', '2025-06-09 21:24:37'),
(81, 41, 'RFC123456789', 'Calle Principal 123', 1, 1, 1, '12345', 1, '2025-06-09 21:24:37', '2025-06-09 21:24:37'),
(82, 41, 'RFC987654321', 'Avenida Secundaria 456', 2, 2, 1, '67890', 0, '2025-06-09 21:24:37', '2025-06-09 21:24:37'),
(83, 42, 'RFC123456789', 'Calle Principal 123', 1, 1, 1, '12345', 1, '2025-06-09 21:24:37', '2025-06-09 21:24:37'),
(84, 42, 'RFC987654321', 'Avenida Secundaria 456', 2, 2, 1, '67890', 0, '2025-06-09 21:24:37', '2025-06-09 21:24:37'),
(85, 43, 'RFC123456789', 'Calle Principal 123', 1, 1, 1, '12345', 1, '2025-06-09 21:24:37', '2025-06-09 21:24:37'),
(86, 43, 'RFC987654321', 'Avenida Secundaria 456', 2, 2, 1, '67890', 0, '2025-06-09 21:24:37', '2025-06-09 21:24:37'),
(87, 44, 'RFC123456789', 'Calle Principal 123', 1, 1, 1, '12345', 1, '2025-06-09 21:24:37', '2025-06-09 21:24:37'),
(88, 44, 'RFC987654321', 'Avenida Secundaria 456', 2, 2, 1, '67890', 0, '2025-06-09 21:24:37', '2025-06-09 21:24:37'),
(89, 45, 'RFC123456789', 'Calle Principal 123', 1, 1, 1, '12345', 1, '2025-06-09 21:24:37', '2025-06-09 21:24:37'),
(90, 45, 'RFC987654321', 'Avenida Secundaria 456', 2, 2, 1, '67890', 0, '2025-06-09 21:24:37', '2025-06-09 21:24:37'),
(91, 46, 'RFC123456789', 'Calle Principal 123', 1, 1, 1, '12345', 1, '2025-06-09 21:24:37', '2025-06-09 21:24:37'),
(92, 46, 'RFC987654321', 'Avenida Secundaria 456', 2, 2, 1, '67890', 0, '2025-06-09 21:24:37', '2025-06-09 21:24:37'),
(93, 47, 'RFC123456789', 'Calle Principal 123', 1, 1, 1, '12345', 1, '2025-06-09 21:24:37', '2025-06-09 21:24:37'),
(94, 47, 'RFC987654321', 'Avenida Secundaria 456', 2, 2, 1, '67890', 0, '2025-06-09 21:24:37', '2025-06-09 21:24:37'),
(95, 48, 'RFC123456789', 'Calle Principal 123', 1, 1, 1, '12345', 1, '2025-06-09 21:24:37', '2025-06-09 21:24:37'),
(96, 48, 'RFC987654321', 'Avenida Secundaria 456', 2, 2, 1, '67890', 0, '2025-06-09 21:24:37', '2025-06-09 21:24:37'),
(97, 49, 'RFC123456789', 'Calle Principal 123', 1, 1, 1, '12345', 1, '2025-06-09 21:24:37', '2025-06-09 21:24:37'),
(98, 49, 'RFC987654321', 'Avenida Secundaria 456', 2, 2, 1, '67890', 0, '2025-06-09 21:24:37', '2025-06-09 21:24:37'),
(99, 50, 'RFC123456789', 'Calle Principal 123', 1, 1, 1, '12345', 1, '2025-06-09 21:24:37', '2025-06-09 21:24:37'),
(100, 50, 'RFC987654321', 'Avenida Secundaria 456', 2, 2, 1, '67890', 0, '2025-06-09 21:24:37', '2025-06-09 21:24:37'),
(101, 51, 'RFC123456789', 'Calle Principal 123', 1, 1, 1, '12345', 1, '2025-06-09 21:24:37', '2025-06-09 21:24:37'),
(102, 51, 'RFC987654321', 'Avenida Secundaria 456', 2, 2, 1, '67890', 0, '2025-06-09 21:24:37', '2025-06-09 21:24:37'),
(103, 52, 'RFC123456789', 'Calle Principal 123', 1, 1, 1, '12345', 1, '2025-06-09 21:24:37', '2025-06-09 21:24:37'),
(104, 52, 'RFC987654321', 'Avenida Secundaria 456', 2, 2, 1, '67890', 0, '2025-06-09 21:24:37', '2025-06-09 21:24:37'),
(105, 53, 'RFC123456789', 'Calle Principal 123', 1, 1, 1, '12345', 1, '2025-06-09 21:24:37', '2025-06-09 21:24:37'),
(106, 53, 'RFC987654321', 'Avenida Secundaria 456', 2, 2, 1, '67890', 0, '2025-06-09 21:24:37', '2025-06-09 21:24:37'),
(107, 54, 'RFC123456789', 'Calle Principal 123', 1, 1, 1, '12345', 1, '2025-06-09 21:24:37', '2025-06-09 21:24:37'),
(108, 54, 'RFC987654321', 'Avenida Secundaria 456', 2, 2, 1, '67890', 0, '2025-06-09 21:24:37', '2025-06-09 21:24:37'),
(109, 55, 'RFC123456789', 'Calle Principal 123', 1, 1, 1, '12345', 1, '2025-06-09 21:24:37', '2025-06-09 21:24:37'),
(110, 55, 'RFC987654321', 'Avenida Secundaria 456', 2, 2, 1, '67890', 0, '2025-06-09 21:24:37', '2025-06-09 21:24:37'),
(111, 56, 'RFC123456789', 'Calle Principal 123', 1, 1, 1, '12345', 1, '2025-06-09 21:24:37', '2025-06-09 21:24:37'),
(112, 56, 'RFC987654321', 'Avenida Secundaria 456', 2, 2, 1, '67890', 0, '2025-06-09 21:24:37', '2025-06-09 21:24:37'),
(113, 57, 'RFC123456789', 'Calle Principal 123', 1, 1, 1, '12345', 1, '2025-06-09 21:24:37', '2025-06-09 21:24:37'),
(114, 57, 'RFC987654321', 'Avenida Secundaria 456', 2, 2, 1, '67890', 0, '2025-06-09 21:24:37', '2025-06-09 21:24:37'),
(115, 58, 'RFC123456789', 'Calle Principal 123', 1, 1, 1, '12345', 1, '2025-06-09 21:24:37', '2025-06-09 21:24:37'),
(116, 58, 'RFC987654321', 'Avenida Secundaria 456', 2, 2, 1, '67890', 0, '2025-06-09 21:24:37', '2025-06-09 21:24:37'),
(117, 59, 'RFC123456789', 'Calle Principal 123', 1, 1, 1, '12345', 1, '2025-06-09 21:24:37', '2025-06-09 21:24:37'),
(118, 59, 'RFC987654321', 'Avenida Secundaria 456', 2, 2, 1, '67890', 0, '2025-06-09 21:24:37', '2025-06-09 21:24:37'),
(119, 60, 'RFC123456789', 'Calle Principal 123', 1, 1, 1, '12345', 1, '2025-06-09 21:24:37', '2025-06-09 21:24:37'),
(120, 60, 'RFC987654321', 'Avenida Secundaria 456', 2, 2, 1, '67890', 0, '2025-06-09 21:24:37', '2025-06-09 21:24:37'),
(121, 61, 'RFC123456789', 'Calle Principal 123', 1, 1, 1, '12345', 1, '2025-06-09 21:24:37', '2025-06-09 21:24:37'),
(122, 61, 'RFC987654321', 'Avenida Secundaria 456', 2, 2, 1, '67890', 0, '2025-06-09 21:24:37', '2025-06-09 21:24:37'),
(123, 62, 'RFC123456789', 'Calle Principal 123', 1, 1, 1, '12345', 1, '2025-06-09 21:24:37', '2025-06-09 21:24:37'),
(124, 62, 'RFC987654321', 'Avenida Secundaria 456', 2, 2, 1, '67890', 0, '2025-06-09 21:24:37', '2025-06-09 21:24:37'),
(125, 63, 'RFC123456789', 'Calle Principal 123', 1, 1, 1, '12345', 1, '2025-06-09 21:24:37', '2025-06-09 21:24:37'),
(126, 63, 'RFC987654321', 'Avenida Secundaria 456', 2, 2, 1, '67890', 0, '2025-06-09 21:24:37', '2025-06-09 21:24:37'),
(127, 64, 'RFC123456789', 'Calle Principal 123', 1, 1, 1, '12345', 1, '2025-06-09 21:24:37', '2025-06-09 21:24:37'),
(128, 64, 'RFC987654321', 'Avenida Secundaria 456', 2, 2, 1, '67890', 0, '2025-06-09 21:24:37', '2025-06-09 21:24:37'),
(129, 65, 'RFC123456789', 'Calle Principal 123', 1, 1, 1, '12345', 1, '2025-06-09 21:24:37', '2025-06-09 21:24:37'),
(130, 65, 'RFC987654321', 'Avenida Secundaria 456', 2, 2, 1, '67890', 0, '2025-06-09 21:24:37', '2025-06-09 21:24:37'),
(131, 66, 'RFC123456789', 'Calle Principal 123', 1, 1, 1, '12345', 1, '2025-06-09 21:24:37', '2025-06-09 21:24:37'),
(132, 66, 'RFC987654321', 'Avenida Secundaria 456', 2, 2, 1, '67890', 0, '2025-06-09 21:24:37', '2025-06-09 21:24:37'),
(133, 67, 'RFC123456789', 'Calle Principal 123', 1, 1, 1, '12345', 1, '2025-06-09 21:24:37', '2025-06-09 21:24:37'),
(134, 67, 'RFC987654321', 'Avenida Secundaria 456', 2, 2, 1, '67890', 0, '2025-06-09 21:24:37', '2025-06-09 21:24:37');

--
-- Volcado de datos para la tabla `empresas`
--

REPLACE INTO `empresas` (`id`, `nombre`, `rfc`, `telefono`, `direccion`, `created_at`, `updated_at`) VALUES
(1, 'Leuschke Ltd', 'DMRN148282', '(786) 488-7585', '571 Kulas Forges\nNew Lindsayside, ID 85189', '2025-06-09 21:24:29', '2025-06-09 21:24:29'),
(2, 'Rath-Schumm', 'LSYZ289125', '1-463-327-1140', '98212 Peter Key Apt. 773\nNorth Ernestside, VA 14268', '2025-06-09 21:24:29', '2025-06-09 21:24:29'),
(3, 'Littel-Quitzon', 'GIWX708639', '518-606-1774', '8291 Guiseppe Trace Suite 848\nDibbertburgh, FL 31430-4872', '2025-06-09 21:24:29', '2025-06-09 21:24:29'),
(4, 'Kris-Upton', 'TPTV608808', '(443) 464-4668', '94915 Norene Tunnel Apt. 728\nSouth Arne, NV 82553-4101', '2025-06-09 21:24:29', '2025-06-09 21:24:29'),
(5, 'Leannon-OKeefe', 'STVT130125', '1-952-343-1982', '83820 Jaida Stream Apt. 888\nEast Lionel, PA 21501', '2025-06-09 21:24:29', '2025-06-09 21:24:29');

--
-- Volcado de datos para la tabla `estados`
--

REPLACE INTO `estados` (`id`, `pais_id`, `nombre`, `created_at`, `updated_at`) VALUES
(1, 1, 'Ciudad de México', '2025-06-09 21:24:27', '2025-06-09 21:24:27'),
(2, 1, 'Jalisco', '2025-06-09 21:24:27', '2025-06-09 21:24:27'),
(3, 1, 'Nuevo León', '2025-06-09 21:24:27', '2025-06-09 21:24:27'),
(4, 1, 'Yucatán', '2025-06-09 21:24:27', '2025-06-09 21:24:27'),
(5, 2, 'California', '2025-06-09 21:24:27', '2025-06-09 21:24:27'),
(6, 2, 'Texas', '2025-06-09 21:24:27', '2025-06-09 21:24:27'),
(7, 2, 'Nueva York', '2025-06-09 21:24:27', '2025-06-09 21:24:27'),
(8, 2, 'Florida', '2025-06-09 21:24:27', '2025-06-09 21:24:27');

--
-- Volcado de datos para la tabla `grupos_orden`
--

REPLACE INTO `grupos_orden` (`id`, `nombre`, `created_at`, `updated_at`) VALUES
(1, 'Preproyecto', '2025-05-15 18:36:50', '2025-05-15 18:36:50'),
(2, 'Test', '2025-05-15 19:36:36', '2025-05-15 19:36:36'),
(3, 'DashboardCliente', '2025-05-15 22:15:13', '2025-05-15 22:15:13'),
(4, 'AsideNav', '2025-05-15 23:28:02', '2025-05-15 23:28:02'),
(5, 'Admin', '2025-05-19 17:52:21', '2025-05-19 17:52:21'),
(6, 'vistaproyecto', '2025-05-19 19:03:39', '2025-05-19 19:03:39'),
(7, 'VistaProyectoCliente', '2025-05-20 17:35:20', '2025-05-20 17:35:20'),
(8, 'VistaProyectoDiseñador', '2025-05-20 19:03:46', '2025-05-20 19:03:46'),
(9, 'JefeDiseñador', '2025-05-20 23:13:55', '2025-05-20 23:13:55'),
(10, 'Diseñador', '2025-05-21 21:41:15', '2025-05-21 21:41:15');

--
-- Volcado de datos para la tabla `grupos_tallas`
--

REPLACE INTO `grupos_tallas` (`id`, `nombre`, `created_at`, `updated_at`, `ind_activo`) VALUES
(1, 'Hombre', '2025-05-06 22:38:48', '2025-05-06 22:39:33', 1),
(2, 'Mujer', '2025-05-06 22:39:52', '2025-05-06 22:39:52', 1);

--
-- Volcado de datos para la tabla `grupo_orden_permission`
--

REPLACE INTO `grupo_orden_permission` (`id`, `grupo_orden_id`, `permission_id`, `orden`, `created_at`, `updated_at`) VALUES
(12, 3, 14, 1, '2025-05-15 22:59:33', '2025-06-27 18:09:21'),
(13, 3, 13, 2, '2025-05-15 22:59:33', '2025-06-27 18:09:21'),
(16, 3, 15, 3, '2025-05-15 23:12:16', '2025-06-27 18:09:21'),
(17, 4, 16, 1, '2025-05-16 00:09:55', '2025-05-16 00:09:55'),
(18, 4, 17, 2, '2025-05-16 00:09:55', '2025-05-16 00:09:55'),
(20, 4, 18, 4, '2025-05-16 00:09:55', '2025-05-16 00:09:55'),
(21, 5, 16, 1, '2025-05-19 17:52:21', '2025-06-26 14:45:31'),
(22, 5, 20, 2, '2025-05-19 17:52:21', '2025-06-26 14:45:31'),
(23, 5, 6, 3, '2025-05-19 17:52:21', '2025-06-26 14:45:31'),
(24, 5, 13, 4, '2025-05-19 17:52:21', '2025-06-26 14:45:31'),
(25, 5, 4, 5, '2025-05-19 17:52:21', '2025-06-26 14:45:31'),
(26, 5, 9, 6, '2025-05-19 17:52:21', '2025-06-26 14:45:31'),
(27, 5, 12, 7, '2025-05-19 17:52:21', '2025-06-26 14:45:31'),
(28, 5, 19, 8, '2025-05-19 17:52:21', '2025-06-26 14:45:31'),
(29, 5, 18, 9, '2025-05-19 17:52:21', '2025-06-26 14:45:31'),
(30, 5, 14, 10, '2025-05-19 17:52:21', '2025-06-26 14:45:31'),
(31, 5, 5, 11, '2025-05-19 17:52:21', '2025-06-26 14:45:31'),
(32, 5, 1, 12, '2025-05-19 17:52:21', '2025-06-26 14:45:31'),
(33, 5, 8, 13, '2025-05-19 17:52:21', '2025-06-26 14:45:31'),
(34, 5, 10, 14, '2025-05-19 17:52:21', '2025-06-26 14:45:31'),
(35, 5, 17, 15, '2025-05-19 17:52:21', '2025-06-26 14:45:31'),
(36, 5, 21, 16, '2025-05-19 17:52:21', '2025-06-26 14:45:31'),
(37, 5, 15, 17, '2025-05-19 17:52:21', '2025-06-26 14:45:31'),
(38, 5, 2, 18, '2025-05-19 17:52:21', '2025-06-26 14:45:31'),
(39, 5, 7, 19, '2025-05-19 17:52:21', '2025-06-26 14:45:31'),
(40, 5, 3, 20, '2025-05-19 17:52:21', '2025-06-26 14:45:31'),
(41, 5, 11, 21, '2025-05-19 17:52:21', '2025-06-26 14:45:31'),
(42, 6, 22, 1, '2025-05-19 19:04:28', '2025-05-20 00:32:38'),
(43, 6, 23, 2, '2025-05-19 19:04:28', '2025-05-20 00:32:38'),
(44, 6, 24, 3, '2025-05-19 19:04:28', '2025-05-20 00:32:38'),
(48, 6, 29, 4, '2025-05-20 00:02:26', '2025-05-20 00:32:38'),
(50, 7, 23, 2, '2025-05-20 17:35:20', '2025-06-17 18:00:24'),
(52, 7, 29, 1, '2025-05-20 17:35:20', '2025-06-17 18:00:24'),
(56, 7, 30, 3, '2025-05-20 19:09:34', '2025-06-17 18:00:24'),
(57, 8, 16, 1, '2025-05-20 23:14:08', '2025-05-21 00:46:56'),
(58, 8, 19, 2, '2025-05-20 23:15:55', '2025-05-21 00:46:56'),
(59, 8, 33, 3, '2025-05-21 00:11:26', '2025-05-21 00:46:56'),
(60, 8, 32, 4, '2025-05-21 00:11:26', '2025-05-21 00:46:56'),
(61, 5, 24, 22, '2025-05-21 18:01:33', '2025-06-26 14:45:31'),
(62, 5, 27, 23, '2025-05-21 18:01:33', '2025-06-26 14:45:31'),
(63, 5, 30, 24, '2025-05-21 18:01:33', '2025-06-26 14:45:31'),
(64, 5, 25, 25, '2025-05-21 18:01:33', '2025-06-26 14:45:31'),
(65, 5, 26, 26, '2025-05-21 18:01:33', '2025-06-26 14:45:31'),
(66, 5, 28, 27, '2025-05-21 18:01:33', '2025-06-26 14:45:31'),
(67, 5, 22, 28, '2025-05-21 18:01:33', '2025-06-26 14:45:31'),
(68, 5, 33, 29, '2025-05-21 18:01:33', '2025-06-26 14:45:31'),
(69, 5, 32, 30, '2025-05-21 18:01:33', '2025-06-26 14:45:31'),
(70, 5, 29, 31, '2025-05-21 18:01:33', '2025-06-26 14:45:31'),
(71, 5, 23, 32, '2025-05-21 18:01:33', '2025-06-26 14:45:31'),
(72, 5, 31, 33, '2025-05-21 18:01:33', '2025-06-26 14:45:31'),
(73, 10, 32, 1, '2025-05-21 21:41:15', '2025-06-19 16:02:38'),
(75, 10, 19, 2, '2025-05-21 21:42:48', '2025-06-19 16:02:38'),
(76, 10, 16, 3, '2025-05-21 22:32:05', '2025-06-19 16:02:38'),
(77, 5, 35, 34, '2025-05-22 18:45:48', '2025-06-26 14:45:31'),
(78, 5, 34, 35, '2025-05-22 20:32:25', '2025-06-26 14:45:31'),
(79, 5, 36, 36, '2025-05-22 20:38:02', '2025-06-26 14:45:31'),
(80, 3, 18, 4, '2025-05-22 21:36:26', '2025-06-27 18:09:21'),
(81, 3, 17, 5, '2025-05-22 21:36:26', '2025-06-27 18:09:21'),
(82, 3, 16, 6, '2025-05-22 21:36:26', '2025-06-27 18:09:21'),
(83, 5, 37, 37, '2025-05-22 22:05:07', '2025-06-26 14:45:31'),
(84, 5, 38, 38, '2025-05-22 22:15:25', '2025-06-26 14:45:31'),
(85, 3, 30, 7, '2025-05-22 22:23:54', '2025-06-27 18:09:21'),
(86, 3, 12, 8, '2025-05-22 22:26:30', '2025-06-27 18:09:21'),
(87, 3, 29, 9, '2025-05-22 22:27:28', '2025-06-27 18:09:21'),
(88, 3, 23, 10, '2025-05-22 22:27:45', '2025-06-27 18:09:21'),
(89, 7, 40, 4, '2025-06-12 22:25:07', '2025-06-17 18:00:24'),
(90, 7, 39, 5, '2025-06-12 22:25:07', '2025-06-17 18:00:24'),
(91, 7, 41, 6, '2025-06-12 22:25:07', '2025-06-17 18:00:24'),
(92, 5, 40, 39, '2025-06-12 22:31:44', '2025-06-26 14:45:31'),
(93, 5, 39, 40, '2025-06-12 22:31:44', '2025-06-26 14:45:31'),
(94, 5, 41, 41, '2025-06-12 22:31:44', '2025-06-26 14:45:31'),
(95, 10, 42, 4, '2025-06-12 22:49:17', '2025-06-19 16:02:38'),
(96, 5, 43, 42, '2025-06-12 22:58:49', '2025-06-26 14:45:31'),
(97, 5, 42, 43, '2025-06-12 22:58:49', '2025-06-26 14:45:31'),
(98, 3, 39, 11, '2025-06-17 17:19:53', '2025-06-27 18:09:21'),
(99, 10, 44, 5, '2025-06-19 15:27:08', '2025-06-19 16:02:38'),
(100, 5, 44, 44, '2025-06-19 15:54:10', '2025-06-26 14:45:31'),
(101, 9, 32, 1, '2025-06-19 16:04:46', '2025-06-19 16:04:46'),
(102, 9, 21, 2, '2025-06-19 16:04:46', '2025-06-19 16:04:46'),
(103, 9, 16, 3, '2025-06-19 16:04:46', '2025-06-19 16:04:46'),
(104, 9, 31, 4, '2025-06-19 16:04:46', '2025-06-19 16:04:46'),
(105, 9, 44, 5, '2025-06-19 16:04:46', '2025-06-19 16:04:46'),
(106, 5, 46, 45, '2025-06-26 14:37:22', '2025-06-26 14:45:31'),
(107, 5, 45, 46, '2025-06-26 14:45:31', '2025-06-26 14:45:31'),
(108, 3, 46, 12, '2025-06-26 14:45:40', '2025-06-27 18:09:21');

--
-- Volcado de datos para la tabla `grupo_tallas_detalle`
--

REPLACE INTO `grupo_tallas_detalle` (`id`, `grupo_talla_id`, `talla_id`, `created_at`, `updated_at`) VALUES
(7, 1, 1, NULL, NULL),
(8, 1, 2, NULL, NULL),
(9, 1, 3, NULL, NULL),
(10, 1, 4, NULL, NULL),
(11, 1, 5, NULL, NULL),
(12, 1, 6, NULL, NULL),
(13, 1, 7, NULL, NULL),
(14, 2, 1, NULL, NULL),
(15, 2, 2, NULL, NULL),
(16, 2, 3, NULL, NULL),
(17, 2, 4, NULL, NULL),
(18, 2, 5, NULL, NULL),
(19, 2, 6, NULL, NULL);

--
-- Volcado de datos para la tabla `mensajes_chat`
--

REPLACE INTO `mensajes_chat` (`id`, `chat_id`, `usuario_id`, `mensaje`, `tipo`, `fecha_envio`, `created_at`, `updated_at`) VALUES
(1, 2, 2, 'test', 1, '2025-06-11 16:20:01', '2025-06-11 16:20:01', '2025-06-11 16:20:01'),
(2, 3, 2, 'sasd', 1, '2025-06-12 21:13:53', '2025-06-12 21:13:53', '2025-06-12 21:13:53'),
(3, 3, 2, 'Test', 1, '2025-06-12 21:58:25', '2025-06-12 21:58:25', '2025-06-12 21:58:25'),
(4, 3, 2, 'test', 1, '2025-06-12 21:58:30', '2025-06-12 21:58:30', '2025-06-12 21:58:30'),
(5, 2, 2, 'Se subió un nuevo archivo de diseño y se cambió el estado a REVISION.', 2, '2025-06-13 17:19:06', '2025-06-13 17:19:06', '2025-06-13 17:19:06'),
(6, 2, 2, 'El cliente rechazó el diseño. Comentario: Rechazo Pro ', 2, '2025-06-13 18:16:52', '2025-06-13 18:16:52', '2025-06-13 18:16:52'),
(7, 5, 2, 'Test', 1, '2025-06-13 22:42:28', '2025-06-13 22:42:28', '2025-06-13 22:42:28'),
(8, 5, 2, 'Se subió un nuevo archivo de diseño y se cambió el estado a REVISION.', 2, '2025-06-16 15:37:07', '2025-06-16 15:37:07', '2025-06-16 15:37:07'),
(9, 5, 2, 'El cliente aprobó el diseño. Estado actualizado a DISEÑO APROBADO.', 2, '2025-06-16 15:37:50', '2025-06-16 15:37:50', '2025-06-16 15:37:50'),
(10, 2, 2, 'Se subió un nuevo archivo de diseño y se cambió el estado a REVISION.', 2, '2025-06-16 18:45:36', '2025-06-16 18:45:36', '2025-06-16 18:45:36'),
(11, 2, 2, 'El cliente aprobó el diseño. Estado actualizado a DISEÑO APROBADO.', 2, '2025-06-17 16:06:33', '2025-06-17 16:06:33', '2025-06-17 16:06:33'),
(12, 6, 13, 'Se subió un nuevo archivo de diseño y se cambió el estado a REVISION.', 2, '2025-06-17 17:54:50', '2025-06-17 17:54:50', '2025-06-17 17:54:50'),
(13, 6, 55, 'El cliente rechazó el diseño. Comentario: Falta mas deefinicion en el diseño ', 2, '2025-06-17 18:01:18', '2025-06-17 18:01:18', '2025-06-17 18:01:18'),
(14, 6, 13, 'Se subió un nuevo archivo de diseño y se cambió el estado a REVISION.', 2, '2025-06-17 18:02:38', '2025-06-17 18:02:38', '2025-06-17 18:02:38'),
(15, 6, 55, 'El cliente aprobó el diseño. Estado actualizado a DISEÑO APROBADO.', 2, '2025-06-17 18:14:45', '2025-06-17 18:14:45', '2025-06-17 18:14:45'),
(16, 1, 2, 'Test', 1, '2025-06-18 17:43:37', '2025-06-18 15:43:37', '2025-06-18 15:43:37'),
(17, 7, 2, 'Test ', 1, '2025-06-18 18:54:15', '2025-06-18 16:54:15', '2025-06-18 16:54:15'),
(18, 7, 12, 'Se subió un nuevo archivo de diseño y se cambió el estado a REVISION.', 2, '2025-06-18 16:57:28', '2025-06-18 16:57:28', '2025-06-18 16:57:28'),
(19, 7, 18, 'El cliente rechazó el diseño. Comentario: Test rechazo', 2, '2025-06-18 17:03:08', '2025-06-18 17:03:08', '2025-06-18 17:03:08'),
(20, 7, 12, 'Se subió un nuevo archivo de diseño y se cambió el estado a REVISION.', 2, '2025-06-18 17:16:30', '2025-06-18 17:16:30', '2025-06-18 17:16:30'),
(21, 8, 12, 'Se subió un nuevo archivo de diseño y se cambió el estado a REVISION.', 2, '2025-06-18 17:16:48', '2025-06-18 17:16:48', '2025-06-18 17:16:48'),
(22, 9, 13, 'Se subió un nuevo archivo de diseño y se cambió el estado a REVISION.', 2, '2025-06-18 17:30:37', '2025-06-18 17:30:37', '2025-06-18 17:30:37'),
(23, 10, 12, 'Se subió un nuevo archivo de diseño y se cambió el estado a REVISION.', 2, '2025-06-18 17:38:07', '2025-06-18 17:38:07', '2025-06-18 17:38:07'),
(24, 10, 12, 'Tesst', 1, '2025-06-18 20:47:57', '2025-06-18 18:47:57', '2025-06-18 18:47:57'),
(25, 10, 12, 'Tesst', 1, '2025-06-18 20:48:08', '2025-06-18 18:48:08', '2025-06-18 18:48:08'),
(26, 10, 12, 'test', 1, '2025-06-18 20:48:37', '2025-06-18 18:48:37', '2025-06-18 18:48:37'),
(27, 10, 12, 'test', 1, '2025-06-18 21:01:31', '2025-06-18 19:01:31', '2025-06-18 19:01:31'),
(28, 10, 12, 'test', 1, '2025-06-18 21:03:53', '2025-06-18 19:03:53', '2025-06-18 19:03:53'),
(29, 10, 12, 'test', 1, '2025-06-18 21:10:58', '2025-06-18 19:10:58', '2025-06-18 19:10:58'),
(30, 7, 12, 'test', 1, '2025-06-18 22:34:28', '2025-06-18 20:34:28', '2025-06-18 20:34:28'),
(31, 11, 12, 'Se subió un nuevo archivo de diseño y se cambió el estado a REVISION.', 2, '2025-06-19 20:38:39', '2025-06-19 20:38:39', '2025-06-19 20:38:39'),
(32, 11, 61, 'El cliente rechazó el diseño. Comentario: Necesito que vayan a la verga\n\\', 2, '2025-06-19 20:54:12', '2025-06-19 20:54:12', '2025-06-19 20:54:12'),
(33, 11, 12, 'Se subió un nuevo archivo de diseño y se cambió el estado a REVISION.', 2, '2025-06-19 20:56:03', '2025-06-19 20:56:03', '2025-06-19 20:56:03'),
(34, 11, 61, 'El cliente aprobó el diseño. Estado actualizado a DISEÑO APROBADO.', 2, '2025-06-19 21:03:21', '2025-06-19 21:03:21', '2025-06-19 21:03:21'),
(35, 9, 2, 'El clienteAdmin User aprobó el diseño. Estado actualizado a DISEÑO APROBADO.', 2, '2025-07-11 22:01:48', '2025-07-11 22:01:48', '2025-07-11 22:01:48');

--
-- Volcado de datos para la tabla `migrations`
--

REPLACE INTO `migrations` (`id`, `migration`, `batch`) VALUES
(232, '2025_04_22_133524_create_ordenes_produccion_table', 1),
(283, '0000_00_00_000000_create_websockets_statistics_entries_table', 1),
(284, '2013_12_05_003039_create_permission_tables', 1),
(285, '2014_10_12_000000_create_users_table', 1),
(286, '2014_10_12_100000_create_password_reset_tokens_table', 1),
(287, '2019_08_19_000000_create_failed_jobs_table', 1),
(288, '2019_12_14_000001_create_personal_access_tokens_table', 1),
(289, '2024_12_09_183955_add_role_id_to_users_table', 1),
(290, '2024_12_13_211123_create_categorias_table', 1),
(291, '2024_12_13_211144_create_productos_table', 1),
(292, '2024_12_13_211250_create_caracteristicas_table', 1),
(293, '2024_12_13_211339_create_opciones_table', 1),
(294, '2024_12_18_225845_create_clientes_table', 1),
(295, '2024_12_18_225935_create_proveedores_table', 1),
(296, '2024_12_18_231531_create_proyectos_table', 1),
(297, '2024_12_18_231651_create_tareas_table', 1),
(298, '2024_12_18_231652_create_pedido_table', 1),
(299, '2024_12_18_233613_create_tallas_table', 1),
(300, '2024_12_18_233732_create_pedido_tallas_table', 1),
(301, '2024_12_18_234429_create_pedido_caracteristicas_table', 1),
(302, '2024_12_18_234524_create_pedido_opciones_table', 1),
(303, '2025_01_07_195750_create_chats_table', 1),
(304, '2025_01_07_195826_create_mensajes_chat_table', 1),
(305, '2025_01_07_233251_create_archivos_proyecto_table', 1),
(306, '2025_01_17_163731_create_pre_proyectos_table', 1),
(307, '2025_01_17_194537_create_proyecto_estados_table', 1),
(308, '2025_01_17_195315_create_proyecto_referencias_table', 1),
(309, '2025_01_17_210958_modify_pedido_add_pre', 1),
(310, '2025_01_17_211530_modify_archivos_proyecto_add_pre', 1),
(311, '2025_01_20_202849_create_paises_table', 1),
(312, '2025_01_21_194214_create_estados_table', 1),
(313, '2025_01_21_194236_create_ciudades_table', 1),
(314, '2025_01_21_194349_create_tipo_envio_table', 1),
(315, '2025_01_21_194411_create_ciudades_tipo_envio_table', 1),
(316, '2025_01_22_222747_create_direcciones_fiscales_table', 1),
(317, '2025_01_22_222820_create_direcciones_entrega_table', 1),
(318, '2025_01_27_163644_create_categoria_producto_table', 1),
(319, '2025_01_27_164133_create_producto_caracteristica_table', 1),
(320, '2025_01_27_172946_create_caracteristica_opcion_table', 1),
(321, '2025_02_25_160900_create_notifications_table', 1),
(322, '2025_02_27_160642_add_categoria_id_to_productos_table', 1),
(323, '2025_02_27_183236_add_flag_tallas_table', 1),
(324, '2025_02_27_205901_add_name_id_contacto_direcciones_entrega_table', 1),
(325, '2025_03_03_163637_add_ind_activo_categorias_table', 1),
(326, '2025_03_03_181627_grupos_tallas_table', 1),
(327, '2025_03_03_181722_grupo_tallas_detalle', 1),
(328, '2025_03_03_182222_producto_grupo_talla_detalle', 1),
(329, '2025_03_04_165806_create_categoria_caracteristica_table', 1),
(330, '2025_03_04_234610_add_pedido_table', 1),
(331, '2025_03_05_163008_pedido_estados', 1),
(332, '2025_03_05_170344_modify_proyectos_table', 1),
(333, '2025_03_13_232615_add_grupo_talla_id_to_pedido_tallas', 1),
(334, '2025_03_14_180235_modify_cliente_id_and_add_user_id_to_pedido_table', 1),
(335, '2025_03_14_211912_add_id_pedido_tallas_table', 1),
(336, '2025_03_18_225731_add_cliente_id_to_pre_proyectos_table', 1),
(337, '2025_03_18_233930_modify_usuario_id_in_proyectos_table', 1),
(338, '2025_03_19_160433_modify_estado_in_proyectos_table', 1),
(339, '2025_03_20_164204_add_proceso_status_to_proyectos_table', 1),
(340, '2025_03_20_193555_add_rechazado_cancelado_status_to_tareas_table', 1),
(341, '2025_03_20_231705_add_comentario_url_to_proyecto_estados_table', 1),
(342, '2025_03_20_235020_add_disenio_flag_first_proceso_to_tareas_table', 1),
(343, '2025_03_24_172359_add_tipo_to_mensajes_chat_table', 1),
(344, '2025_03_25_182018_add_url_and_last_uploaded_file_id_to_pedido_table', 1),
(345, '2025_03_31_164135_add_ind_activo_to_table_productos', 1),
(346, '2025_03_31_165228_add_ind_activo_to_table_caracteristicas', 1),
(347, '2025_03_31_165755_add_ind_activo_to_table_opciones', 1),
(348, '2025_03_31_170727_add_ind_activo_to_table_tallas', 1),
(349, '2025_03_31_205320_add_ind_activo_to_table_grupos_tallas', 1),
(350, '2025_04_04_191754_add_flag_aprobar_sin_fechas_to_pedido_table', 1),
(351, '2025_04_07_180239_add_tipo_to_tareas_table', 1),
(352, '2025_04_11_122148_update_pasos_and_minutopaso_to_float_in_opciones_table', 1),
(353, '2025_04_11_124736_add_total_minutos_and_total_pasos_to_pedido_table', 1),
(354, '2025_04_11_170055_change_minutopaso_to_time_in_opciones_table', 1),
(355, '2025_04_16_122134_add_flag_armado_to_producto_caracteristica_table', 1),
(356, '2025_04_21_113305_add_flag_armado_proyecto_pedido', 1),
(357, '2025_04_21_113914_add_flag_armado_preproyecto', 1),
(358, '2025_04_22_133553_tareas_produccion', 1),
(359, '2025_04_22_134554_create_pedido_tarea_table', 1),
(360, '2025_04_29_162625_create_ordenes_produccion_table', 1),
(361, '2025_04_29_162846_create_pedido_orden_produccion_table', 1),
(362, '2025_04_29_162858_create_orden_corte_table', 1),
(363, '2025_05_02_144315_create_layouts_table', 1),
(364, '2025_05_02_144452_create_layout_elementos_table', 1),
(365, '2025_05_05_155820_add_letra_to_layout_elementos_table', 1),
(366, '2025_05_15_114352_create_grupos_orden_table', 1),
(367, '2025_05_15_114451_create_grupo_orden_permission_table', 1),
(368, '2025_05_27_151849_add_tipo_carga_to_archivos_proyecto_table', 1),
(369, '2025_05_27_154643_add_flag_descarga_to_archivos_proyecto_table', 1),
(370, '2025_05_28_131605_add_config_to_users_table', 1),
(371, '2025_05_29_115832_add_user_can_sel_preproyectos_to_users_table', 1),
(372, '2025_06_03_131351_create_empresas_table', 1),
(373, '2025_06_03_131352_create_sucursales_table', 1),
(374, '2025_06_03_131353_add_rol_empresa_sucursal_to_users_table', 1),
(375, '2025_06_03_152200_create_sucursal_user_table', 1),
(376, '2025_06_05_155410_add_subordinados_to_users_table', 1),
(377, '2025_06_13_120944_alter_pedido_table_make_id_tipo_envio_nullable', 2),
(911, '0000_00_00_000000_create_websockets_statistics_entries_table', 2),
(912, '2013_12_05_003039_create_permission_tables', 2),
(913, '2014_10_12_000000_create_users_table', 2),
(914, '2014_10_12_100000_create_password_reset_tokens_table', 2),
(915, '2019_08_19_000000_create_failed_jobs_table', 2),
(916, '2019_12_14_000001_create_personal_access_tokens_table', 2),
(917, '2024_12_09_183955_add_role_id_to_users_table', 2),
(918, '2024_12_13_211123_create_categorias_table', 2),
(919, '2024_12_13_211144_create_productos_table', 2),
(920, '2024_12_13_211250_create_caracteristicas_table', 2),
(921, '2024_12_13_211339_create_opciones_table', 2),
(922, '2024_12_18_225845_create_clientes_table', 2),
(923, '2024_12_18_225935_create_proveedores_table', 2),
(924, '2024_12_18_231531_create_proyectos_table', 2),
(925, '2024_12_18_231651_create_tareas_table', 2),
(926, '2024_12_18_231652_create_pedido_table', 2),
(927, '2024_12_18_233613_create_tallas_table', 2),
(928, '2024_12_18_233732_create_pedido_tallas_table', 2),
(929, '2024_12_18_234429_create_pedido_caracteristicas_table', 2),
(930, '2024_12_18_234524_create_pedido_opciones_table', 2),
(931, '2025_01_07_195750_create_chats_table', 2),
(932, '2025_01_07_195826_create_mensajes_chat_table', 2),
(933, '2025_01_07_233251_create_archivos_proyecto_table', 2),
(934, '2025_01_17_163731_create_pre_proyectos_table', 2),
(935, '2025_01_17_194537_create_proyecto_estados_table', 2),
(936, '2025_01_17_195315_create_proyecto_referencias_table', 2),
(937, '2025_01_17_210958_modify_pedido_add_pre', 2),
(938, '2025_01_17_211530_modify_archivos_proyecto_add_pre', 2),
(939, '2025_01_20_202849_create_paises_table', 2),
(940, '2025_01_21_194214_create_estados_table', 2),
(941, '2025_01_21_194236_create_ciudades_table', 2),
(942, '2025_01_21_194349_create_tipo_envio_table', 2),
(943, '2025_01_21_194411_create_ciudades_tipo_envio_table', 2),
(944, '2025_01_22_222747_create_direcciones_fiscales_table', 2),
(945, '2025_01_22_222820_create_direcciones_entrega_table', 2),
(946, '2025_01_27_163644_create_categoria_producto_table', 2),
(947, '2025_01_27_164133_create_producto_caracteristica_table', 2),
(948, '2025_01_27_172946_create_caracteristica_opcion_table', 2),
(949, '2025_02_25_160900_create_notifications_table', 2),
(950, '2025_02_27_160642_add_categoria_id_to_productos_table', 2),
(951, '2025_02_27_183236_add_flag_tallas_table', 2),
(952, '2025_02_27_205901_add_name_id_contacto_direcciones_entrega_table', 2),
(953, '2025_03_03_163637_add_ind_activo_categorias_table', 2),
(954, '2025_03_03_181627_grupos_tallas_table', 2),
(955, '2025_03_03_181722_grupo_tallas_detalle', 2),
(956, '2025_03_03_182222_producto_grupo_talla_detalle', 2),
(957, '2025_03_04_165806_create_categoria_caracteristica_table', 2),
(958, '2025_03_04_234610_add_pedido_table', 2),
(959, '2025_03_05_163008_pedido_estados', 2),
(960, '2025_03_05_170344_modify_proyectos_table', 2),
(961, '2025_03_13_232615_add_grupo_talla_id_to_pedido_tallas', 2),
(962, '2025_03_14_180235_modify_cliente_id_and_add_user_id_to_pedido_table', 2),
(963, '2025_03_14_211912_add_id_pedido_tallas_table', 2),
(964, '2025_03_18_225731_add_cliente_id_to_pre_proyectos_table', 2),
(965, '2025_03_18_233930_modify_usuario_id_in_proyectos_table', 2),
(966, '2025_03_19_160433_modify_estado_in_proyectos_table', 2),
(967, '2025_03_20_164204_add_proceso_status_to_proyectos_table', 2),
(968, '2025_03_20_193555_add_rechazado_cancelado_status_to_tareas_table', 2),
(969, '2025_03_20_231705_add_comentario_url_to_proyecto_estados_table', 2),
(970, '2025_03_20_235020_add_disenio_flag_first_proceso_to_tareas_table', 2),
(971, '2025_03_24_172359_add_tipo_to_mensajes_chat_table', 2),
(972, '2025_03_25_182018_add_url_and_last_uploaded_file_id_to_pedido_table', 2),
(973, '2025_03_31_164135_add_ind_activo_to_table_productos', 2),
(974, '2025_03_31_165228_add_ind_activo_to_table_caracteristicas', 2),
(975, '2025_03_31_165755_add_ind_activo_to_table_opciones', 2),
(976, '2025_03_31_170727_add_ind_activo_to_table_tallas', 2),
(977, '2025_03_31_205320_add_ind_activo_to_table_grupos_tallas', 2),
(978, '2025_04_04_191754_add_flag_aprobar_sin_fechas_to_pedido_table', 2),
(979, '2025_04_07_180239_add_tipo_to_tareas_table', 2),
(980, '2025_04_11_122148_update_pasos_and_minutopaso_to_float_in_opciones_table', 2),
(981, '2025_04_11_124736_add_total_minutos_and_total_pasos_to_pedido_table', 2),
(982, '2025_04_11_170055_change_minutopaso_to_time_in_opciones_table', 2),
(983, '2025_04_16_122134_add_flag_armado_to_producto_caracteristica_table', 2),
(984, '2025_04_21_113305_add_flag_armado_proyecto_pedido', 2),
(985, '2025_04_21_113914_add_flag_armado_preproyecto', 2),
(986, '2025_04_22_133553_tareas_produccion', 2),
(987, '2025_04_22_134554_create_pedido_tarea_table', 2),
(988, '2025_04_29_162625_create_ordenes_produccion_table', 2),
(989, '2025_04_29_162846_create_pedido_orden_produccion_table', 2),
(990, '2025_04_29_162858_create_orden_corte_table', 2),
(991, '2025_05_02_144315_create_layouts_table', 2),
(992, '2025_05_02_144452_create_layout_elementos_table', 2),
(993, '2025_05_05_155820_add_letra_to_layout_elementos_table', 2),
(994, '2025_05_15_114352_create_grupos_orden_table', 2),
(995, '2025_05_15_114451_create_grupo_orden_permission_table', 2),
(996, '2025_05_27_151849_add_tipo_carga_to_archivos_proyecto_table', 2),
(997, '2025_05_27_154643_add_flag_descarga_to_archivos_proyecto_table', 2),
(998, '2025_05_28_131605_add_config_to_users_table', 2),
(999, '2025_05_29_115832_add_user_can_sel_preproyectos_to_users_table', 2),
(1000, '2025_06_03_131351_create_empresas_table', 2),
(1001, '2025_06_03_131352_create_sucursales_table', 2),
(1002, '2025_06_03_131353_add_rol_empresa_sucursal_to_users_table', 2),
(1003, '2025_06_03_152200_create_sucursal_user_table', 2),
(1004, '2025_06_05_155410_add_subordinados_to_users_table', 2),
(1005, '2025_06_13_120944_alter_pedido_table_make_id_tipo_envio_nullable', 2),
(1006, '2025_06_24_105505_add_version_to_archivos_proyecto_table', 3),
(1007, '2025_07_07_163144_create_flujos_produccion_table', 4),
(1008, '2025_07_07_163154_add_flujo_id_to_ordenes_produccion_table', 4),
(1009, '2025_07_07_163230_create_orden_paso_table', 4),
(1010, '2025_07_07_165339_add_orden_paso_id_to_tareas_produccion_table', 4);

--
-- Volcado de datos para la tabla `model_has_roles`
--

REPLACE INTO `model_has_roles` (`role_id`, `model_type`, `model_id`) VALUES
(1, 'App\\Models\\User', 1),
(1, 'App\\Models\\User', 2),
(1, 'App\\Models\\User', 3),
(1, 'App\\Models\\User', 4),
(1, 'App\\Models\\User', 5),
(2, 'App\\Models\\User', 6),
(2, 'App\\Models\\User', 7),
(3, 'App\\Models\\User', 8),
(3, 'App\\Models\\User', 9),
(4, 'App\\Models\\User', 10),
(4, 'App\\Models\\User', 11),
(5, 'App\\Models\\User', 12),
(5, 'App\\Models\\User', 13),
(6, 'App\\Models\\User', 14),
(6, 'App\\Models\\User', 15),
(7, 'App\\Models\\User', 16),
(7, 'App\\Models\\User', 17),
(8, 'App\\Models\\User', 18),
(8, 'App\\Models\\User', 19),
(8, 'App\\Models\\User', 32),
(8, 'App\\Models\\User', 33),
(8, 'App\\Models\\User', 41),
(8, 'App\\Models\\User', 48),
(8, 'App\\Models\\User', 55),
(8, 'App\\Models\\User', 61),
(9, 'App\\Models\\User', 20),
(9, 'App\\Models\\User', 21),
(9, 'App\\Models\\User', 34),
(9, 'App\\Models\\User', 35),
(9, 'App\\Models\\User', 36),
(9, 'App\\Models\\User', 37),
(9, 'App\\Models\\User', 38),
(9, 'App\\Models\\User', 39),
(9, 'App\\Models\\User', 40),
(9, 'App\\Models\\User', 42),
(9, 'App\\Models\\User', 43),
(9, 'App\\Models\\User', 44),
(9, 'App\\Models\\User', 45),
(9, 'App\\Models\\User', 46),
(9, 'App\\Models\\User', 47),
(9, 'App\\Models\\User', 49),
(9, 'App\\Models\\User', 50),
(9, 'App\\Models\\User', 51),
(9, 'App\\Models\\User', 52),
(9, 'App\\Models\\User', 53),
(9, 'App\\Models\\User', 54),
(9, 'App\\Models\\User', 56),
(9, 'App\\Models\\User', 57),
(9, 'App\\Models\\User', 58),
(9, 'App\\Models\\User', 59),
(9, 'App\\Models\\User', 60),
(9, 'App\\Models\\User', 62),
(9, 'App\\Models\\User', 63),
(9, 'App\\Models\\User', 64),
(9, 'App\\Models\\User', 65),
(9, 'App\\Models\\User', 66),
(9, 'App\\Models\\User', 67);

--
-- Volcado de datos para la tabla `notifications`
--

REPLACE INTO `notifications` (`id`, `type`, `notifiable_type`, `notifiable_id`, `data`, `read_at`, `created_at`, `updated_at`) VALUES
('09f5d8a0-491c-4e06-977a-b3e15dc848a3', 'App\\Notifications\\NuevaNotificacion', 'App\\Models\\User', 2, '{\"mensaje\":\"Asignaste la tarea del proyecto 10\",\"liga\":\"https:\\/\\/admin.mtiendurance.com\\/portal.mti\\/mtiendurance\\/public\\/proyectos\\/10\"}', NULL, '2025-06-18 17:37:09', '2025-06-18 17:37:09'),
('0d155534-40cf-4e12-bb38-1fa4911cbf0e', 'App\\Notifications\\NuevaNotificacion', 'App\\Models\\User', 2, '{\"mensaje\":\"Cambio de estatus en proyecto: 4\",\"liga\":\"https:\\/\\/admin.mtiendurance.com\\/portal.mti\\/mtiendurance\\/public\\/proyectos\\/4\"}', NULL, '2025-06-18 17:01:43', '2025-06-18 17:01:43'),
('0e029175-bee9-4cd5-84b4-1311366f0d0c', 'App\\Notifications\\NuevaNotificacion', 'App\\Models\\User', 12, '{\"mensaje\":\"Tienes asignado el dise\\u00f1o del proyecto ID: 5\",\"liga\":\"http:\\/\\/127.0.0.1:8000\\/\\/proyectos\\/5\"}', '2025-06-18 19:10:31', '2025-06-13 22:21:56', '2025-06-18 19:10:31'),
('121d33d9-29de-4e2c-9bf4-b84228bd8070', 'App\\Notifications\\NuevaNotificacion', 'App\\Models\\User', 55, '{\"mensaje\":\"Cambio de estatus en proyecto: 6\",\"liga\":\"http:\\/\\/127.0.0.1:8000\\/\\/proyectos\\/6\"}', NULL, '2025-06-17 17:26:13', '2025-06-17 17:26:13'),
('30463014-5654-40e9-9528-507e42a761cd', 'App\\Notifications\\NuevaNotificacion', 'App\\Models\\User', 2, '{\"mensaje\":\"Asignaste la tarea del proyecto 5\",\"liga\":\"http:\\/\\/127.0.0.1:8000\\/\\/proyectos\\/5\"}', NULL, '2025-06-13 22:21:56', '2025-06-13 22:21:56'),
('3d12074e-0192-4dc7-bc9d-c18efcb4ecc2', 'App\\Notifications\\NuevaNotificacion', 'App\\Models\\User', 12, '{\"mensaje\":\"Tienes asignado el dise\\u00f1o del proyecto ID: 3\",\"liga\":\"http:\\/\\/127.0.0.1:8000\\/\\/proyectos\\/3\"}', '2025-06-18 19:10:31', '2025-06-12 20:53:38', '2025-06-18 19:10:31'),
('42881eaa-dbd0-482b-9ae0-c79633336e88', 'App\\Notifications\\NuevaNotificacion', 'App\\Models\\User', 2, '{\"mensaje\":\"Asignaste la tarea del proyecto 9\",\"liga\":\"https:\\/\\/admin.mtiendurance.com\\/portal.mti\\/mtiendurance\\/public\\/proyectos\\/9\"}', NULL, '2025-06-18 17:29:48', '2025-06-18 17:29:48'),
('449c06b4-7d67-44e9-a84b-116dab49219b', 'App\\Notifications\\NuevaNotificacion', 'App\\Models\\User', 12, '{\"mensaje\":\"Asignaste la tarea del proyecto 4\",\"liga\":\"https:\\/\\/admin.mtiendurance.com\\/portal.mti\\/mtiendurance\\/public\\/proyectos\\/4\"}', '2025-06-18 19:10:31', '2025-06-18 17:01:43', '2025-06-18 19:10:31'),
('49e22a57-240c-4663-a536-a7a568e9cd66', 'App\\Notifications\\NuevaNotificacion', 'App\\Models\\User', 12, '{\"mensaje\":\"Tienes asignado el dise\\u00f1o del proyecto ID: 7\",\"liga\":\"https:\\/\\/admin.mtiendurance.com\\/portal.mti\\/mtiendurance\\/public\\/proyectos\\/7\"}', '2025-06-18 19:10:31', '2025-06-18 16:53:45', '2025-06-18 19:10:31'),
('4b9a7331-ac54-409c-b102-9c348e71d950', 'App\\Notifications\\NuevaNotificacion', 'App\\Models\\User', 13, '{\"mensaje\":\"Tienes asignado el dise\\u00f1o del proyecto ID: 2\",\"liga\":\"http:\\/\\/127.0.0.1:8000\\/\\/proyectos\\/2\"}', NULL, '2025-06-12 18:12:25', '2025-06-12 18:12:25'),
('58bdc6b2-a73f-478c-8aca-70565840254a', 'App\\Notifications\\NuevaNotificacion', 'App\\Models\\User', 13, '{\"mensaje\":\"Tienes asignado el dise\\u00f1o del proyecto ID: 8\",\"liga\":\"https:\\/\\/admin.mtiendurance.com\\/portal.mti\\/mtiendurance\\/public\\/proyectos\\/8\"}', NULL, '2025-06-18 17:07:08', '2025-06-18 17:07:08'),
('5e4cd14a-a9a6-4b63-b000-0089b5986a4f', 'App\\Notifications\\NuevaNotificacion', 'App\\Models\\User', 12, '{\"mensaje\":\"Tienes asignado el dise\\u00f1o del proyecto ID: 4\",\"liga\":\"https:\\/\\/admin.mtiendurance.com\\/portal.mti\\/mtiendurance\\/public\\/proyectos\\/4\"}', '2025-06-18 19:10:31', '2025-06-18 17:01:43', '2025-06-18 19:10:31'),
('62299a5b-2c2a-4c07-9840-ca7edfca4b82', 'App\\Notifications\\NuevaNotificacion', 'App\\Models\\User', 2, '{\"mensaje\":\"Cambio de estatus en proyecto: 2\",\"liga\":\"http:\\/\\/127.0.0.1:8000\\/\\/proyectos\\/2\"}', NULL, '2025-06-12 18:12:25', '2025-06-12 18:12:25'),
('68620ab7-5eb7-41be-a26a-3b873840f311', 'App\\Notifications\\NuevaNotificacion', 'App\\Models\\User', 2, '{\"mensaje\":\"Cambio de estatus en proyecto: 10\",\"liga\":\"https:\\/\\/admin.mtiendurance.com\\/portal.mti\\/mtiendurance\\/public\\/proyectos\\/10\"}', NULL, '2025-06-18 17:37:09', '2025-06-18 17:37:09'),
('86184011-5c50-410c-8fd7-f8f4df2ea43a', 'App\\Notifications\\NuevaNotificacion', 'App\\Models\\User', 18, '{\"mensaje\":\"Cambio de estatus en proyecto: 7\",\"liga\":\"https:\\/\\/admin.mtiendurance.com\\/portal.mti\\/mtiendurance\\/public\\/proyectos\\/7\"}', NULL, '2025-06-18 16:53:45', '2025-06-18 16:53:45'),
('8b3e78e0-8051-4a74-b714-b6bf01055b2b', 'App\\Notifications\\NuevaNotificacion', 'App\\Models\\User', 18, '{\"mensaje\":\"Cambio de estatus en proyecto: 8\",\"liga\":\"https:\\/\\/admin.mtiendurance.com\\/portal.mti\\/mtiendurance\\/public\\/proyectos\\/8\"}', NULL, '2025-06-18 17:07:08', '2025-06-18 17:07:08'),
('9ccc0ef2-0310-46be-8ea8-57b2dc321589', 'App\\Notifications\\NuevaNotificacion', 'App\\Models\\User', 12, '{\"mensaje\":\"Tienes asignado el dise\\u00f1o del proyecto ID: 1\",\"liga\":\"http:\\/\\/127.0.0.1:8000\\/\\/proyectos\\/1\"}', '2025-06-18 19:10:31', '2025-06-10 17:42:45', '2025-06-18 19:10:31'),
('a6e84a84-90ce-40d2-a0ca-9f0c4e7fe7b0', 'App\\Notifications\\NuevaNotificacion', 'App\\Models\\User', 13, '{\"mensaje\":\"Tienes asignado el dise\\u00f1o del proyecto ID: 9\",\"liga\":\"https:\\/\\/admin.mtiendurance.com\\/portal.mti\\/mtiendurance\\/public\\/proyectos\\/9\"}', NULL, '2025-06-18 17:29:48', '2025-06-18 17:29:48'),
('a8815577-acce-4645-b681-e429081d2a22', 'App\\Notifications\\NuevaNotificacion', 'App\\Models\\User', 2, '{\"mensaje\":\"Asignaste la tarea del proyecto 8\",\"liga\":\"https:\\/\\/admin.mtiendurance.com\\/portal.mti\\/mtiendurance\\/public\\/proyectos\\/8\"}', NULL, '2025-06-18 17:07:08', '2025-06-18 17:07:08'),
('a9bb430f-375c-4dfd-93c9-59030a52023b', 'App\\Notifications\\NuevaNotificacion', 'App\\Models\\User', 18, '{\"mensaje\":\"Cambio de estatus en proyecto: 9\",\"liga\":\"https:\\/\\/admin.mtiendurance.com\\/portal.mti\\/mtiendurance\\/public\\/proyectos\\/9\"}', NULL, '2025-06-18 17:29:48', '2025-06-18 17:29:48'),
('aec36468-72e3-408b-9f2d-2a28ac931470', 'App\\Notifications\\NuevaNotificacion', 'App\\Models\\User', 2, '{\"mensaje\":\"Cambio de estatus en proyecto: 5\",\"liga\":\"http:\\/\\/127.0.0.1:8000\\/\\/proyectos\\/5\"}', NULL, '2025-06-13 22:21:56', '2025-06-13 22:21:56'),
('b7940f8f-1f12-41b5-9d16-d694580023fa', 'App\\Notifications\\NuevaNotificacion', 'App\\Models\\User', 13, '{\"mensaje\":\"Tienes asignado el dise\\u00f1o del proyecto ID: 6\",\"liga\":\"http:\\/\\/127.0.0.1:8000\\/\\/proyectos\\/6\"}', NULL, '2025-06-17 17:26:13', '2025-06-17 17:26:13'),
('cd413eb7-3fdd-4c51-822f-54c29450db49', 'App\\Notifications\\NuevaNotificacion', 'App\\Models\\User', 12, '{\"mensaje\":\"Tienes asignado el dise\\u00f1o del proyecto ID: 10\",\"liga\":\"https:\\/\\/admin.mtiendurance.com\\/portal.mti\\/mtiendurance\\/public\\/proyectos\\/10\"}', '2025-06-18 19:10:31', '2025-06-18 17:37:09', '2025-06-18 19:10:31'),
('d25c0831-1f16-4f29-935d-3e382264b9a6', 'App\\Notifications\\NuevaNotificacion', 'App\\Models\\User', 14, '{\"mensaje\":\"Asignaste la tarea del proyecto 6\",\"liga\":\"http:\\/\\/127.0.0.1:8000\\/\\/proyectos\\/6\"}', NULL, '2025-06-17 17:26:12', '2025-06-17 17:26:12'),
('dd2addd0-0e94-4425-91bc-8383f5051138', 'App\\Notifications\\NuevaNotificacion', 'App\\Models\\User', 2, '{\"mensaje\":\"Asignaste la tarea del proyecto 1\",\"liga\":\"http:\\/\\/127.0.0.1:8000\\/\\/proyectos\\/1\"}', NULL, '2025-06-10 17:42:45', '2025-06-10 17:42:45'),
('e209b198-afde-48cd-a83b-83c5ce3aef99', 'App\\Notifications\\NuevaNotificacion', 'App\\Models\\User', 2, '{\"mensaje\":\"Cambio de estatus en proyecto: 3\",\"liga\":\"http:\\/\\/127.0.0.1:8000\\/\\/proyectos\\/3\"}', NULL, '2025-06-12 20:53:38', '2025-06-12 20:53:38'),
('e4073a48-afb1-4f7c-bc3a-6191a1a9ebc1', 'App\\Notifications\\NuevaNotificacion', 'App\\Models\\User', 2, '{\"mensaje\":\"Asignaste la tarea del proyecto 7\",\"liga\":\"https:\\/\\/admin.mtiendurance.com\\/portal.mti\\/mtiendurance\\/public\\/proyectos\\/7\"}', NULL, '2025-06-18 16:53:45', '2025-06-18 16:53:45'),
('e7a4238a-e269-4d9b-ba6e-6a985cb12efc', 'App\\Notifications\\NuevaNotificacion', 'App\\Models\\User', 2, '{\"mensaje\":\"Asignaste la tarea del proyecto 3\",\"liga\":\"http:\\/\\/127.0.0.1:8000\\/\\/proyectos\\/3\"}', NULL, '2025-06-12 20:53:37', '2025-06-12 20:53:37'),
('e847142e-91cd-496c-8f84-4b16c3b3b493', 'App\\Notifications\\NuevaNotificacion', 'App\\Models\\User', 2, '{\"mensaje\":\"Cambio de estatus en proyecto: 1\",\"liga\":\"http:\\/\\/127.0.0.1:8000\\/\\/proyectos\\/1\"}', NULL, '2025-06-10 17:42:45', '2025-06-10 17:42:45'),
('fd13be1d-bdaa-4b63-90bb-791bc481ab57', 'App\\Notifications\\NuevaNotificacion', 'App\\Models\\User', 2, '{\"mensaje\":\"Asignaste la tarea del proyecto 2\",\"liga\":\"http:\\/\\/127.0.0.1:8000\\/\\/proyectos\\/2\"}', NULL, '2025-06-12 18:12:24', '2025-06-12 18:12:24'),
('fe8e8005-1831-426e-8b8c-1af83a3beb94', 'App\\Notifications\\NuevaNotificacion', 'App\\Models\\User', 2, '{\"mensaje\":\"Asignaste la tarea del proyecto 7\",\"liga\":\"https:\\/\\/admin.mtiendurance.com\\/portal.mti\\/mtiendurance\\/public\\/proyectos\\/7\"}', NULL, '2025-06-18 16:53:20', '2025-06-18 16:53:20');

--
-- Volcado de datos para la tabla `opciones`
--

REPLACE INTO `opciones` (`id`, `nombre`, `pasos`, `minutoPaso`, `valoru`, `created_at`, `updated_at`, `ind_activo`) VALUES
(1, 'No definida', 0.00, '00:00:00', 0.00, '2025-04-25 21:48:12', '2025-04-25 21:48:12', 1),
(2, 'Bandola Economica', 0.00, '00:00:00', 0.00, '2025-04-25 22:48:12', '2025-04-25 22:48:12', 1),
(3, 'Bandola Fundicion (Perico) Niquel', 0.00, '00:00:00', 0.00, '2025-04-25 22:52:08', '2025-04-25 22:52:27', 1),
(4, 'Bandola Fundicion (Perico) Negra', 0.00, '00:00:00', 0.00, '2025-04-25 22:53:00', '2025-04-25 22:53:00', 1),
(5, 'Bandola Caiman Niquel', 0.00, '00:00:00', 0.00, '2025-04-25 22:53:23', '2025-04-25 22:53:23', 1),
(6, 'Bandola Caiman Negra', 0.00, '00:00:00', 0.00, '2025-04-25 22:53:44', '2025-04-25 22:53:44', 1),
(7, 'Argolla Llavero', 0.00, '00:00:00', 0.00, '2025-04-25 22:55:35', '2025-04-25 22:55:35', 1),
(8, 'Cuerda USB', 0.00, '00:00:00', 0.00, '2025-04-25 22:56:55', '2025-04-25 22:56:55', 1),
(9, 'Corredera Plastica', 0.00, '00:00:00', 0.00, '2025-04-25 22:58:21', '2025-04-25 22:58:21', 1),
(10, 'Yoyo de Clip', 0.00, '00:00:00', 0.00, '2025-04-25 22:59:42', '2025-04-25 22:59:42', 1),
(11, 'Destapador', 0.00, '00:00:00', 0.00, '2025-04-25 23:00:26', '2025-04-25 23:00:26', 1),
(12, 'Bandola Plastica', 0.00, '00:00:00', 0.00, '2025-04-25 23:01:19', '2025-04-25 23:01:19', 1),
(13, 'Una Tinta', 0.00, '00:00:00', 0.00, '2025-04-25 23:02:58', '2025-04-25 23:02:58', 1),
(14, 'Dos Tintas', 0.00, '00:00:00', 0.00, '2025-04-25 23:03:16', '2025-04-25 23:03:16', 1),
(15, 'Tres Tintas', 0.00, '00:00:00', 0.00, '2025-04-25 23:03:27', '2025-04-25 23:03:27', 1),
(16, 'Cuatro Tintas', 0.00, '00:00:00', 0.00, '2025-04-25 23:03:39', '2025-04-25 23:03:39', 1),
(17, 'Cinco Tintas', 0.00, '00:00:00', 0.00, '2025-04-25 23:03:49', '2025-04-25 23:03:49', 1),
(18, 'Seis tintas', 0.00, '00:00:00', 0.00, '2025-04-25 23:04:08', '2025-04-25 23:04:08', 1),
(19, 'Antiguo', 0.00, '00:00:00', 0.00, '2025-04-25 23:04:30', '2025-04-25 23:04:30', 1),
(20, 'Brillante', 0.00, '00:00:00', 0.00, '2025-04-25 23:04:43', '2025-04-25 23:04:43', 1),
(21, 'Satinado', 0.00, '00:00:00', 0.00, '2025-04-25 23:04:54', '2025-04-25 23:04:54', 1),
(22, 'Costura', 0.00, '00:00:00', 0.00, '2025-04-25 23:07:55', '2025-04-25 23:08:42', 1),
(23, 'Grapa', 0.00, '00:00:00', 0.00, '2025-04-25 23:08:27', '2025-04-25 23:08:27', 1),
(24, 'Costura con Dobladillo', 0.00, '00:00:00', 0.00, '2025-04-25 23:10:03', '2025-04-25 23:10:03', 1),
(25, 'Pique', 0.00, '00:00:00', 0.00, '2025-04-25 23:10:18', '2025-04-25 23:10:18', 1),
(26, 'Satinada', 0.00, '00:00:00', 0.00, '2025-04-25 23:10:49', '2025-04-25 23:10:49', 1),
(27, 'Calandrada', 0.00, '00:00:00', 0.00, '2025-04-25 23:11:00', '2025-04-25 23:11:00', 1),
(28, 'Barrotada', 0.00, '00:00:00', 0.00, '2025-04-25 23:11:11', '2025-04-25 23:11:11', 1),
(29, 'Popotillo Economico', 0.00, '00:00:00', 0.00, '2025-04-25 23:11:26', '2025-04-25 23:11:26', 1),
(30, 'Mascota', 0.00, '00:00:00', 0.00, '2025-04-25 23:14:46', '2025-04-25 23:14:46', 1),
(31, 'Liston Satin Delgado', 0.00, '00:00:00', 0.00, '2025-04-25 23:15:28', '2025-04-25 23:15:28', 1),
(32, 'Negro', 0.00, '00:00:00', 0.00, '2025-04-25 23:29:09', '2025-04-25 23:29:09', 1),
(33, 'Barril Negro', 0.00, '00:00:00', 0.00, '2025-04-25 23:30:57', '2025-04-25 23:30:57', 1),
(34, 'Barril Blanco', 0.00, '00:00:00', 0.00, '2025-04-25 23:31:09', '2025-04-25 23:31:09', 1),
(35, 'Remache Para Perforación', 0.00, '00:00:00', 0.00, '2025-04-25 23:32:58', '2025-04-25 23:32:58', 1),
(36, 'Broche Rapido', 0.00, '00:00:00', 0.00, '2025-04-25 23:33:36', '2025-04-25 23:33:36', 1),
(37, 'Hebilla Burbuja', 0.00, '00:00:00', 0.00, '2025-04-25 23:34:04', '2025-04-25 23:34:04', 1),
(38, 'Yoyo de Ranura', 0.00, '00:00:00', 0.00, '2025-04-25 23:34:51', '2025-04-25 23:34:51', 1),
(39, '2.5cm', 0.00, '00:00:00', 0.00, '2025-04-25 23:35:46', '2025-04-25 23:35:46', 1),
(40, '3cm', 0.00, '00:00:00', 0.00, '2025-04-25 23:35:58', '2025-04-25 23:35:58', 1),
(41, '3.5cm', 0.00, '00:00:00', 0.00, '2025-04-25 23:36:08', '2025-04-25 23:36:08', 1),
(42, '4cm', 0.00, '00:00:00', 0.00, '2025-04-25 23:36:19', '2025-04-25 23:36:19', 1),
(43, '4.5cm', 0.00, '00:00:00', 0.00, '2025-04-25 23:36:31', '2025-04-25 23:36:31', 1),
(44, '5cm', 0.00, '00:00:00', 0.00, '2025-04-25 23:36:41', '2025-04-25 23:36:41', 1),
(45, '6cm', 0.00, '00:00:00', 0.00, '2025-04-25 23:37:04', '2025-04-25 23:37:04', 1),
(46, '7cm', 0.00, '00:00:00', 0.00, '2025-04-25 23:37:42', '2025-04-25 23:37:42', 1),
(47, '8cm', 0.00, '00:00:00', 0.00, '2025-04-25 23:37:59', '2025-04-25 23:37:59', 1),
(48, '9cm', 0.00, '00:00:00', 0.00, '2025-04-25 23:38:10', '2025-04-25 23:38:17', 1),
(49, '10cm', 0.00, '00:00:00', 0.00, '2025-04-25 23:38:26', '2025-04-25 23:38:26', 1),
(50, '12mm', 0.00, '00:00:00', 0.00, '2025-04-25 23:38:39', '2025-04-25 23:38:39', 1),
(51, '14mm', 0.00, '00:00:00', 0.00, '2025-04-25 23:38:48', '2025-04-25 23:38:48', 1),
(52, '16mm', 0.00, '00:00:00', 0.00, '2025-04-25 23:39:00', '2025-04-25 23:39:00', 1),
(53, '20mm', 0.00, '00:00:00', 0.00, '2025-04-25 23:39:10', '2025-04-25 23:39:10', 1),
(54, '25mm', 0.00, '00:00:00', 0.00, '2025-04-25 23:39:21', '2025-04-25 23:39:21', 1),
(55, '30mm', 0.00, '00:00:00', 0.00, '2025-04-25 23:39:31', '2025-04-25 23:39:31', 1),
(56, '38mm', 0.00, '00:00:00', 0.00, '2025-04-25 23:39:42', '2025-04-25 23:39:42', 1),
(57, '40mm', 0.00, '00:00:00', 0.00, '2025-04-25 23:39:54', '2025-04-25 23:39:54', 1),
(58, '50mm', 0.00, '00:00:00', 0.00, '2025-04-25 23:40:03', '2025-04-25 23:40:03', 1),
(59, 'Tyvek', 0.00, '00:00:00', 0.00, '2025-04-25 23:41:04', '2025-04-25 23:41:04', 1),
(60, 'Una Cara', 0.00, '00:00:00', 0.00, '2025-04-25 23:41:43', '2025-04-25 23:41:43', 1),
(61, 'Dos Caras', 0.00, '00:00:00', 0.00, '2025-04-25 23:41:53', '2025-04-25 23:41:53', 1),
(62, 'Crochet', 0.00, '00:00:00', 0.00, '2025-04-25 23:44:52', '2025-04-25 23:44:52', 1),
(63, 'Telar', 0.00, '00:00:00', 0.00, '2025-04-25 23:45:02', '2025-04-25 23:45:02', 1),
(64, 'Telar Spandex', 0.00, '00:00:00', 0.00, '2025-04-25 23:45:17', '2025-04-25 23:45:37', 1),
(65, 'Jareta Simple', 0.00, '00:00:00', 0.00, '2025-04-25 23:56:05', '2025-04-25 23:56:05', 1),
(66, 'Jareta doble', 0.00, '00:00:00', 0.00, '2025-04-25 23:56:22', '2025-04-25 23:56:22', 1),
(67, 'Cortado', 0.00, '00:00:00', 0.00, '2025-04-26 00:08:57', '2025-04-26 00:08:57', 1),
(68, 'PVC', 0.00, '00:00:00', 0.00, '2025-04-26 00:14:54', '2025-04-26 00:14:54', 1),
(69, 'Credencial', 0.00, '00:00:00', 0.00, '2025-04-26 00:15:09', '2025-04-26 00:15:09', 1),
(70, 'Portacredencial', 0.00, '00:00:00', 0.00, '2025-04-26 00:15:21', '2025-04-26 00:15:21', 1),
(71, 'Continuo', 0.00, '00:00:00', 0.00, '2025-04-26 00:19:25', '2025-04-26 00:19:25', 1),
(72, 'Costura en V con Argolla y Mosqueton', 0.00, '00:00:00', 0.00, '2025-04-26 00:26:18', '2025-04-26 00:26:18', 1),
(73, 'Costura en V con Argolla ', 0.00, '00:00:00', 0.00, '2025-04-26 00:26:30', '2025-04-26 00:26:30', 1),
(74, 'Costura en Medalla', 0.00, '00:00:00', 0.00, '2025-04-26 00:27:15', '2025-04-26 00:27:15', 1),
(75, 'Rollo 50 Mts', 0.00, '00:00:00', 0.00, '2025-05-06 21:40:24', '2025-05-06 21:40:24', 1),
(76, 'Sin Impresión', 0.00, '00:00:00', 0.00, '2025-05-06 21:42:38', '2025-05-06 21:42:38', 1),
(77, 'Bombai', 0.00, '00:00:00', 0.00, '2025-05-06 21:43:52', '2025-05-06 21:43:52', 1),
(78, 'Grecia', 0.00, '00:00:00', 0.00, '2025-05-06 21:44:02', '2025-05-06 21:44:02', 1),
(79, 'Dallas', 0.00, '00:00:00', 0.00, '2025-05-06 21:44:14', '2025-05-06 21:44:14', 1),
(80, 'Tacto Algodon', 0.00, '00:00:00', 0.00, '2025-05-06 21:44:25', '2025-05-06 21:44:25', 1),
(81, 'Cuello Redondo', 0.00, '00:00:00', 0.00, '2025-05-06 21:52:36', '2025-05-06 21:52:36', 1),
(82, 'Cuello V', 0.00, '00:00:00', 0.00, '2025-05-06 21:52:49', '2025-05-06 21:52:49', 1);

--
-- Volcado de datos para la tabla `paises`
--

REPLACE INTO `paises` (`id`, `nombre`, `created_at`, `updated_at`) VALUES
(1, 'México', '2025-06-09 21:24:27', '2025-06-09 21:24:27'),
(2, 'Estados Unidos', '2025-06-09 21:24:27', '2025-06-09 21:24:27');

--
-- Volcado de datos para la tabla `pedido`
--

REPLACE INTO `pedido` (`id`, `proyecto_id`, `producto_id`, `user_id`, `cliente_id`, `fecha_creacion`, `total`, `total_minutos`, `total_pasos`, `resumen_tiempos`, `estatus`, `created_at`, `updated_at`, `direccion_fiscal_id`, `direccion_fiscal`, `direccion_entrega_id`, `direccion_entrega`, `id_tipo_envio`, `tipo`, `estado`, `estado_produccion`, `flag_aprobar_sin_fechas`, `fecha_produccion`, `fecha_embarque`, `fecha_entrega`, `url`, `last_uploaded_file_id`) VALUES
(1, 1, 13, 2, NULL, '2025-06-10 17:31:03', 20.00, 0.00, 0, '{\"opciones\": [{\"id\": \"25\", \"pasos\": 0, \"nombre\": \"Pique\", \"minutoPaso\": \"00:00:00\"}, {\"id\": \"82\", \"pasos\": 0, \"nombre\": \"Cuello V\", \"minutoPaso\": \"00:00:00\"}], \"total_pasos\": 0, \"total_minutos\": 0}', 'PENDIENTE', '2025-06-10 17:31:03', '2025-06-10 17:31:03', 3, 'Álvaro Obregón, Ciudad de México, México', 4, 'Guadalajara, Jalisco, México', 1, 'PEDIDO', 'POR APROBAR', 'POR APROBAR', 0, '2025-05-26', '2025-06-11', '2025-06-11', NULL, NULL),
(2, 2, 4, 2, NULL, '2025-06-10 21:24:53', 200.00, 0.00, 0, '{\"opciones\": [{\"id\": \"27\", \"pasos\": 0, \"nombre\": \"Calandrada\", \"minutoPaso\": \"00:00:00\"}, {\"id\": \"61\", \"pasos\": 0, \"nombre\": \"Dos Caras\", \"minutoPaso\": \"00:00:00\"}, {\"id\": \"51\", \"pasos\": 0, \"nombre\": \"14mm\", \"minutoPaso\": \"00:00:00\"}, {\"id\": \"36\", \"pasos\": 0, \"nombre\": \"Broche Rapido\", \"minutoPaso\": \"00:00:00\"}, {\"id\": \"2\", \"pasos\": 0, \"nombre\": \"Bandola Economica\", \"minutoPaso\": \"00:00:00\"}, {\"id\": \"24\", \"pasos\": 0, \"nombre\": \"Costura con Dobladillo\", \"minutoPaso\": \"00:00:00\"}], \"total_pasos\": 0, \"total_minutos\": 0}', 'PENDIENTE', '2025-06-10 21:24:53', '2025-06-17 16:07:03', 4, 'Coyoacán, Ciudad de México, México', 4, 'Guadalajara, Jalisco, México', 3, 'PEDIDO', 'APROBADO', 'POR PROGRAMAR', 0, '2025-07-17', '2025-07-24', '2025-07-30', NULL, NULL),
(3, 3, 5, 2, NULL, '2025-06-12 19:36:01', 100.00, 0.00, 0, '{\"opciones\": [{\"id\": \"26\", \"pasos\": 0, \"nombre\": \"Satinada\", \"minutoPaso\": \"00:00:00\"}, {\"id\": \"61\", \"pasos\": 0, \"nombre\": \"Dos Caras\", \"minutoPaso\": \"00:00:00\"}, {\"id\": \"58\", \"pasos\": 0, \"nombre\": \"50mm\", \"minutoPaso\": \"00:00:00\"}, {\"id\": \"3\", \"pasos\": 0, \"nombre\": \"Bandola Fundicion (Perico) Niquel\", \"minutoPaso\": \"00:00:00\"}, {\"id\": \"23\", \"pasos\": 0, \"nombre\": \"Grapa\", \"minutoPaso\": \"00:00:00\"}], \"total_pasos\": 0, \"total_minutos\": 0}', 'PENDIENTE', '2025-06-12 19:36:01', '2025-06-12 19:36:01', 3, 'Álvaro Obregón, Ciudad de México, México', 4, 'Guadalajara, Jalisco, México', 1, 'PEDIDO', 'POR APROBAR', 'POR APROBAR', 0, '2025-06-13', '2025-06-24', '2025-06-24', NULL, NULL),
(4, 2, 4, 2, 2, '2025-06-13 18:15:25', 0.00, NULL, NULL, NULL, 'PENDIENTE', '2025-06-13 18:15:25', '2025-06-13 18:15:25', NULL, NULL, NULL, NULL, NULL, 'MUESTRA', 'POR APROBAR', 'POR APROBAR', 0, NULL, NULL, NULL, 'http://127.0.0.1:8000//storage/disenos/qWPDcRStyKOQ8na4eZKxYx7exT2YHPsBuDABHDta.jpg', 13),
(5, 4, 4, 2, NULL, '2025-06-13 21:51:47', 200.00, 0.00, 0, '{\"opciones\": [{\"id\": \"27\", \"pasos\": 0, \"nombre\": \"Calandrada\", \"minutoPaso\": \"00:00:00\"}, {\"id\": \"76\", \"pasos\": 0, \"nombre\": \"Sin Impresión\", \"minutoPaso\": \"00:00:00\"}, {\"id\": \"55\", \"pasos\": 0, \"nombre\": \"30mm\", \"minutoPaso\": \"00:00:00\"}, {\"id\": \"36\", \"pasos\": 0, \"nombre\": \"Broche Rapido\", \"minutoPaso\": \"00:00:00\"}, {\"id\": \"2\", \"pasos\": 0, \"nombre\": \"Bandola Economica\", \"minutoPaso\": \"00:00:00\"}, {\"id\": \"23\", \"pasos\": 0, \"nombre\": \"Grapa\", \"minutoPaso\": \"00:00:00\"}], \"total_pasos\": 0, \"total_minutos\": 0}', 'PENDIENTE', '2025-06-13 21:51:47', '2025-06-13 21:51:47', 3, 'Álvaro Obregón, Ciudad de México, México', 3, 'Tlalpan, Ciudad de México, México', 1, 'PEDIDO', 'POR APROBAR', 'POR APROBAR', 0, '2025-06-06', '2025-06-17', '2025-06-17', NULL, NULL),
(6, 5, 4, 2, NULL, '2025-06-13 22:20:53', 150.00, 0.00, 0, '{\"opciones\": [{\"id\": \"27\", \"pasos\": 0, \"nombre\": \"Calandrada\", \"minutoPaso\": \"00:00:00\"}, {\"id\": \"76\", \"pasos\": 0, \"nombre\": \"Sin Impresión\", \"minutoPaso\": \"00:00:00\"}, {\"id\": \"51\", \"pasos\": 0, \"nombre\": \"14mm\", \"minutoPaso\": \"00:00:00\"}, {\"id\": \"36\", \"pasos\": 0, \"nombre\": \"Broche Rapido\", \"minutoPaso\": \"00:00:00\"}, {\"id\": \"3\", \"pasos\": 0, \"nombre\": \"Bandola Fundicion (Perico) Niquel\", \"minutoPaso\": \"00:00:00\"}, {\"id\": \"23\", \"pasos\": 0, \"nombre\": \"Grapa\", \"minutoPaso\": \"00:00:00\"}], \"total_pasos\": 0, \"total_minutos\": 0}', 'PENDIENTE', '2025-06-13 22:20:53', '2025-06-16 15:38:02', 4, 'Coyoacán, Ciudad de México, México', 4, 'Guadalajara, Jalisco, México', 1, 'PEDIDO', 'POR APROBAR', 'POR APROBAR', 0, '2025-06-17', '2025-06-24', '2025-06-24', NULL, NULL),
(7, 6, 5, 55, NULL, '2025-06-17 17:24:33', 200.00, 0.00, 0, '{\"opciones\": [{\"id\": \"26\", \"pasos\": 0, \"nombre\": \"Satinada\", \"minutoPaso\": \"00:00:00\"}, {\"id\": \"61\", \"pasos\": 0, \"nombre\": \"Dos Caras\", \"minutoPaso\": \"00:00:00\"}, {\"id\": \"50\", \"pasos\": 0, \"nombre\": \"12mm\", \"minutoPaso\": \"00:00:00\"}, {\"id\": \"2\", \"pasos\": 0, \"nombre\": \"Bandola Economica\", \"minutoPaso\": \"00:00:00\"}, {\"id\": \"23\", \"pasos\": 0, \"nombre\": \"Grapa\", \"minutoPaso\": \"00:00:00\"}], \"total_pasos\": 0, \"total_minutos\": 0}', 'PENDIENTE', '2025-06-17 17:24:33', '2025-06-17 18:15:13', 109, 'Álvaro Obregón, Ciudad de México, México', 110, 'Guadalajara, Jalisco, México', 1, 'PEDIDO', 'APROBADO', 'POR PROGRAMAR', 0, '2025-06-18', '2025-06-25', '2025-06-25', NULL, NULL),
(8, 7, 5, 18, NULL, '2025-06-18 16:52:23', 250.00, 0.00, 0, '{\"total_pasos\":0,\"total_minutos\":0,\"opciones\":[{\"id\":\"26\",\"nombre\":\"Satinada\",\"pasos\":0,\"minutoPaso\":\"00:00:00\"},{\"id\":\"60\",\"nombre\":\"Una Cara\",\"pasos\":0,\"minutoPaso\":\"00:00:00\"},{\"id\":\"50\",\"nombre\":\"12mm\",\"pasos\":0,\"minutoPaso\":\"00:00:00\"},{\"id\":\"3\",\"nombre\":\"Bandola Fundicion (Perico) Niquel\",\"pasos\":0,\"minutoPaso\":\"00:00:00\"},{\"id\":\"22\",\"nombre\":\"Costura\",\"pasos\":0,\"minutoPaso\":\"00:00:00\"}]}', 'PENDIENTE', '2025-06-18 16:52:23', '2025-06-18 16:52:23', 36, 'Coyoacán, Ciudad de México, México', 36, 'Guadalajara, Jalisco, México', 2, 'PEDIDO', 'POR APROBAR', 'POR APROBAR', 0, '2025-06-11', '2025-06-20', '2025-06-30', NULL, NULL),
(9, 8, 2, 18, NULL, '2025-06-18 17:06:46', 200.00, 0.00, 0, '{\"total_pasos\":0,\"total_minutos\":0,\"opciones\":[{\"id\":\"26\",\"nombre\":\"Satinada\",\"pasos\":0,\"minutoPaso\":\"00:00:00\"},{\"id\":\"61\",\"nombre\":\"Dos Caras\",\"pasos\":0,\"minutoPaso\":\"00:00:00\"},{\"id\":\"52\",\"nombre\":\"16mm\",\"pasos\":0,\"minutoPaso\":\"00:00:00\"},{\"id\":\"71\",\"nombre\":\"Continuo\",\"pasos\":0,\"minutoPaso\":\"00:00:00\"}]}', 'PENDIENTE', '2025-06-18 17:06:46', '2025-06-18 17:06:46', 36, 'Coyoacán, Ciudad de México, México', 36, 'Guadalajara, Jalisco, México', 1, 'PEDIDO', 'POR APROBAR', 'POR APROBAR', 0, '2025-06-26', '2025-06-30', '2025-06-30', NULL, NULL),
(10, 9, 2, 18, NULL, '2025-06-18 17:29:26', 200.00, 0.00, 0, '{\"total_pasos\":0,\"total_minutos\":0,\"opciones\":[{\"id\":\"26\",\"nombre\":\"Satinada\",\"pasos\":0,\"minutoPaso\":\"00:00:00\"},{\"id\":\"61\",\"nombre\":\"Dos Caras\",\"pasos\":0,\"minutoPaso\":\"00:00:00\"},{\"id\":\"50\",\"nombre\":\"12mm\",\"pasos\":0,\"minutoPaso\":\"00:00:00\"},{\"id\":\"75\",\"nombre\":\"Rollo 50 Mts\",\"pasos\":0,\"minutoPaso\":\"00:00:00\"}]}', 'PENDIENTE', '2025-06-18 17:29:26', '2025-06-18 17:29:26', 36, 'Coyoacán, Ciudad de México, México', 36, 'Guadalajara, Jalisco, México', 1, 'PEDIDO', 'POR APROBAR', 'POR APROBAR', 0, '2025-06-26', '2025-06-30', '2025-06-30', NULL, NULL),
(11, 10, 2, 2, NULL, '2025-06-18 17:36:49', 200.00, 0.00, 0, '{\"total_pasos\":0,\"total_minutos\":0,\"opciones\":[{\"id\":\"26\",\"nombre\":\"Satinada\",\"pasos\":0,\"minutoPaso\":\"00:00:00\"},{\"id\":\"60\",\"nombre\":\"Una Cara\",\"pasos\":0,\"minutoPaso\":\"00:00:00\"},{\"id\":\"50\",\"nombre\":\"12mm\",\"pasos\":0,\"minutoPaso\":\"00:00:00\"},{\"id\":\"73\",\"nombre\":\"Costura en V con Argolla \",\"pasos\":0,\"minutoPaso\":\"00:00:00\"}]}', 'PENDIENTE', '2025-06-18 17:36:49', '2025-06-18 17:36:49', 4, 'Coyoacán, Ciudad de México, México', 4, 'Guadalajara, Jalisco, México', 2, 'PEDIDO', 'POR APROBAR', 'POR APROBAR', 0, '2025-06-12', '2025-06-16', '2025-06-24', NULL, NULL),
(12, 10, 2, 2, 2, '2025-06-19 14:25:50', 0.00, NULL, NULL, NULL, 'PENDIENTE', '2025-06-19 14:25:50', '2025-06-19 14:25:50', NULL, NULL, NULL, NULL, NULL, 'MUESTRA', 'POR APROBAR', 'POR APROBAR', 0, NULL, NULL, NULL, 'https://admin.mtiendurance.com/portal.mti/mtiendurance/public/storage/disenos/CiFc6Zqmjb8mcvYJR8jwh3R1YKmwppYkR4nhoRmt.jpg', 30),
(13, 11, 4, 61, NULL, '2025-06-19 20:14:00', 1000.00, 0.00, 0, '{\"total_pasos\":0,\"total_minutos\":0,\"opciones\":[{\"id\":\"26\",\"nombre\":\"Satinada\",\"pasos\":0,\"minutoPaso\":\"00:00:00\"},{\"id\":\"61\",\"nombre\":\"Dos Caras\",\"pasos\":0,\"minutoPaso\":\"00:00:00\"},{\"id\":\"53\",\"nombre\":\"20mm\",\"pasos\":0,\"minutoPaso\":\"00:00:00\"},{\"id\":\"36\",\"nombre\":\"Broche Rapido\",\"pasos\":0,\"minutoPaso\":\"00:00:00\"},{\"id\":\"2\",\"nombre\":\"Bandola Economica\",\"pasos\":0,\"minutoPaso\":\"00:00:00\"},{\"id\":\"22\",\"nombre\":\"Costura\",\"pasos\":0,\"minutoPaso\":\"00:00:00\"}]}', 'PENDIENTE', '2025-06-19 20:14:00', '2025-06-19 21:04:00', 121, 'Álvaro Obregón, Ciudad de México, México', 122, 'Guadalajara, Jalisco, México', 1, 'PEDIDO', 'APROBADO', 'POR APROBAR', 0, '2025-06-24', '2025-07-01', '2025-07-01', NULL, NULL),
(14, 11, 4, 61, 61, '2025-06-19 20:45:22', 0.00, NULL, NULL, NULL, 'PENDIENTE', '2025-06-19 20:45:22', '2025-06-19 20:45:22', NULL, NULL, NULL, NULL, NULL, 'MUESTRA', 'POR APROBAR', 'POR APROBAR', 0, NULL, NULL, NULL, 'https://admin.mtiendurance.com/portal.mti/mtiendurance/public/storage/disenos/z7FDVsCyrrgtrEnr4Euf22Jp1GLc6VZ9pkabpXJ8.jpg', 32),
(15, 11, 4, 61, 61, '2025-06-19 20:57:43', 0.00, NULL, NULL, NULL, 'PENDIENTE', '2025-06-19 20:57:43', '2025-06-19 20:57:43', NULL, NULL, NULL, NULL, NULL, 'MUESTRA', 'POR APROBAR', 'POR APROBAR', 0, NULL, NULL, NULL, 'https://admin.mtiendurance.com/portal.mti/mtiendurance/public/storage/disenos/yv6ZhpYalrwcrXzgvMwHkAvGRpw4xnw98OUPsaT7.jpg', 33),
(16, 5, 4, 2, 2, '2025-06-27 17:27:58', 1000.00, NULL, NULL, NULL, 'PENDIENTE', '2025-06-27 17:27:58', '2025-06-27 17:27:58', NULL, ', ,', NULL, ', ,', NULL, 'PEDIDO', 'POR APROBAR', 'POR APROBAR', 0, '2025-06-23', '2025-06-30', '2025-06-30', NULL, NULL),
(17, 12, 2, 2, NULL, '2025-06-30 16:45:54', 150.00, 0.00, 0, '{\"total_pasos\":0,\"total_minutos\":0,\"opciones\":[{\"id\":\"27\",\"nombre\":\"Calandrada\",\"pasos\":0,\"minutoPaso\":\"00:00:00\"},{\"id\":\"60\",\"nombre\":\"Una Cara\",\"pasos\":0,\"minutoPaso\":\"00:00:00\"},{\"id\":\"50\",\"nombre\":\"12mm\",\"pasos\":0,\"minutoPaso\":\"00:00:00\"},{\"id\":\"72\",\"nombre\":\"Costura en V con Argolla y Mosqueton\",\"pasos\":0,\"minutoPaso\":\"00:00:00\"}]}', 'PENDIENTE', '2025-06-30 16:45:54', '2025-06-30 16:45:54', 3, 'Álvaro Obregón, Ciudad de México, México', 4, 'Guadalajara, Jalisco, México', 2, 'PEDIDO', 'POR APROBAR', 'POR APROBAR', 0, '2025-06-26', '2025-06-30', '2025-07-08', NULL, NULL);

--
-- Volcado de datos para la tabla `pedido_caracteristicas`
--

REPLACE INTO `pedido_caracteristicas` (`pedido_id`, `caracteristica_id`, `created_at`, `updated_at`) VALUES
(1, 1, '2025-06-10 17:31:03', '2025-06-10 17:31:03'),
(1, 21, '2025-06-10 17:31:03', '2025-06-10 17:31:03'),
(2, 2, '2025-06-10 21:24:53', '2025-06-10 21:24:53'),
(2, 3, '2025-06-10 21:24:53', '2025-06-10 21:24:53'),
(2, 5, '2025-06-10 21:24:53', '2025-06-10 21:24:53'),
(2, 8, '2025-06-10 21:24:53', '2025-06-10 21:24:53'),
(2, 9, '2025-06-10 21:24:53', '2025-06-10 21:24:53'),
(2, 11, '2025-06-10 21:24:53', '2025-06-10 21:24:53'),
(3, 2, '2025-06-12 19:36:01', '2025-06-12 19:36:01'),
(3, 3, '2025-06-12 19:36:01', '2025-06-12 19:36:01'),
(3, 5, '2025-06-12 19:36:01', '2025-06-12 19:36:01'),
(3, 9, '2025-06-12 19:36:01', '2025-06-12 19:36:01'),
(3, 11, '2025-06-12 19:36:01', '2025-06-12 19:36:01'),
(5, 2, '2025-06-13 21:51:47', '2025-06-13 21:51:47'),
(5, 3, '2025-06-13 21:51:47', '2025-06-13 21:51:47'),
(5, 5, '2025-06-13 21:51:47', '2025-06-13 21:51:47'),
(5, 8, '2025-06-13 21:51:47', '2025-06-13 21:51:47'),
(5, 9, '2025-06-13 21:51:47', '2025-06-13 21:51:47'),
(5, 11, '2025-06-13 21:51:47', '2025-06-13 21:51:47'),
(6, 2, '2025-06-13 22:20:53', '2025-06-13 22:20:53'),
(6, 3, '2025-06-13 22:20:53', '2025-06-13 22:20:53'),
(6, 5, '2025-06-13 22:20:53', '2025-06-13 22:20:53'),
(6, 8, '2025-06-13 22:20:53', '2025-06-13 22:20:53'),
(6, 9, '2025-06-13 22:20:54', '2025-06-13 22:20:54'),
(6, 11, '2025-06-13 22:20:54', '2025-06-13 22:20:54'),
(7, 2, '2025-06-17 17:24:33', '2025-06-17 17:24:33'),
(7, 3, '2025-06-17 17:24:33', '2025-06-17 17:24:33'),
(7, 5, '2025-06-17 17:24:33', '2025-06-17 17:24:33'),
(7, 9, '2025-06-17 17:24:33', '2025-06-17 17:24:33'),
(7, 11, '2025-06-17 17:24:33', '2025-06-17 17:24:33'),
(8, 2, '2025-06-18 16:52:23', '2025-06-18 16:52:23'),
(8, 3, '2025-06-18 16:52:23', '2025-06-18 16:52:23'),
(8, 5, '2025-06-18 16:52:23', '2025-06-18 16:52:23'),
(8, 9, '2025-06-18 16:52:23', '2025-06-18 16:52:23'),
(8, 11, '2025-06-18 16:52:23', '2025-06-18 16:52:23'),
(9, 2, '2025-06-18 17:06:46', '2025-06-18 17:06:46'),
(9, 3, '2025-06-18 17:06:46', '2025-06-18 17:06:46'),
(9, 5, '2025-06-18 17:06:46', '2025-06-18 17:06:46'),
(9, 19, '2025-06-18 17:06:46', '2025-06-18 17:06:46'),
(10, 2, '2025-06-18 17:29:26', '2025-06-18 17:29:26'),
(10, 3, '2025-06-18 17:29:26', '2025-06-18 17:29:26'),
(10, 5, '2025-06-18 17:29:26', '2025-06-18 17:29:26'),
(10, 19, '2025-06-18 17:29:26', '2025-06-18 17:29:26'),
(11, 2, '2025-06-18 17:36:49', '2025-06-18 17:36:49'),
(11, 3, '2025-06-18 17:36:49', '2025-06-18 17:36:49'),
(11, 5, '2025-06-18 17:36:49', '2025-06-18 17:36:49'),
(11, 20, '2025-06-18 17:36:49', '2025-06-18 17:36:49'),
(13, 2, '2025-06-19 20:14:00', '2025-06-19 20:14:00'),
(13, 3, '2025-06-19 20:14:00', '2025-06-19 20:14:00'),
(13, 5, '2025-06-19 20:14:00', '2025-06-19 20:14:00'),
(13, 8, '2025-06-19 20:14:00', '2025-06-19 20:14:00'),
(13, 9, '2025-06-19 20:14:00', '2025-06-19 20:14:00'),
(13, 11, '2025-06-19 20:14:00', '2025-06-19 20:14:00'),
(16, 2, '2025-06-27 17:27:58', '2025-06-27 17:27:58'),
(16, 3, '2025-06-27 17:27:58', '2025-06-27 17:27:58'),
(16, 5, '2025-06-27 17:27:58', '2025-06-27 17:27:58'),
(16, 8, '2025-06-27 17:27:58', '2025-06-27 17:27:58'),
(16, 9, '2025-06-27 17:27:58', '2025-06-27 17:27:58'),
(16, 11, '2025-06-27 17:27:58', '2025-06-27 17:27:58'),
(17, 2, '2025-06-30 16:45:54', '2025-06-30 16:45:54'),
(17, 3, '2025-06-30 16:45:54', '2025-06-30 16:45:54'),
(17, 5, '2025-06-30 16:45:54', '2025-06-30 16:45:54'),
(17, 20, '2025-06-30 16:45:54', '2025-06-30 16:45:54');

--
-- Volcado de datos para la tabla `pedido_opciones`
--

REPLACE INTO `pedido_opciones` (`id`, `pedido_id`, `opcion_id`, `valor`, `created_at`, `updated_at`) VALUES
(1, 1, 25, '0', '2025-06-10 17:31:03', '2025-06-10 17:31:03'),
(2, 1, 82, '0', '2025-06-10 17:31:03', '2025-06-10 17:31:03'),
(3, 2, 27, '0', '2025-06-10 21:24:53', '2025-06-10 21:24:53'),
(4, 2, 61, '0', '2025-06-10 21:24:53', '2025-06-10 21:24:53'),
(5, 2, 51, '0', '2025-06-10 21:24:53', '2025-06-10 21:24:53'),
(6, 2, 36, '0', '2025-06-10 21:24:53', '2025-06-10 21:24:53'),
(7, 2, 2, '0', '2025-06-10 21:24:53', '2025-06-10 21:24:53'),
(8, 2, 24, '0', '2025-06-10 21:24:53', '2025-06-10 21:24:53'),
(9, 3, 26, '0', '2025-06-12 19:36:01', '2025-06-12 19:36:01'),
(10, 3, 61, '0', '2025-06-12 19:36:01', '2025-06-12 19:36:01'),
(11, 3, 58, '0', '2025-06-12 19:36:01', '2025-06-12 19:36:01'),
(12, 3, 3, '0', '2025-06-12 19:36:01', '2025-06-12 19:36:01'),
(13, 3, 23, '0', '2025-06-12 19:36:01', '2025-06-12 19:36:01'),
(14, 5, 27, '0', '2025-06-13 21:51:47', '2025-06-13 21:51:47'),
(15, 5, 76, '0', '2025-06-13 21:51:47', '2025-06-13 21:51:47'),
(16, 5, 55, '0', '2025-06-13 21:51:47', '2025-06-13 21:51:47'),
(17, 5, 36, '0', '2025-06-13 21:51:47', '2025-06-13 21:51:47'),
(18, 5, 2, '0', '2025-06-13 21:51:47', '2025-06-13 21:51:47'),
(19, 5, 23, '0', '2025-06-13 21:51:47', '2025-06-13 21:51:47'),
(20, 6, 27, '0', '2025-06-13 22:20:53', '2025-06-13 22:20:53'),
(21, 6, 76, '0', '2025-06-13 22:20:53', '2025-06-13 22:20:53'),
(22, 6, 51, '0', '2025-06-13 22:20:53', '2025-06-13 22:20:53'),
(23, 6, 36, '0', '2025-06-13 22:20:54', '2025-06-13 22:20:54'),
(24, 6, 3, '0', '2025-06-13 22:20:54', '2025-06-13 22:20:54'),
(25, 6, 23, '0', '2025-06-13 22:20:54', '2025-06-13 22:20:54'),
(26, 7, 26, '0', '2025-06-17 17:24:33', '2025-06-17 17:24:33'),
(27, 7, 61, '0', '2025-06-17 17:24:33', '2025-06-17 17:24:33'),
(28, 7, 50, '0', '2025-06-17 17:24:33', '2025-06-17 17:24:33'),
(29, 7, 2, '0', '2025-06-17 17:24:33', '2025-06-17 17:24:33'),
(30, 7, 23, '0', '2025-06-17 17:24:33', '2025-06-17 17:24:33'),
(31, 8, 26, '0', '2025-06-18 16:52:23', '2025-06-18 16:52:23'),
(32, 8, 60, '0', '2025-06-18 16:52:23', '2025-06-18 16:52:23'),
(33, 8, 50, '0', '2025-06-18 16:52:23', '2025-06-18 16:52:23'),
(34, 8, 3, '0', '2025-06-18 16:52:23', '2025-06-18 16:52:23'),
(35, 8, 22, '0', '2025-06-18 16:52:23', '2025-06-18 16:52:23'),
(36, 9, 26, '0', '2025-06-18 17:06:46', '2025-06-18 17:06:46'),
(37, 9, 61, '0', '2025-06-18 17:06:46', '2025-06-18 17:06:46'),
(38, 9, 52, '0', '2025-06-18 17:06:46', '2025-06-18 17:06:46'),
(39, 9, 71, '0', '2025-06-18 17:06:46', '2025-06-18 17:06:46'),
(40, 10, 26, '0', '2025-06-18 17:29:26', '2025-06-18 17:29:26'),
(41, 10, 61, '0', '2025-06-18 17:29:26', '2025-06-18 17:29:26'),
(42, 10, 50, '0', '2025-06-18 17:29:26', '2025-06-18 17:29:26'),
(43, 10, 75, '0', '2025-06-18 17:29:26', '2025-06-18 17:29:26'),
(44, 11, 26, '0', '2025-06-18 17:36:49', '2025-06-18 17:36:49'),
(45, 11, 60, '0', '2025-06-18 17:36:49', '2025-06-18 17:36:49'),
(46, 11, 50, '0', '2025-06-18 17:36:49', '2025-06-18 17:36:49'),
(47, 11, 73, '0', '2025-06-18 17:36:49', '2025-06-18 17:36:49'),
(48, 13, 26, '0', '2025-06-19 20:14:00', '2025-06-19 20:14:00'),
(49, 13, 61, '0', '2025-06-19 20:14:00', '2025-06-19 20:14:00'),
(50, 13, 53, '0', '2025-06-19 20:14:00', '2025-06-19 20:14:00'),
(51, 13, 36, '0', '2025-06-19 20:14:00', '2025-06-19 20:14:00'),
(52, 13, 2, '0', '2025-06-19 20:14:00', '2025-06-19 20:14:00'),
(53, 13, 22, '0', '2025-06-19 20:14:00', '2025-06-19 20:14:00'),
(54, 16, 27, '0', '2025-06-27 17:27:58', '2025-06-27 17:27:58'),
(55, 16, 76, '0', '2025-06-27 17:27:58', '2025-06-27 17:27:58'),
(56, 16, 51, '0', '2025-06-27 17:27:58', '2025-06-27 17:27:58'),
(57, 16, 36, '0', '2025-06-27 17:27:58', '2025-06-27 17:27:58'),
(58, 16, 3, '0', '2025-06-27 17:27:58', '2025-06-27 17:27:58'),
(59, 16, 23, '0', '2025-06-27 17:27:58', '2025-06-27 17:27:58'),
(60, 17, 27, '0', '2025-06-30 16:45:54', '2025-06-30 16:45:54'),
(61, 17, 60, '0', '2025-06-30 16:45:54', '2025-06-30 16:45:54'),
(62, 17, 50, '0', '2025-06-30 16:45:54', '2025-06-30 16:45:54'),
(63, 17, 72, '0', '2025-06-30 16:45:54', '2025-06-30 16:45:54');

--
-- Volcado de datos para la tabla `pedido_tallas`
--

REPLACE INTO `pedido_tallas` (`id`, `pedido_id`, `talla_id`, `grupo_talla_id`, `cantidad`) VALUES
(1, 1, 1, 1, 10),
(2, 1, 1, 2, 10);

--
-- Volcado de datos para la tabla `permissions`
--

REPLACE INTO `permissions` (`id`, `name`, `guard_name`, `created_at`, `updated_at`) VALUES
(1, 'manage users', 'web', '2025-05-06 22:49:09', '2025-05-06 22:49:09'),
(2, 'edit profile', 'web', '2025-05-06 22:49:09', '2025-05-06 22:49:09'),
(3, 'view_users', 'web', '2025-05-06 22:49:20', '2025-05-06 22:49:20'),
(4, 'edit_users', 'web', '2025-05-06 22:49:20', '2025-05-06 22:49:20'),
(5, 'delete_users', 'web', '2025-05-06 22:49:20', '2025-05-06 22:49:20'),
(6, 'create_users', 'web', '2025-05-06 22:49:20', '2025-05-06 22:49:20'),
(7, 'manage_orders', 'web', '2025-05-06 22:49:20', '2025-05-06 22:49:20'),
(8, 'view_reports', 'web', '2025-05-06 22:49:20', '2025-05-06 22:49:20'),
(9, 'test', 'web', '2025-05-15 17:12:48', '2025-05-15 17:12:48'),
(10, 'vistapreproyectosdashboard', 'web', '2025-05-15 22:17:36', '2025-05-15 22:17:36'),
(11, 'vistaproyectosdashboard', 'web', '2025-05-15 22:17:53', '2025-05-15 22:17:53'),
(12, 'vistapedidosdashboardcliente', 'web', '2025-05-15 22:18:24', '2025-05-15 22:18:24'),
(13, 'dashboardclienteproyectos', 'web', '2025-05-15 22:21:01', '2025-05-15 22:21:01'),
(14, 'dashboardclientepedidos', 'web', '2025-05-15 22:23:43', '2025-05-15 22:23:43'),
(15, 'dashboardclientepreproyectos', 'web', '2025-05-15 22:24:20', '2025-05-15 22:24:20'),
(16, 'asidedashboard', 'web', '2025-05-15 23:30:28', '2025-05-15 23:30:28'),
(17, 'asidepreproyectos', 'web', '2025-05-15 23:31:06', '2025-05-15 23:31:06'),
(18, 'asideproyectos', 'web', '2025-05-15 23:32:14', '2025-05-15 23:32:14'),
(19, 'asidediseniodesplegable', 'web', '2025-05-15 23:40:04', '2025-05-15 23:40:04'),
(20, 'asideproducciondesplegable', 'web', '2025-05-15 23:43:38', '2025-05-15 23:43:38'),
(21, 'asideusuariosdesplegable', 'web', '2025-05-15 23:53:33', '2025-05-15 23:53:33'),
(22, 'proyectopedidoscolumnafechaenbarque', 'web', '2025-05-19 19:03:51', '2025-05-19 19:03:51'),
(23, 'proyectopedidoscolumnafechaEntrega', 'web', '2025-05-19 19:04:03', '2025-05-19 19:04:03'),
(24, 'proyectopedidoscolumnafechaproduccion', 'web', '2025-05-19 19:04:13', '2025-05-19 19:04:13'),
(25, 'proyectopedidosEditarinputTipo', 'web', '2025-05-19 23:24:16', '2025-05-19 23:24:16'),
(26, 'proyectopedidosEditarInputEstado', 'web', '2025-05-19 23:29:35', '2025-05-19 23:29:35'),
(27, 'proyectopedidosEditarinputFechaproduccion', 'web', '2025-05-19 23:58:26', '2025-05-19 23:58:26'),
(28, 'proyectopedidosEditarinputFechaEmbarque', 'web', '2025-05-19 23:58:43', '2025-05-19 23:58:43'),
(29, 'proyectopedidosEditarinputFechaEntrega', 'web', '2025-05-20 00:01:17', '2025-05-20 00:01:17'),
(30, 'vistaproyectoSeccionPedidos', 'web', '2025-05-20 19:03:03', '2025-05-20 19:03:03'),
(31, 'Jefe Diseñador', 'web', '2025-05-20 23:13:34', '2025-05-20 23:13:34'),
(32, 'asidediseniodesplegableTareas', 'web', '2025-05-21 00:09:50', '2025-05-21 00:09:50'),
(33, 'asidediseniodesplegableAdminTareas', 'web', '2025-05-21 00:11:14', '2025-05-21 00:11:14'),
(34, 'ver-todos-los-preproyectos', 'web', '2025-05-22 18:40:41', '2025-05-22 18:40:41'),
(35, 'tablaPreproyectos-ver-todos-los-preproyectos', 'web', '2025-05-22 18:45:24', '2025-05-22 18:45:24'),
(36, 'tablaProyectos-ver-todos-los-proyectos', 'web', '2025-05-22 20:36:01', '2025-05-22 20:36:01'),
(37, 'tablaPedidos-ver-todos-los-pedidos', 'web', '2025-05-22 22:04:57', '2025-05-22 22:04:57'),
(38, 'ver-todas-notificaciones-del-sistema', 'web', '2025-05-22 22:15:13', '2025-05-22 22:15:13'),
(39, 'proyectodiseñoAprobarDiseño', 'web', '2025-06-12 22:20:54', '2025-06-12 22:20:54'),
(40, 'proyectodiseñoRechazarDiseño', 'web', '2025-06-12 22:22:10', '2025-06-12 22:22:10'),
(41, 'proyectodiseñoCrearMuestra', 'web', '2025-06-12 22:22:25', '2025-06-12 22:22:25'),
(42, 'proyectodiseñoSubirArchivoDiseño', 'web', '2025-06-12 22:46:27', '2025-06-12 22:46:27'),
(43, ' proyectodiseñoSubirArte', 'web', '2025-06-12 22:50:24', '2025-06-12 22:50:24'),
(44, 'proyectodiseñopestañaTareasDelProyecto', 'web', '2025-06-19 15:26:52', '2025-06-19 15:26:52'),
(45, 'dashboardjefediseñadorproyectos', 'web', '2025-06-23 20:17:07', '2025-06-23 20:17:07'),
(46, 'tablaProyectos-ver-columna-pedidos', 'web', '2025-06-26 14:37:16', '2025-06-26 14:37:16');

--
-- Volcado de datos para la tabla `productos`
--

REPLACE INTO `productos` (`id`, `categoria_id`, `nombre`, `dias_produccion`, `flag_armado`, `created_at`, `updated_at`, `ind_activo`) VALUES
(1, 11, 'Pulsera para Evento', 3, 1, '2025-04-26 00:10:48', '2025-04-26 00:11:01', 1),
(2, 8, 'Cinta Para Medalla', 2, 1, '2025-04-26 00:31:34', '2025-04-26 00:35:55', 1),
(3, 8, 'Cinta para Portagafete', 2, 0, '2025-04-26 00:35:30', '2025-05-06 22:06:12', 1),
(4, 9, 'Portagafete Con Broche de Seguridad', 7, 0, '2025-05-06 22:10:23', '2025-05-06 22:18:27', 1),
(5, 9, 'Portagafete Standard', 7, 0, '2025-05-06 22:11:37', '2025-05-06 22:18:19', 1),
(6, 9, 'Portagafete Doble Bandola', 7, 0, '2025-05-06 22:12:50', '2025-05-06 22:18:34', 1),
(7, 9, 'Portagafete Doble Bandola y Broche de Seguridad', 7, 0, '2025-05-06 22:13:28', '2025-05-06 22:18:40', 1),
(8, 9, 'Portagafete con Broche Seguridad y Hebilla Frontal', 7, 0, '2025-05-06 22:19:47', '2025-05-06 22:19:47', 1),
(9, 9, 'Portagafete con Yoyo', 7, 0, '2025-05-06 22:23:12', '2025-05-06 22:25:27', 1),
(10, 9, 'Portagafete con Hebilla Frontal y Herraje Adicional', 7, 0, '2025-05-06 22:31:35', '2025-05-06 22:31:35', 1),
(11, 9, 'Portagafete Standard con Herraje Adicional', 7, 0, '2025-05-06 22:35:35', '2025-05-06 22:37:09', 1),
(12, 9, 'Portagafete con Hebilla Frontal Broche de Seguridad y  Herraje Adicional', 7, 0, '2025-05-06 22:37:03', '2025-05-06 22:37:03', 1),
(13, 1, 'Playera Manga Corta', 12, 0, '2025-05-06 22:43:13', '2025-05-06 22:43:13', 1),
(14, 9, 'Portagafete Doble Capa Broche de Seguridad y Herraje Extra', 10, 0, '2025-05-06 23:20:13', '2025-05-06 23:20:13', 1);

--
-- Volcado de datos para la tabla `producto_caracteristica`
--

REPLACE INTO `producto_caracteristica` (`id`, `producto_id`, `caracteristica_id`, `flag_armado`, `created_at`, `updated_at`) VALUES
(9, 1, 2, 1, NULL, NULL),
(10, 1, 3, 1, NULL, NULL),
(11, 1, 5, 1, NULL, NULL),
(12, 1, 10, 1, NULL, NULL),
(13, 1, 2, 0, NULL, NULL),
(14, 1, 3, 0, NULL, NULL),
(15, 1, 5, 0, NULL, NULL),
(16, 1, 11, 0, NULL, NULL),
(25, 2, 2, 1, NULL, NULL),
(26, 2, 3, 1, NULL, NULL),
(27, 2, 5, 1, NULL, NULL),
(28, 2, 20, 1, NULL, NULL),
(29, 2, 2, 0, NULL, NULL),
(30, 2, 3, 0, NULL, NULL),
(31, 2, 5, 0, NULL, NULL),
(32, 2, 19, 0, NULL, NULL),
(33, 3, 2, 1, NULL, NULL),
(34, 3, 3, 1, NULL, NULL),
(35, 3, 5, 1, NULL, NULL),
(36, 3, 19, 1, NULL, NULL),
(37, 3, 2, 0, NULL, NULL),
(38, 3, 3, 0, NULL, NULL),
(39, 3, 5, 0, NULL, NULL),
(40, 3, 19, 0, NULL, NULL),
(63, 5, 2, 1, NULL, NULL),
(64, 5, 3, 1, NULL, NULL),
(65, 5, 5, 1, NULL, NULL),
(66, 5, 9, 1, NULL, NULL),
(67, 5, 11, 1, NULL, NULL),
(68, 4, 2, 1, NULL, NULL),
(69, 4, 3, 1, NULL, NULL),
(70, 4, 5, 1, NULL, NULL),
(71, 4, 8, 1, NULL, NULL),
(72, 4, 9, 1, NULL, NULL),
(73, 4, 11, 1, NULL, NULL),
(74, 6, 2, 1, NULL, NULL),
(75, 6, 3, 1, NULL, NULL),
(76, 6, 5, 1, NULL, NULL),
(77, 6, 11, 1, NULL, NULL),
(78, 6, 13, 1, NULL, NULL),
(79, 7, 2, 1, NULL, NULL),
(80, 7, 3, 1, NULL, NULL),
(81, 7, 5, 1, NULL, NULL),
(82, 7, 8, 1, NULL, NULL),
(83, 7, 11, 1, NULL, NULL),
(84, 7, 13, 1, NULL, NULL),
(85, 8, 2, 1, NULL, NULL),
(86, 8, 3, 1, NULL, NULL),
(87, 8, 5, 1, NULL, NULL),
(88, 8, 7, 1, NULL, NULL),
(89, 8, 8, 1, NULL, NULL),
(90, 8, 9, 1, NULL, NULL),
(91, 8, 11, 1, NULL, NULL),
(97, 9, 2, 1, NULL, NULL),
(98, 9, 3, 1, NULL, NULL),
(99, 9, 11, 1, NULL, NULL),
(100, 9, 22, 1, NULL, NULL),
(101, 9, 23, 1, NULL, NULL),
(102, 10, 2, 1, NULL, NULL),
(103, 10, 3, 1, NULL, NULL),
(104, 10, 5, 1, NULL, NULL),
(105, 10, 7, 1, NULL, NULL),
(106, 10, 9, 1, NULL, NULL),
(107, 10, 11, 1, NULL, NULL),
(108, 10, 14, 1, NULL, NULL),
(121, 12, 2, 1, NULL, NULL),
(122, 12, 3, 1, NULL, NULL),
(123, 12, 5, 1, NULL, NULL),
(124, 12, 7, 1, NULL, NULL),
(125, 12, 8, 1, NULL, NULL),
(126, 12, 11, 1, NULL, NULL),
(127, 12, 14, 1, NULL, NULL),
(128, 11, 2, 1, NULL, NULL),
(129, 11, 3, 1, NULL, NULL),
(130, 11, 5, 1, NULL, NULL),
(131, 11, 9, 1, NULL, NULL),
(132, 11, 11, 1, NULL, NULL),
(133, 11, 14, 1, NULL, NULL),
(134, 13, 1, 1, NULL, NULL),
(135, 13, 21, 1, NULL, NULL),
(136, 14, 3, 1, NULL, NULL),
(137, 14, 8, 1, NULL, NULL),
(138, 14, 9, 1, NULL, NULL),
(139, 14, 14, 1, NULL, NULL),
(140, 14, 24, 1, NULL, NULL),
(141, 14, 25, 1, NULL, NULL),
(142, 14, 26, 1, NULL, NULL),
(143, 14, 27, 1, NULL, NULL);

--
-- Volcado de datos para la tabla `producto_grupo_talla`
--

REPLACE INTO `producto_grupo_talla` (`id`, `producto_id`, `grupo_talla_id`, `created_at`, `updated_at`) VALUES
(1, 13, 1, NULL, NULL),
(2, 13, 2, NULL, NULL);

--
-- Volcado de datos para la tabla `proveedores`
--

REPLACE INTO `proveedores` (`id`, `usuario_id`, `nombre_empresa`, `contacto_principal`, `created_at`, `updated_at`) VALUES
(1, 22, 'Champlin, Little and Hayes', 'Mr. Allen Borer I', '2025-06-09 21:24:28', '2025-06-09 21:24:28'),
(2, 23, 'Batz, Sporer and Dooley', 'Leslie McGlynn', '2025-06-09 21:24:28', '2025-06-09 21:24:28'),
(3, 24, 'OKeefe, Cremin and Hermann', 'Raphael Franecki IV', '2025-06-09 21:24:28', '2025-06-09 21:24:28'),
(4, 25, 'Kilback PLC', 'Dale Kunze', '2025-06-09 21:24:28', '2025-06-09 21:24:28'),
(5, 26, 'Schuppe, Roob and Nolan', 'Nya McGlynn', '2025-06-09 21:24:28', '2025-06-09 21:24:28'),
(6, 27, 'VonRueden-Balistreri', 'Macie Schultz', '2025-06-09 21:24:28', '2025-06-09 21:24:28'),
(7, 28, 'Wehner, Huels and Moore', 'Anderson Schaefer', '2025-06-09 21:24:28', '2025-06-09 21:24:28'),
(8, 29, 'Kreiger, Romaguera and McClure', 'Verner Wintheiser V', '2025-06-09 21:24:28', '2025-06-09 21:24:28'),
(9, 30, 'Schiller-Wisozk', 'Gideon Lind', '2025-06-09 21:24:28', '2025-06-09 21:24:28'),
(10, 31, 'Grimes-Wolf', 'Miss Estell Gerhold', '2025-06-09 21:24:28', '2025-06-09 21:24:28');

--
-- Volcado de datos para la tabla `proyectos`
--

REPLACE INTO `proyectos` (`id`, `usuario_id`, `direccion_fiscal_id`, `direccion_fiscal`, `direccion_entrega_id`, `direccion_entrega`, `nombre`, `descripcion`, `id_tipo_envio`, `tipo`, `numero_muestras`, `estado`, `fecha_creacion`, `fecha_produccion`, `fecha_embarque`, `fecha_entrega`, `categoria_sel`, `flag_armado`, `producto_sel`, `caracteristicas_sel`, `opciones_sel`, `total_piezas_sel`, `created_at`, `updated_at`) VALUES
(1, 2, NULL, NULL, NULL, NULL, 'test Admin', 'test Admin', NULL, 'PROYECTO', 0, 'ASIGNADO', '2025-06-10 17:31:02', NULL, NULL, NULL, '\"{\\\"id\\\":\\\"1\\\",\\\"nombre\\\":\\\"Playera\\\"}\"', 1, '\"{\\\"id\\\":\\\"13\\\",\\\"nombre\\\":\\\"Playera Manga Corta\\\"}\"', '[{\"id\": 1, \"nombre\": \"Tipo de Tela\", \"opciones\": [{\"id\": \"25\", \"nombre\": \"Pique\", \"valoru\": 0}], \"flag_seleccion_multiple\": false}, {\"id\": 21, \"nombre\": \"Tipo de Cuello\", \"opciones\": [{\"id\": \"82\", \"nombre\": \"Cuello V\", \"valoru\": 0}], \"flag_seleccion_multiple\": false}]', '\"[]\"', '\"{\\\"total\\\":20,\\\"detalle_tallas\\\":{\\\"1\\\":{\\\"1\\\":10,\\\"2\\\":0,\\\"3\\\":0,\\\"4\\\":0,\\\"5\\\":0,\\\"6\\\":0,\\\"7\\\":0},\\\"2\\\":{\\\"1\\\":10,\\\"2\\\":0,\\\"3\\\":0,\\\"4\\\":0,\\\"5\\\":0,\\\"6\\\":0}}}\"', '2025-06-10 17:31:02', '2025-06-10 17:42:45'),
(2, 2, NULL, NULL, NULL, NULL, 'test', 'test', NULL, 'PROYECTO', 0, 'DISEÑO APROBADO', '2025-06-10 21:24:53', NULL, NULL, NULL, '\"{\\\"id\\\":\\\"9\\\"}\"', 1, '\"{\\\"id\\\":\\\"4\\\"}\"', '[{\"id\": 2, \"nombre\": \"Tipo de Cinta\", \"opciones\": [{\"id\": \"27\", \"nombre\": \"Calandrada\", \"valoru\": 0}], \"flag_seleccion_multiple\": false}, {\"id\": 3, \"nombre\": \"Impresion\", \"opciones\": [{\"id\": \"61\", \"nombre\": \"Dos Caras\", \"valoru\": 0}], \"flag_seleccion_multiple\": false}, {\"id\": 5, \"nombre\": \"Medida\", \"opciones\": [{\"id\": \"51\", \"nombre\": \"14mm\", \"valoru\": 0}], \"flag_seleccion_multiple\": false}, {\"id\": 8, \"nombre\": \"Broche de Seguridad\", \"opciones\": [{\"id\": \"36\", \"nombre\": \"Broche Rapido\", \"valoru\": 0}], \"flag_seleccion_multiple\": false}, {\"id\": 9, \"nombre\": \"Herraje\", \"opciones\": [{\"id\": \"2\", \"nombre\": \"Bandola Economica\", \"valoru\": 0}], \"flag_seleccion_multiple\": false}, {\"id\": 11, \"nombre\": \"Terminado\", \"opciones\": [{\"id\": \"24\", \"nombre\": \"Costura con Dobladillo\", \"valoru\": 0}], \"flag_seleccion_multiple\": false}]', '\"{\\\"8\\\":{\\\"id\\\":\\\"36\\\",\\\"nombre\\\":\\\"Broche Rapido\\\",\\\"valoru\\\":0}}\"', '\"{\\\"total\\\":200,\\\"detalle_tallas\\\":null}\"', '2025-06-10 21:24:53', '2025-06-17 16:06:33'),
(3, 2, NULL, NULL, NULL, NULL, 'test PDF', 'test PDF', NULL, 'PROYECTO', 0, 'ASIGNADO', '2025-06-12 19:36:01', NULL, NULL, NULL, '\"{\\\"id\\\":\\\"9\\\",\\\"nombre\\\":\\\"Portagafete\\\"}\"', 1, '\"{\\\"id\\\":\\\"5\\\",\\\"nombre\\\":\\\"Portagafete Standard\\\"}\"', '[{\"id\": 2, \"nombre\": \"Tipo de Cinta\", \"opciones\": [{\"id\": \"26\", \"nombre\": \"Satinada\", \"valoru\": 0}], \"flag_seleccion_multiple\": false}, {\"id\": 3, \"nombre\": \"Impresion\", \"opciones\": [{\"id\": \"61\", \"nombre\": \"Dos Caras\", \"valoru\": 0}], \"flag_seleccion_multiple\": false}, {\"id\": 5, \"nombre\": \"Medida\", \"opciones\": [{\"id\": \"58\", \"nombre\": \"50mm\", \"valoru\": 0}], \"flag_seleccion_multiple\": false}, {\"id\": 9, \"nombre\": \"Herraje\", \"opciones\": [{\"id\": \"3\", \"nombre\": \"Bandola Fundicion (Perico) Niquel\", \"valoru\": 0}], \"flag_seleccion_multiple\": false}, {\"id\": 11, \"nombre\": \"Terminado\", \"opciones\": [{\"id\": \"23\", \"nombre\": \"Grapa\", \"valoru\": 0}], \"flag_seleccion_multiple\": false}]', '\"[]\"', '\"{\\\"total\\\":100,\\\"detalle_tallas\\\":null}\"', '2025-06-12 19:36:01', '2025-06-12 20:53:36'),
(4, 2, NULL, NULL, NULL, NULL, 'Test cambio de imagen ', 'Test cambio de imagen ', NULL, 'PROYECTO', 0, 'ASIGNADO', '2025-06-13 21:51:47', NULL, NULL, NULL, '\"{\\\"id\\\":\\\"9\\\"}\"', 1, '\"{\\\"id\\\":\\\"4\\\"}\"', '[{\"id\": 2, \"nombre\": \"Tipo de Cinta\", \"opciones\": [{\"id\": \"27\", \"nombre\": \"Calandrada\", \"valoru\": 0}], \"flag_seleccion_multiple\": false}, {\"id\": 3, \"nombre\": \"Impresion\", \"opciones\": [{\"id\": \"76\", \"nombre\": \"Sin Impresión\", \"valoru\": 0}], \"flag_seleccion_multiple\": false}, {\"id\": 5, \"nombre\": \"Medida\", \"opciones\": [{\"id\": \"55\", \"nombre\": \"30mm\", \"valoru\": 0}], \"flag_seleccion_multiple\": false}, {\"id\": 8, \"nombre\": \"Broche de Seguridad\", \"opciones\": [{\"id\": \"36\", \"nombre\": \"Broche Rapido\", \"valoru\": 0}], \"flag_seleccion_multiple\": false}, {\"id\": 9, \"nombre\": \"Herraje\", \"opciones\": [{\"id\": \"2\", \"nombre\": \"Bandola Economica\", \"valoru\": 0}], \"flag_seleccion_multiple\": false}, {\"id\": 11, \"nombre\": \"Terminado\", \"opciones\": [{\"id\": \"23\", \"nombre\": \"Grapa\", \"valoru\": 0}], \"flag_seleccion_multiple\": false}]', '\"{\\\"8\\\":{\\\"id\\\":\\\"36\\\",\\\"nombre\\\":\\\"Broche Rapido\\\",\\\"valoru\\\":0}}\"', '\"{\\\"total\\\":200,\\\"detalle_tallas\\\":null}\"', '2025-06-13 21:51:47', '2025-06-18 17:01:43'),
(5, 2, NULL, NULL, NULL, NULL, 'Test', 'desc', NULL, 'PROYECTO', 0, 'DISEÑO APROBADO', '2025-06-13 22:20:53', NULL, NULL, NULL, '\"{\\\"id\\\":\\\"9\\\",\\\"nombre\\\":\\\"Portagafete\\\"}\"', 1, '\"{\\\"id\\\":\\\"4\\\",\\\"nombre\\\":\\\"Portagafete Con Broche de Seguridad\\\"}\"', '\"[{\\\"id\\\":2,\\\"nombre\\\":\\\"Tipo de Cinta\\\",\\\"flag_seleccion_multiple\\\":false,\\\"opciones\\\":[{\\\"id\\\":\\\"27\\\",\\\"nombre\\\":\\\"Calandrada\\\",\\\"valoru\\\":0}]},{\\\"id\\\":3,\\\"nombre\\\":\\\"Impresion\\\",\\\"flag_seleccion_multiple\\\":false,\\\"opciones\\\":[{\\\"id\\\":\\\"76\\\",\\\"nombre\\\":\\\"Sin Impresi\\\\u00f3n\\\",\\\"valoru\\\":0}]},{\\\"id\\\":5,\\\"nombre\\\":\\\"Medida\\\",\\\"flag_seleccion_multiple\\\":false,\\\"opciones\\\":[{\\\"id\\\":\\\"51\\\",\\\"nombre\\\":\\\"14mm\\\",\\\"valoru\\\":0}]},{\\\"id\\\":8,\\\"nombre\\\":\\\"Broche de Seguridad\\\",\\\"flag_seleccion_multiple\\\":false,\\\"opciones\\\":[{\\\"id\\\":\\\"36\\\",\\\"nombre\\\":\\\"Broche Rapido\\\",\\\"valoru\\\":0}]},{\\\"id\\\":9,\\\"nombre\\\":\\\"Herraje\\\",\\\"flag_seleccion_multiple\\\":false,\\\"opciones\\\":[{\\\"id\\\":\\\"3\\\",\\\"nombre\\\":\\\"Bandola Fundicion (Perico) Niquel\\\",\\\"valoru\\\":0}]},{\\\"id\\\":11,\\\"nombre\\\":\\\"Terminado\\\",\\\"flag_seleccion_multiple\\\":false,\\\"opciones\\\":[{\\\"id\\\":\\\"23\\\",\\\"nombre\\\":\\\"Grapa\\\",\\\"valoru\\\":0}]}]\"', '\"{\\\"8\\\":{\\\"id\\\":\\\"36\\\",\\\"nombre\\\":\\\"Broche Rapido\\\",\\\"valoru\\\":0}}\"', '\"{\\\"total\\\":150,\\\"detalle_tallas\\\":null}\"', '2025-06-13 22:20:53', '2025-06-16 15:37:50'),
(6, 55, NULL, NULL, NULL, NULL, 'TEst', 'desc', NULL, 'PROYECTO', 0, 'DISEÑO APROBADO', '2025-06-17 17:24:33', NULL, NULL, NULL, '\"{\\\"id\\\":\\\"9\\\",\\\"nombre\\\":\\\"Portagafete\\\"}\"', 1, '\"{\\\"id\\\":\\\"5\\\",\\\"nombre\\\":\\\"Portagafete Standard\\\"}\"', '[{\"id\": 2, \"nombre\": \"Tipo de Cinta\", \"opciones\": [{\"id\": \"26\", \"nombre\": \"Satinada\", \"valoru\": 0}], \"flag_seleccion_multiple\": false}, {\"id\": 3, \"nombre\": \"Impresion\", \"opciones\": [{\"id\": \"61\", \"nombre\": \"Dos Caras\", \"valoru\": 0}], \"flag_seleccion_multiple\": false}, {\"id\": 5, \"nombre\": \"Medida\", \"opciones\": [{\"id\": \"50\", \"nombre\": \"12mm\", \"valoru\": 0}], \"flag_seleccion_multiple\": false}, {\"id\": 9, \"nombre\": \"Herraje\", \"opciones\": [{\"id\": \"2\", \"nombre\": \"Bandola Economica\", \"valoru\": 0}], \"flag_seleccion_multiple\": false}, {\"id\": 11, \"nombre\": \"Terminado\", \"opciones\": [{\"id\": \"23\", \"nombre\": \"Grapa\", \"valoru\": 0}], \"flag_seleccion_multiple\": false}]', '\"[]\"', '\"{\\\"total\\\":200,\\\"detalle_tallas\\\":null}\"', '2025-06-17 17:24:33', '2025-06-17 18:14:45'),
(7, 18, NULL, NULL, NULL, NULL, 'Cliente principal Prueba Captura de carga inical', 'Cliente principal Prueba Captura de carga inical', NULL, 'PROYECTO', 0, 'REVISION', '2025-06-18 16:52:23', NULL, NULL, NULL, '\"{\\\"id\\\":\\\"9\\\",\\\"nombre\\\":\\\"Portagafete\\\"}\"', 1, '\"{\\\"id\\\":\\\"5\\\",\\\"nombre\\\":\\\"Portagafete Standard\\\"}\"', '\"[{\\\"id\\\":2,\\\"nombre\\\":\\\"Tipo de Cinta\\\",\\\"flag_seleccion_multiple\\\":false,\\\"opciones\\\":[{\\\"id\\\":\\\"26\\\",\\\"nombre\\\":\\\"Satinada\\\",\\\"valoru\\\":0}]},{\\\"id\\\":3,\\\"nombre\\\":\\\"Impresion\\\",\\\"flag_seleccion_multiple\\\":false,\\\"opciones\\\":[{\\\"id\\\":\\\"60\\\",\\\"nombre\\\":\\\"Una Cara\\\",\\\"valoru\\\":0}]},{\\\"id\\\":5,\\\"nombre\\\":\\\"Medida\\\",\\\"flag_seleccion_multiple\\\":false,\\\"opciones\\\":[{\\\"id\\\":\\\"50\\\",\\\"nombre\\\":\\\"12mm\\\",\\\"valoru\\\":0}]},{\\\"id\\\":9,\\\"nombre\\\":\\\"Herraje\\\",\\\"flag_seleccion_multiple\\\":false,\\\"opciones\\\":[{\\\"id\\\":\\\"3\\\",\\\"nombre\\\":\\\"Bandola Fundicion (Perico) Niquel\\\",\\\"valoru\\\":0}]},{\\\"id\\\":11,\\\"nombre\\\":\\\"Terminado\\\",\\\"flag_seleccion_multiple\\\":false,\\\"opciones\\\":[{\\\"id\\\":\\\"22\\\",\\\"nombre\\\":\\\"Costura\\\",\\\"valoru\\\":0}]}]\"', '\"[]\"', '\"{\\\"total\\\":250,\\\"detalle_tallas\\\":null}\"', '2025-06-18 16:52:23', '2025-06-18 17:16:29'),
(8, 18, NULL, NULL, NULL, NULL, 'TEST PRimera carga', 'test Primera carga', NULL, 'PROYECTO', 0, 'REVISION', '2025-06-18 17:06:46', NULL, NULL, NULL, '\"{\\\"id\\\":\\\"8\\\",\\\"nombre\\\":\\\"Cinta Sublimada\\\"}\"', 0, '\"{\\\"id\\\":\\\"2\\\",\\\"nombre\\\":\\\"Cinta Para Medalla\\\"}\"', '[{\"id\":2,\"nombre\":\"Tipo de Cinta\",\"flag_seleccion_multiple\":false,\"opciones\":[{\"id\":\"26\",\"nombre\":\"Satinada\",\"valoru\":0}]},{\"id\":3,\"nombre\":\"Impresion\",\"flag_seleccion_multiple\":false,\"opciones\":[{\"id\":\"61\",\"nombre\":\"Dos Caras\",\"valoru\":0}]},{\"id\":5,\"nombre\":\"Medida\",\"flag_seleccion_multiple\":false,\"opciones\":[{\"id\":\"52\",\"nombre\":\"16mm\",\"valoru\":0}]},{\"id\":19,\"nombre\":\"Presentaci\\u00f3n\",\"flag_seleccion_multiple\":false,\"opciones\":[{\"id\":\"71\",\"nombre\":\"Continuo\",\"valoru\":0}]}]', '\"[]\"', '\"{\\\"total\\\":200,\\\"detalle_tallas\\\":null}\"', '2025-06-18 17:06:46', '2025-06-18 17:16:48'),
(9, 18, NULL, NULL, NULL, NULL, 'Test', 'desc', NULL, 'PROYECTO', 0, 'DISEÑO APROBADO', '2025-06-18 17:29:26', NULL, NULL, NULL, '\"{\\\"id\\\":\\\"8\\\",\\\"nombre\\\":\\\"Cinta Sublimada\\\"}\"', 0, '\"{\\\"id\\\":\\\"2\\\",\\\"nombre\\\":\\\"Cinta Para Medalla\\\"}\"', '\"[{\\\"id\\\":2,\\\"nombre\\\":\\\"Tipo de Cinta\\\",\\\"flag_seleccion_multiple\\\":false,\\\"opciones\\\":[{\\\"id\\\":\\\"26\\\",\\\"nombre\\\":\\\"Satinada\\\",\\\"valoru\\\":0}]},{\\\"id\\\":3,\\\"nombre\\\":\\\"Impresion\\\",\\\"flag_seleccion_multiple\\\":false,\\\"opciones\\\":[{\\\"id\\\":\\\"61\\\",\\\"nombre\\\":\\\"Dos Caras\\\",\\\"valoru\\\":0}]},{\\\"id\\\":5,\\\"nombre\\\":\\\"Medida\\\",\\\"flag_seleccion_multiple\\\":false,\\\"opciones\\\":[{\\\"id\\\":\\\"50\\\",\\\"nombre\\\":\\\"12mm\\\",\\\"valoru\\\":0}]},{\\\"id\\\":19,\\\"nombre\\\":\\\"Presentaci\\\\u00f3n\\\",\\\"flag_seleccion_multiple\\\":false,\\\"opciones\\\":[{\\\"id\\\":\\\"75\\\",\\\"nombre\\\":\\\"Rollo 50 Mts\\\",\\\"valoru\\\":0}]}]\"', '\"[]\"', '\"{\\\"total\\\":200,\\\"detalle_tallas\\\":null}\"', '2025-06-18 17:29:26', '2025-07-11 22:01:48'),
(10, 2, NULL, NULL, NULL, NULL, 'test', 'desc', NULL, 'PROYECTO', 0, 'REVISION', '2025-06-18 17:36:49', NULL, NULL, NULL, '\"{\\\"id\\\":\\\"8\\\",\\\"nombre\\\":\\\"Cinta Sublimada\\\"}\"', 1, '\"{\\\"id\\\":\\\"2\\\",\\\"nombre\\\":\\\"Cinta Para Medalla\\\"}\"', '[{\"id\":2,\"nombre\":\"Tipo de Cinta\",\"flag_seleccion_multiple\":false,\"opciones\":[{\"id\":\"26\",\"nombre\":\"Satinada\",\"valoru\":0}]},{\"id\":3,\"nombre\":\"Impresion\",\"flag_seleccion_multiple\":false,\"opciones\":[{\"id\":\"60\",\"nombre\":\"Una Cara\",\"valoru\":0}]},{\"id\":5,\"nombre\":\"Medida\",\"flag_seleccion_multiple\":false,\"opciones\":[{\"id\":\"50\",\"nombre\":\"12mm\",\"valoru\":0}]},{\"id\":20,\"nombre\":\"Armado\",\"flag_seleccion_multiple\":false,\"opciones\":[{\"id\":\"73\",\"nombre\":\"Costura en V con Argolla \",\"valoru\":0}]}]', '\"[]\"', '\"{\\\"total\\\":200,\\\"detalle_tallas\\\":null}\"', '2025-06-18 17:36:49', '2025-06-18 17:38:07'),
(11, 61, NULL, NULL, NULL, NULL, 'Proyecto de Prueba Portal', 'lasjdlfkjasld fghdfg', NULL, 'PROYECTO', 0, 'DISEÑO APROBADO', '2025-06-19 20:14:00', NULL, NULL, NULL, '\"{\\\"id\\\":\\\"9\\\",\\\"nombre\\\":\\\"Portagafete\\\"}\"', 1, '\"{\\\"id\\\":\\\"4\\\",\\\"nombre\\\":\\\"Portagafete Con Broche de Seguridad\\\"}\"', '[{\"id\":2,\"nombre\":\"Tipo de Cinta\",\"flag_seleccion_multiple\":false,\"opciones\":[{\"id\":\"26\",\"nombre\":\"Satinada\",\"valoru\":0}]},{\"id\":3,\"nombre\":\"Impresion\",\"flag_seleccion_multiple\":false,\"opciones\":[{\"id\":\"61\",\"nombre\":\"Dos Caras\",\"valoru\":0}]},{\"id\":5,\"nombre\":\"Medida\",\"flag_seleccion_multiple\":false,\"opciones\":[{\"id\":\"53\",\"nombre\":\"20mm\",\"valoru\":0}]},{\"id\":8,\"nombre\":\"Broche de Seguridad\",\"flag_seleccion_multiple\":false,\"opciones\":[{\"id\":\"36\",\"nombre\":\"Broche Rapido\",\"valoru\":0}]},{\"id\":9,\"nombre\":\"Herraje\",\"flag_seleccion_multiple\":false,\"opciones\":[{\"id\":\"2\",\"nombre\":\"Bandola Economica\",\"valoru\":0}]},{\"id\":11,\"nombre\":\"Terminado\",\"flag_seleccion_multiple\":false,\"opciones\":[{\"id\":\"22\",\"nombre\":\"Costura\",\"valoru\":0}]}]', '\"{\\\"8\\\":{\\\"id\\\":\\\"36\\\",\\\"nombre\\\":\\\"Broche Rapido\\\",\\\"valoru\\\":0}}\"', '\"{\\\"total\\\":1000,\\\"detalle_tallas\\\":null}\"', '2025-06-19 20:14:00', '2025-06-19 21:03:21'),
(12, 2, NULL, NULL, NULL, NULL, 'Test Files', 'Desc ', NULL, 'PROYECTO', 0, 'PENDIENTE', '2025-06-30 16:45:54', NULL, NULL, NULL, '\"{\\\"id\\\":\\\"8\\\",\\\"nombre\\\":\\\"Cinta Sublimada\\\"}\"', 1, '\"{\\\"id\\\":\\\"2\\\",\\\"nombre\\\":\\\"Cinta Para Medalla\\\"}\"', '\"[{\\\"id\\\":2,\\\"nombre\\\":\\\"Tipo de Cinta\\\",\\\"flag_seleccion_multiple\\\":false,\\\"opciones\\\":[{\\\"id\\\":\\\"27\\\",\\\"nombre\\\":\\\"Calandrada\\\",\\\"valoru\\\":0}]},{\\\"id\\\":3,\\\"nombre\\\":\\\"Impresion\\\",\\\"flag_seleccion_multiple\\\":false,\\\"opciones\\\":[{\\\"id\\\":\\\"60\\\",\\\"nombre\\\":\\\"Una Cara\\\",\\\"valoru\\\":0}]},{\\\"id\\\":5,\\\"nombre\\\":\\\"Medida\\\",\\\"flag_seleccion_multiple\\\":false,\\\"opciones\\\":[{\\\"id\\\":\\\"50\\\",\\\"nombre\\\":\\\"12mm\\\",\\\"valoru\\\":0}]},{\\\"id\\\":20,\\\"nombre\\\":\\\"Armado\\\",\\\"flag_seleccion_multiple\\\":false,\\\"opciones\\\":[{\\\"id\\\":\\\"72\\\",\\\"nombre\\\":\\\"Costura en V con Argolla y Mosqueton\\\",\\\"valoru\\\":0}]}]\"', '\"[]\"', '\"{\\\"total\\\":150,\\\"detalle_tallas\\\":null}\"', '2025-06-30 16:45:54', '2025-06-30 16:45:54');

--
-- Volcado de datos para la tabla `proyecto_estados`
--

REPLACE INTO `proyecto_estados` (`id`, `proyecto_id`, `estado`, `comentario`, `url`, `last_uploaded_file_id`, `fecha_inicio`, `fecha_fin`, `usuario_id`, `created_at`, `updated_at`) VALUES
(1, 1, 'Proyecto asignado a diseñador', NULL, NULL, NULL, '2025-06-10 17:42:45', NULL, 2, '2025-06-10 17:42:45', '2025-06-10 17:42:45'),
(2, 1, 'ARTE CARGADO', 'El cliente ha actualizado el archivo de arte del proyecto', 'disenos/ueT7HjoygVDqfjSrXqzQbFGh4X7A9acF3RPgDFP2.jpg', 4, '2025-06-10 22:13:21', NULL, 2, '2025-06-10 22:13:21', '2025-06-10 22:13:21'),
(3, 1, 'ARTE CARGADO', 'El cliente ha actualizado el archivo de arte del proyecto', 'disenos/28WjZdW96bLev9GhwiYC8d0fbraD2UeK5gXbwXSl.jpg', 5, '2025-06-10 22:18:23', NULL, 2, '2025-06-10 22:18:23', '2025-06-10 22:18:23'),
(4, 2, 'ARTE CARGADO', 'El cliente ha actualizado el archivo de arte del proyecto', 'disenos/G5cR0Wv4lK7miJxesmYu5vgFrxE5ZUoFnA1UGC2A.jpg', 6, '2025-06-11 16:21:04', NULL, 2, '2025-06-11 16:21:04', '2025-06-11 16:21:04'),
(5, 2, 'ARTE CARGADO', 'El cliente ha actualizado el archivo de arte del proyecto', 'disenos/0tfr5syuqw1ZIEQd2rXdD56TfCogYPH2d7hEHro5.jpg', 7, '2025-06-11 21:50:15', NULL, 2, '2025-06-11 21:50:15', '2025-06-11 21:50:15'),
(6, 2, 'ARTE CARGADO', 'El cliente ha actualizado el archivo de arte del proyecto', 'disenos/k9VHJnNDrLwWemzJ2j6EAJEJPNETdNcOhfCzG6oi.jpg', 8, '2025-06-11 21:50:20', NULL, 2, '2025-06-11 21:50:20', '2025-06-11 21:50:20'),
(7, 2, 'ARTE CARGADO', 'El cliente ha actualizado el archivo de arte del proyecto', 'disenos/qGRG7pVCn2cPJ3QqBh5VMVGK4xhDoRlaYCFYV2EW.jpg', 9, '2025-06-11 21:50:32', NULL, 2, '2025-06-11 21:50:32', '2025-06-11 21:50:32'),
(8, 2, 'ARTE CARGADO', 'El cliente ha actualizado el archivo de arte del proyecto', 'disenos/6DspKJ9O90mEi5sHbPtIxr3TtNR8NllmMDDIaA9x.jpg', 10, '2025-06-11 22:35:00', NULL, 2, '2025-06-11 22:35:00', '2025-06-11 22:35:00'),
(9, 2, 'ARTE CARGADO', 'El cliente ha actualizado el archivo de arte del proyecto', 'disenos/oZuKsJ8ezqHuIQWg4gV4A1kGtcHhssTFgpWfdTf3.jpg', 11, '2025-06-11 22:45:45', NULL, 2, '2025-06-11 22:45:45', '2025-06-11 22:45:45'),
(10, 2, 'Proyecto asignado a diseñador', NULL, NULL, NULL, '2025-06-12 18:12:23', NULL, 2, '2025-06-12 18:12:23', '2025-06-12 18:12:23'),
(11, 2, 'EN PROCESO', NULL, NULL, NULL, '2025-06-12 19:07:42', NULL, 13, '2025-06-12 19:07:42', '2025-06-12 19:07:42'),
(12, 3, 'Proyecto asignado a diseñador', NULL, NULL, NULL, '2025-06-12 20:53:36', NULL, 2, '2025-06-12 20:53:36', '2025-06-12 20:53:36'),
(13, 2, 'REVISION', 'test info ', 'disenos/qWPDcRStyKOQ8na4eZKxYx7exT2YHPsBuDABHDta.jpg', 13, '2025-06-13 17:19:06', NULL, 2, '2025-06-13 17:19:06', '2025-06-13 17:19:06'),
(14, 2, 'RECHAZADO', 'Rechazo Pro ', 'disenos/qWPDcRStyKOQ8na4eZKxYx7exT2YHPsBuDABHDta.jpg', 13, '2025-06-13 18:16:52', NULL, 2, '2025-06-13 18:16:52', '2025-06-13 18:16:52'),
(15, 5, 'Proyecto asignado a diseñador', NULL, NULL, NULL, '2025-06-13 22:21:55', NULL, 2, '2025-06-13 22:21:55', '2025-06-13 22:21:55'),
(16, 5, 'EN PROCESO', NULL, NULL, NULL, '2025-06-16 15:36:21', NULL, 2, '2025-06-16 15:36:21', '2025-06-16 15:36:21'),
(17, 5, 'REVISION', 'Arachivo de diseño A', 'disenos/pk2VkPB4VXPDvgq4cYz2qmH93iY3OIn6UyKeb4Fk.jpg', 16, '2025-06-16 15:37:07', NULL, 2, '2025-06-16 15:37:07', '2025-06-16 15:37:07'),
(18, 5, 'DISEÑO APROBADO', 'Aprobado por el cliente', 'disenos/pk2VkPB4VXPDvgq4cYz2qmH93iY3OIn6UyKeb4Fk.jpg', 16, '2025-06-16 15:37:50', NULL, 2, '2025-06-16 15:37:50', '2025-06-16 15:37:50'),
(19, 2, 'REVISION', 'Test archvio liston amarillo ', 'disenos/e5GGX3Cv1a4oqcksqzOyT95azPSlcTinbhz6y18j.jpg', 17, '2025-06-16 18:45:36', NULL, 2, '2025-06-16 18:45:36', '2025-06-16 18:45:36'),
(20, 2, 'DISEÑO APROBADO', 'Aprobado por el cliente', 'disenos/e5GGX3Cv1a4oqcksqzOyT95azPSlcTinbhz6y18j.jpg', 17, '2025-06-17 16:06:33', NULL, 2, '2025-06-17 16:06:33', '2025-06-17 16:06:33'),
(21, 6, 'Proyecto asignado a diseñador', NULL, NULL, NULL, '2025-06-17 17:26:10', NULL, 14, '2025-06-17 17:26:10', '2025-06-17 17:26:10'),
(22, 6, 'EN PROCESO', NULL, NULL, NULL, '2025-06-17 17:30:59', NULL, 13, '2025-06-17 17:30:59', '2025-06-17 17:30:59'),
(23, 6, 'REVISION', 'Carga de archivos subir dsn', 'disenos/AKfEauhn1eqcMw3VFB4zicQ0tSlXuih6HJArO3Gg.jpg', 19, '2025-06-17 17:54:50', NULL, 13, '2025-06-17 17:54:50', '2025-06-17 17:54:50'),
(24, 6, 'RECHAZADO', 'Falta mas deefinicion en el diseño ', 'disenos/AKfEauhn1eqcMw3VFB4zicQ0tSlXuih6HJArO3Gg.jpg', 19, '2025-06-17 18:01:18', NULL, 55, '2025-06-17 18:01:18', '2025-06-17 18:01:18'),
(25, 6, 'REVISION', 'Nuevo diseño con mayor definición ', 'disenos/5LE4xq07lluf93hgKQoIwCRVQV0I326FIQ0gTUU3.jpg', 20, '2025-06-17 18:02:38', NULL, 13, '2025-06-17 18:02:38', '2025-06-17 18:02:38'),
(26, 6, 'DISEÑO APROBADO', 'Aprobado por el cliente', 'disenos/5LE4xq07lluf93hgKQoIwCRVQV0I326FIQ0gTUU3.jpg', 20, '2025-06-17 18:14:45', NULL, 55, '2025-06-17 18:14:45', '2025-06-17 18:14:45'),
(27, 7, 'Proyecto asignado a diseñador', NULL, NULL, NULL, '2025-06-18 16:53:20', NULL, 2, '2025-06-18 16:53:20', '2025-06-18 16:53:20'),
(28, 7, 'Proyecto asignado a diseñador', NULL, NULL, NULL, '2025-06-18 16:53:45', NULL, 2, '2025-06-18 16:53:45', '2025-06-18 16:53:45'),
(29, 7, 'EN PROCESO', NULL, NULL, NULL, '2025-06-18 16:56:19', NULL, 12, '2025-06-18 16:56:19', '2025-06-18 16:56:19'),
(30, 7, 'REVISION', 'Se carga el archivo de diseño A', 'disenos/3gLpXGmrz22zw9uOPzZg9xQu4BofGuVyS372WDts.jpg', 24, '2025-06-18 16:57:28', NULL, 12, '2025-06-18 16:57:28', '2025-06-18 16:57:28'),
(31, 4, 'Proyecto asignado a diseñador', NULL, NULL, NULL, '2025-06-18 17:01:43', NULL, 12, '2025-06-18 17:01:43', '2025-06-18 17:01:43'),
(32, 7, 'RECHAZADO', 'Test rechazo', 'disenos/3gLpXGmrz22zw9uOPzZg9xQu4BofGuVyS372WDts.jpg', 24, '2025-06-18 17:03:08', NULL, 18, '2025-06-18 17:03:08', '2025-06-18 17:03:08'),
(33, 8, 'Proyecto asignado a diseñador', NULL, NULL, NULL, '2025-06-18 17:07:08', NULL, 2, '2025-06-18 17:07:08', '2025-06-18 17:07:08'),
(34, 8, 'EN PROCESO', NULL, NULL, NULL, '2025-06-18 17:08:07', NULL, 13, '2025-06-18 17:08:07', '2025-06-18 17:08:07'),
(35, 7, 'REVISION', 'test', 'disenos/7CPs6eWAVNukQhUFGIlF13aTXs8SVUailjShpx0R.jpg', 26, '2025-06-18 17:16:29', NULL, 12, '2025-06-18 17:16:29', '2025-06-18 17:16:29'),
(36, 8, 'REVISION', 'test inicial ', 'disenos/7LcB0UjF2aP72w46rFO8L3ZD0OL2WyssCF0slt0v.jpg', 27, '2025-06-18 17:16:48', NULL, 12, '2025-06-18 17:16:48', '2025-06-18 17:16:48'),
(37, 9, 'Proyecto asignado a diseñador', NULL, NULL, NULL, '2025-06-18 17:29:48', NULL, 2, '2025-06-18 17:29:48', '2025-06-18 17:29:48'),
(38, 9, 'EN PROCESO', NULL, NULL, NULL, '2025-06-18 17:30:14', NULL, 13, '2025-06-18 17:30:14', '2025-06-18 17:30:14'),
(39, 9, 'REVISION', 'Tesst carga img dise;o prueba a', 'disenos/Ls0JL029VSpy7wwExCF1G9vPehqwfLOdIwlj8YDT.jpg', 28, '2025-06-18 17:30:37', NULL, 13, '2025-06-18 17:30:37', '2025-06-18 17:30:37'),
(40, 10, 'Proyecto asignado a diseñador', NULL, NULL, NULL, '2025-06-18 17:37:09', NULL, 2, '2025-06-18 17:37:09', '2025-06-18 17:37:09'),
(41, 10, 'EN PROCESO', NULL, NULL, NULL, '2025-06-18 17:37:47', NULL, 12, '2025-06-18 17:37:47', '2025-06-18 17:37:47'),
(42, 10, 'REVISION', 'test test test test test test test test test test test test', 'disenos/CiFc6Zqmjb8mcvYJR8jwh3R1YKmwppYkR4nhoRmt.jpg', 30, '2025-06-18 17:38:07', NULL, 12, '2025-06-18 17:38:07', '2025-06-18 17:38:07'),
(43, 11, 'EN PROCESO', NULL, NULL, NULL, '2025-06-19 20:34:19', NULL, 12, '2025-06-19 20:34:19', '2025-06-19 20:34:19'),
(44, 11, 'REVISION', 'V1', 'disenos/z7FDVsCyrrgtrEnr4Euf22Jp1GLc6VZ9pkabpXJ8.jpg', 32, '2025-06-19 20:38:39', NULL, 12, '2025-06-19 20:38:39', '2025-06-19 20:38:39'),
(45, 11, 'RECHAZADO', 'Necesito que vayan a la verga\n\\', 'disenos/z7FDVsCyrrgtrEnr4Euf22Jp1GLc6VZ9pkabpXJ8.jpg', 32, '2025-06-19 20:54:12', NULL, 61, '2025-06-19 20:54:12', '2025-06-19 20:54:12'),
(46, 11, 'REVISION', 'V2', 'disenos/yv6ZhpYalrwcrXzgvMwHkAvGRpw4xnw98OUPsaT7.jpg', 33, '2025-06-19 20:56:03', NULL, 12, '2025-06-19 20:56:03', '2025-06-19 20:56:03'),
(47, 11, 'DISEÑO APROBADO', 'Aprobado por el cliente', 'disenos/yv6ZhpYalrwcrXzgvMwHkAvGRpw4xnw98OUPsaT7.jpg', 33, '2025-06-19 21:03:21', NULL, 61, '2025-06-19 21:03:21', '2025-06-19 21:03:21'),
(48, 9, 'DISEÑO APROBADO', 'Aprobado por el cliente. Admin User', 'disenos/Ls0JL029VSpy7wwExCF1G9vPehqwfLOdIwlj8YDT.jpg', 28, '2025-07-11 22:01:48', NULL, 2, '2025-07-11 22:01:48', '2025-07-11 22:01:48');

--
-- Volcado de datos para la tabla `roles`
--

REPLACE INTO `roles` (`id`, `name`, `guard_name`, `created_at`, `updated_at`) VALUES
(1, 'admin', 'web', '2025-06-09 17:36:06', '2025-06-09 17:36:06'),
(2, 'cliente', 'web', '2025-06-09 17:36:06', '2025-06-09 17:36:06'),
(3, 'proveedor', 'web', '2025-06-09 17:36:06', '2025-06-09 17:36:06'),
(4, 'estaf', 'web', '2025-06-09 17:36:06', '2025-06-09 17:36:06'),
(5, 'diseñador', 'web', '2025-06-09 17:36:06', '2025-06-09 17:36:06'),
(6, 'jefediseñador', 'web', '2025-06-09 17:36:06', '2025-06-09 17:36:06'),
(7, 'operador', 'web', '2025-06-09 17:36:06', '2025-06-09 17:36:06'),
(8, 'cliente_principal', 'web', '2025-06-09 17:36:06', '2025-06-09 17:36:06'),
(9, 'cliente_subordinado', 'web', '2025-06-09 17:36:06', '2025-06-09 17:36:06');

--
-- Volcado de datos para la tabla `role_has_permissions`
--

REPLACE INTO `role_has_permissions` (`permission_id`, `role_id`) VALUES
(1, 1),
(2, 1),
(2, 7),
(2, 9),
(3, 1),
(4, 1),
(5, 1),
(6, 1),
(7, 1),
(8, 1),
(9, 1),
(10, 1),
(11, 1),
(12, 1),
(12, 2),
(12, 8),
(13, 1),
(13, 2),
(13, 8),
(14, 1),
(14, 2),
(14, 8),
(15, 1),
(15, 2),
(15, 8),
(16, 1),
(16, 2),
(16, 5),
(16, 6),
(16, 8),
(17, 1),
(17, 2),
(17, 8),
(18, 1),
(18, 2),
(18, 8),
(19, 1),
(19, 5),
(19, 6),
(20, 1),
(21, 1),
(22, 1),
(23, 1),
(23, 2),
(23, 8),
(24, 1),
(25, 1),
(26, 1),
(27, 1),
(28, 1),
(29, 1),
(29, 2),
(29, 8),
(30, 1),
(30, 2),
(30, 8),
(31, 1),
(32, 1),
(32, 5),
(32, 6),
(33, 1),
(33, 6),
(34, 1),
(35, 1),
(36, 1),
(37, 1),
(38, 1),
(39, 1),
(39, 8),
(40, 1),
(40, 8),
(41, 1),
(41, 8),
(42, 1),
(42, 5),
(42, 6),
(43, 1),
(44, 1),
(44, 6),
(45, 1),
(46, 1),
(46, 8);

--
-- Volcado de datos para la tabla `sucursales`
--

REPLACE INTO `sucursales` (`id`, `empresa_id`, `nombre`, `telefono`, `direccion`, `created_at`, `updated_at`) VALUES
(1, 1, 'Ltd Sucursal', '980.262.0985', '8656 Meghan Hills\nNew Amarahaven, LA 29509-4615', '2025-06-09 21:24:29', '2025-06-09 21:24:29'),
(2, 1, 'PLC Sucursal', '+1.253.983.9745', '333 Joana Points\nVelvaton, UT 15174-7593', '2025-06-09 21:24:29', '2025-06-09 21:24:29'),
(3, 2, 'Inc Sucursal', '(843) 760-6769', '680 Marvin Drive\nDaytonside, MD 89904', '2025-06-09 21:24:29', '2025-06-09 21:24:29'),
(4, 2, 'and Sons Sucursal', '479-498-6211', '534 Isai Light Apt. 252\nPort Hollieville, AK 25750-9174', '2025-06-09 21:24:29', '2025-06-09 21:24:29'),
(5, 3, 'Ltd Sucursal', '445-310-4468', '265 Baumbach Parkways\nBartonchester, KS 26602', '2025-06-09 21:24:29', '2025-06-09 21:24:29'),
(6, 3, 'LLC Sucursal', '+1.586.272.8788', '2153 Blick Pass\nWest Alphonsoshire, MT 08879', '2025-06-09 21:24:29', '2025-06-09 21:24:29'),
(7, 3, 'Inc Sucursal', '231.768.0186', '687 Albina Tunnel Suite 147\nLubowitzborough, KY 36329-2335', '2025-06-09 21:24:29', '2025-06-09 21:24:29'),
(8, 4, 'Group Sucursal', '828-955-1176', '6399 Laila Harbor\nBauchport, UT 48201', '2025-06-09 21:24:29', '2025-06-09 21:24:29'),
(9, 4, 'and Sons Sucursal', '1-832-748-6493', '39229 Kuvalis Extensions Suite 184\nNorth Tyreekland, AR 82459', '2025-06-09 21:24:29', '2025-06-09 21:24:29'),
(10, 5, 'Ltd Sucursal', '1-754-458-1990', '1522 Vladimir Row\nRichmondtown, UT 35520-4787', '2025-06-09 21:24:29', '2025-06-09 21:24:29'),
(11, 5, 'Inc Sucursal', '+14084245590', '29570 Bartell Run\nNew Jarrod, NV 08785-5238', '2025-06-09 21:24:29', '2025-06-09 21:24:29');

--
-- Volcado de datos para la tabla `tallas`
--

REPLACE INTO `tallas` (`id`, `nombre`, `descripcion`, `created_at`, `updated_at`, `ind_activo`) VALUES
(1, 'XS', 'Extra pequeño, ideal para cuerpos muy delgados.', '2025-04-25 21:30:18', '2025-04-25 21:30:18', 1),
(2, 'S', 'Pequeño, adecuado para cuerpos delgados.', '2025-04-25 21:30:18', '2025-04-25 21:30:18', 1),
(3, 'M', 'Mediano, la talla estándar para la mayoría.', '2025-04-25 21:30:18', '2025-04-25 21:30:18', 1),
(4, 'L', 'Grande, para quienes necesitan un poco más de espacio.', '2025-04-25 21:30:18', '2025-04-25 21:30:18', 1),
(5, 'XL', 'Extra grande, diseñado para mayor comodidad.', '2025-04-25 21:30:18', '2025-04-25 21:30:18', 1),
(6, 'XXL', 'Doble extra grande, para cuerpos más amplios.', '2025-04-25 21:30:18', '2025-04-25 21:30:18', 1),
(7, 'XXXL', 'Tripe Extra Grande', '2025-05-06 22:39:23', '2025-05-06 22:39:23', 1);

--
-- Volcado de datos para la tabla `tareas`
--

REPLACE INTO `tareas` (`id`, `proyecto_id`, `staff_id`, `descripcion`, `estado`, `tipo`, `disenio_flag_first_proceso`, `created_at`, `updated_at`) VALUES
(1, 1, 12, 'Test de diseño tarea', 'PENDIENTE', 'INDEFINIDA', 0, '2025-06-10 17:42:45', '2025-06-10 17:42:45'),
(2, 2, 13, 'Aplicate para esta tarea ', 'COMPLETADA', 'INDEFINIDA', 1, '2025-06-12 18:12:23', '2025-06-17 16:06:33'),
(3, 3, 12, 'Test tareas info ', 'PENDIENTE', 'INDEFINIDA', 0, '2025-06-12 20:53:36', '2025-06-12 20:53:36'),
(4, 5, 12, 'Se asigna la tarea a diseñador A\n', 'COMPLETADA', 'INDEFINIDA', 1, '2025-06-13 22:21:55', '2025-06-16 15:37:50'),
(5, 6, 13, 'Diseñador user 2', 'COMPLETADA', 'INDEFINIDA', 1, '2025-06-17 17:26:10', '2025-06-17 18:14:45'),
(6, 7, 12, 'Se asigna al diseñador \ntiempo estimado 6 hrs', 'EN PROCESO', 'INDEFINIDA', 1, '2025-06-18 16:53:20', '2025-06-18 17:16:29'),
(7, 7, 12, 'Se asigna al diseñador \ntiempo estimado 6 hrs', 'EN PROCESO', 'INDEFINIDA', 0, '2025-06-18 16:53:45', '2025-06-18 17:16:29'),
(8, 4, 12, 'Test asign user 1 ', 'PENDIENTE', 'INDEFINIDA', 0, '2025-06-18 17:01:43', '2025-06-18 17:01:43'),
(9, 8, 13, 'Tarea asignada al diseñador 2', 'EN PROCESO', 'INDEFINIDA', 1, '2025-06-18 17:07:08', '2025-06-18 17:16:48'),
(10, 9, 13, 'Test caraga img sercver 1 ', 'COMPLETADA', 'INDEFINIDA', 1, '2025-06-18 17:29:48', '2025-07-11 22:01:48'),
(11, 10, 12, 'testasdasd', 'EN PROCESO', 'INDEFINIDA', 1, '2025-06-18 17:37:09', '2025-06-18 17:38:07'),
(12, 11, 12, 'Prueba de Tarea Portal', 'COMPLETADA', 'INDEFINIDA', 1, '2025-06-19 20:26:55', '2025-06-19 21:03:21');

--
-- Volcado de datos para la tabla `tipo_envio`
--

REPLACE INTO `tipo_envio` (`id`, `nombre`, `descripcion`, `dias_envio`, `created_at`, `updated_at`) VALUES
(1, 'Terrestre Local', 'Envío terrestre dentro de la misma localidad.', 0, '2025-06-09 21:24:27', '2025-06-09 21:24:27'),
(2, 'Terrestre Nacional', 'Envío terrestre a nivel nacional.', 6, '2025-06-09 21:24:27', '2025-06-09 21:24:27'),
(3, 'Terrestre Extranjero', 'Envío terrestre a otros países.', 6, '2025-06-09 21:24:27', '2025-06-09 21:24:27'),
(4, 'Aire Nacional', 'Envío aéreo a nivel nacional.', 2, '2025-06-09 21:24:27', '2025-06-09 21:24:27'),
(5, 'Aire Extranjero', 'Envío aéreo a otros países.', 3, '2025-06-09 21:24:27', '2025-06-09 21:24:27');

--
-- Volcado de datos para la tabla `users`
--

REPLACE INTO `users` (`id`, `name`, `email`, `email_verified_at`, `password`, `remember_token`, `config`, `user_can_sel_preproyectos`, `subordinados`, `empresa_id`, `sucursal_id`, `created_at`, `updated_at`, `role_id`) VALUES
(1, 'german USER', 'german@mtiendurance.com', NULL, '$2y$12$3g3wGpb3AaoxPEskNWWmaOcTu8z9pBrGR6ulDBkNXJ2H7YwZYKg.i', NULL, NULL, NULL, NULL, NULL, NULL, '2025-06-09 21:24:22', '2025-06-09 21:24:22', NULL),
(2, 'Admin User', 'ingjosue.cardona@gmail.com', NULL, '$2y$12$xUAE.yUwUCEYhq6Sm4auR.jgIVRQzGYfTr4bJhAdPQ.R9hDIcrbO.', 'XzLJquJ6s8goj1vR4sXPlNlSY9TNLt58lZQxgMIKT4rRNpKHP44uFB4VI8Fl', NULL, NULL, NULL, NULL, NULL, '2025-06-09 21:24:23', '2025-06-09 21:24:23', NULL),
(3, 'Carlos Prueba', 'carlos@mtiendurance.com', NULL, '$2y$12$t11kGJmU06fojTsOt2ZCeehn40o1EZuI23BoWT7YlPVbolxXT6tli', NULL, NULL, NULL, NULL, NULL, NULL, '2025-06-09 21:24:23', '2025-06-09 21:24:23', NULL),
(4, 'Admin User 1', 'admin1@example.com', NULL, '$2y$12$ZQIdFBG2SWQGCGCr6VrdPu/mD5Yjn1mnFE1laOyEygC/1s5F0L2U6', NULL, NULL, NULL, NULL, NULL, NULL, '2025-06-09 21:24:23', '2025-06-09 21:24:23', NULL),
(5, 'Admin User 2', 'admin2@example.com', NULL, '$2y$12$EtW/Ll/a4e9.G2mmSg5OveEOEA7FmbSBBzSbbMKXD0V/dQYJR7dJa', NULL, NULL, NULL, NULL, NULL, NULL, '2025-06-09 21:24:23', '2025-06-09 21:24:23', NULL),
(6, 'Cliente User 1', 'cliente1@example.com', NULL, '$2y$12$aTuQk3TyxrJUPThIMkzrReio7S2y38rSXdt81nj2RZkWrlrgu1Pzu', NULL, NULL, NULL, NULL, NULL, NULL, '2025-06-09 21:24:23', '2025-06-09 21:24:23', NULL),
(7, 'Cliente User 2', 'cliente2@example.com', NULL, '$2y$12$n7MghKKZTIOkXuDyz5IOduyZVWWFmP3.XU.F7fP4u1fAe2p/jU8ra', NULL, NULL, NULL, NULL, NULL, NULL, '2025-06-09 21:24:24', '2025-06-09 21:24:24', NULL),
(8, 'Proveedor User 1', 'proveedor1@example.com', NULL, '$2y$12$/cWDxr/y1Uj3VT4smoIXCuAyc53Oq2HDlPCSbz1a.hyjadPEQ8e2W', NULL, NULL, NULL, NULL, NULL, NULL, '2025-06-09 21:24:24', '2025-06-09 21:24:24', NULL),
(9, 'Proveedor User 2', 'proveedor2@example.com', NULL, '$2y$12$QWAmfwqDd/Y8UaXwCj2Fx.gfDW1tY2rmAOXd0t7CTdsqGj1nE4w36', NULL, NULL, NULL, NULL, NULL, NULL, '2025-06-09 21:24:24', '2025-06-09 21:24:24', NULL),
(10, 'Estaf User 1', 'estaf1@example.com', NULL, '$2y$12$dpe2fO35D4qKLBwgt1zdAOt6MKd8TqEM9OZr3WzPZoMsCjhPSzGCe', NULL, NULL, NULL, NULL, NULL, NULL, '2025-06-09 21:24:24', '2025-06-09 21:24:24', NULL),
(11, 'Estaf User 2', 'estaf2@example.com', NULL, '$2y$12$p9.jN4P1ghmfzrgictjIvuuXvMGcDsz/NY1lVkRejQ7BTWQyirdQq', NULL, NULL, NULL, NULL, NULL, NULL, '2025-06-09 21:24:25', '2025-06-09 21:24:25', NULL),
(12, 'Diseñador User 1', 'diseñador1@example.com', NULL, '$2y$12$tgTJV9Pa68hVzip.AQ/8ru6PU/gTStKcJ/wyfD9ySXMcQne5Vmcfm', NULL, NULL, NULL, NULL, NULL, NULL, '2025-06-09 21:24:25', '2025-06-09 21:24:25', NULL),
(13, 'Diseñador User 2', 'diseñador2@example.com', NULL, '$2y$12$J19R0tH1r6647z0yyVmwQ.F7KgPhw0M6gblidUx6cJe8lbuKI68CW', NULL, NULL, NULL, NULL, NULL, NULL, '2025-06-09 21:24:25', '2025-06-09 21:24:25', NULL),
(14, 'Jefediseñador User 1', 'jefediseñador1@example.com', NULL, '$2y$12$Ik//Cp5MzKdd11R8mKbil.e01kfjh40rUTAfXKdAaKjXVgbIUZeDy', NULL, NULL, NULL, NULL, NULL, NULL, '2025-06-09 21:24:25', '2025-06-09 21:24:25', NULL),
(15, 'Jefediseñador User 2', 'jefediseñador2@example.com', NULL, '$2y$12$HpuQ80B.NkqdtsP8BQlcQexjcG3WcOqY/7e6Ht9mSLxI3UiSpY6Si', NULL, NULL, NULL, NULL, NULL, NULL, '2025-06-09 21:24:25', '2025-06-09 21:24:25', NULL),
(16, 'Operador User 1', 'operador1@example.com', NULL, '$2y$12$ZGBGY3RsC8iECl/JtlOZJ.QyFtGDOch7iXgICtZVtiV2BrCMVt4ge', NULL, NULL, NULL, NULL, NULL, NULL, '2025-06-09 21:24:26', '2025-06-09 21:24:26', NULL),
(17, 'Operador User 2', 'operador2@example.com', NULL, '$2y$12$jx5VNDBDb20.59/.tE5ss.BCIPDGj5aIMAFMBEUg6Kh/G51KAdcTG', NULL, NULL, NULL, NULL, NULL, NULL, '2025-06-09 21:24:26', '2025-06-09 21:24:26', NULL),
(18, 'Cliente_principal User 1', 'cliente_principal1@example.com', NULL, '$2y$12$7Q044g79x0FIZma86yxTkOJypl3XX3mMu5HUduIQ59D4crt.mCe6.', NULL, NULL, NULL, NULL, NULL, NULL, '2025-06-09 21:24:26', '2025-06-09 21:24:26', NULL),
(19, 'Cliente_principal User 2', 'cliente_principal2@example.com', NULL, '$2y$12$6HUw5HmNRY496VBzBGL5MOczKFyhkeHuw5V27xN0bt8kfIsTS4XdO', NULL, NULL, NULL, NULL, NULL, NULL, '2025-06-09 21:24:26', '2025-06-09 21:24:26', NULL),
(20, 'Cliente_subordinado User 1', 'cliente_subordinado1@example.com', NULL, '$2y$12$KQ5MdF13dUBxcoM8ocJaUueyvwwe8WNlue86U6kklen69zZIfQKFS', NULL, NULL, NULL, NULL, NULL, NULL, '2025-06-09 21:24:27', '2025-06-09 21:24:27', NULL),
(21, 'Cliente_subordinado User 2', 'cliente_subordinado2@example.com', NULL, '$2y$12$64xoffuPmlGrHI0NnyOqFu1NMH4Fgw6CYAsZhhzh996suc3ySoL4C', NULL, NULL, NULL, NULL, NULL, NULL, '2025-06-09 21:24:27', '2025-06-09 21:24:27', NULL),
(22, 'Pearline Runolfsson', 'shania.orn@example.org', '2025-06-09 21:24:28', '$2y$12$SRUbX2toUj8MhCbWcPEc8uaY7dgltqtO75bsjMLKKVyY2xRsVQbCq', 'h7lQd3Jryr', NULL, NULL, NULL, NULL, NULL, '2025-06-09 21:24:28', '2025-06-09 21:24:28', NULL),
(23, 'Jeff Kuhlman DVM', 'wilma00@example.com', '2025-06-09 21:24:28', '$2y$12$SRUbX2toUj8MhCbWcPEc8uaY7dgltqtO75bsjMLKKVyY2xRsVQbCq', 'tqnvM3q3u8', NULL, NULL, NULL, NULL, NULL, '2025-06-09 21:24:28', '2025-06-09 21:24:28', NULL),
(24, 'Kobe Mann', 'boyd24@example.org', '2025-06-09 21:24:28', '$2y$12$SRUbX2toUj8MhCbWcPEc8uaY7dgltqtO75bsjMLKKVyY2xRsVQbCq', 'kmwrsyj8jO', NULL, NULL, NULL, NULL, NULL, '2025-06-09 21:24:28', '2025-06-09 21:24:28', NULL),
(25, 'Freda Anderson', 'bergnaum.elna@example.org', '2025-06-09 21:24:28', '$2y$12$SRUbX2toUj8MhCbWcPEc8uaY7dgltqtO75bsjMLKKVyY2xRsVQbCq', 'HE7OIA8Cf2', NULL, NULL, NULL, NULL, NULL, '2025-06-09 21:24:28', '2025-06-09 21:24:28', NULL),
(26, 'Shayne Price', 'noelia.aufderhar@example.net', '2025-06-09 21:24:28', '$2y$12$SRUbX2toUj8MhCbWcPEc8uaY7dgltqtO75bsjMLKKVyY2xRsVQbCq', 'ZuLqO7ihNq', NULL, NULL, NULL, NULL, NULL, '2025-06-09 21:24:28', '2025-06-09 21:24:28', NULL),
(27, 'Melissa Adams', 'armstrong.salma@example.org', '2025-06-09 21:24:28', '$2y$12$SRUbX2toUj8MhCbWcPEc8uaY7dgltqtO75bsjMLKKVyY2xRsVQbCq', 'MbEbbh9iTH', NULL, NULL, NULL, NULL, NULL, '2025-06-09 21:24:28', '2025-06-09 21:24:28', NULL),
(28, 'Mrs. Haven Wolf DVM', 'nhyatt@example.com', '2025-06-09 21:24:28', '$2y$12$SRUbX2toUj8MhCbWcPEc8uaY7dgltqtO75bsjMLKKVyY2xRsVQbCq', 'zHKODNJ956', NULL, NULL, NULL, NULL, NULL, '2025-06-09 21:24:28', '2025-06-09 21:24:28', NULL),
(29, 'Rowan Lesch', 'mariela76@example.net', '2025-06-09 21:24:28', '$2y$12$SRUbX2toUj8MhCbWcPEc8uaY7dgltqtO75bsjMLKKVyY2xRsVQbCq', 'sMKQkdVy3D', NULL, NULL, NULL, NULL, NULL, '2025-06-09 21:24:28', '2025-06-09 21:24:28', NULL),
(30, 'Jennyfer Bernier', 'zulauf.virginia@example.org', '2025-06-09 21:24:28', '$2y$12$SRUbX2toUj8MhCbWcPEc8uaY7dgltqtO75bsjMLKKVyY2xRsVQbCq', 'sC19JwxY7u', NULL, NULL, NULL, NULL, NULL, '2025-06-09 21:24:28', '2025-06-09 21:24:28', NULL),
(31, 'Jannie Anderson', 'berge.katlynn@example.org', '2025-06-09 21:24:28', '$2y$12$SRUbX2toUj8MhCbWcPEc8uaY7dgltqtO75bsjMLKKVyY2xRsVQbCq', 'tJv19RTOVm', NULL, NULL, NULL, NULL, NULL, '2025-06-09 21:24:28', '2025-06-09 21:24:28', NULL),
(32, 'Leuschke Ltd Principal', 'leuschkeltd@ejemplo.com', '2025-06-09 21:24:29', '$2y$12$fr2SMovXDyKoFKYGT5CL8O44h0zOzwwv9393RMKjxP2Bag2B1FZ5.', NULL, NULL, NULL, '[33, 34, 35, 36, 37, 38, 39, 40]', 1, NULL, '2025-06-09 21:24:29', '2025-06-09 21:24:31', NULL),
(33, 'Leuschke Ltd Subordinado 1', 'leuschke ltd_sub1@ejemplo.com', '2025-06-09 21:24:29', '$2y$12$huTcSHy7oyp.7bFnfV/rjuGFkV2ns8aLxM0d3wOLpKgCwX32ftzgu', NULL, NULL, NULL, NULL, 1, 2, '2025-06-09 21:24:29', '2025-06-09 21:24:29', NULL),
(34, 'Leuschke Ltd Subordinado 2', 'leuschke ltd_sub2@ejemplo.com', '2025-06-09 21:24:29', '$2y$12$.rdFXDLetUfi2UkYKlZFjOR3fAVIwmmk4gYEhyNuPpvsiDc/LqeFW', NULL, NULL, NULL, NULL, 1, 1, '2025-06-09 21:24:29', '2025-06-09 21:24:29', NULL),
(35, 'Leuschke Ltd Subordinado 3', 'leuschke ltd_sub3@ejemplo.com', '2025-06-09 21:24:30', '$2y$12$5HP4QXFJ88/Z5f5V98RE7.mBni5Nhmb13wFWNr8qUowFYBWhH2P4S', NULL, NULL, NULL, NULL, 1, 2, '2025-06-09 21:24:30', '2025-06-09 21:24:30', NULL),
(36, 'Leuschke Ltd Subordinado 4', 'leuschke ltd_sub4@ejemplo.com', '2025-06-09 21:24:30', '$2y$12$kOtn3l.j9SAOgxWBzrWrQuw5XcnJn5BoD2N0hCDuf9K/QU8aAw6nm', NULL, NULL, NULL, NULL, 1, 1, '2025-06-09 21:24:30', '2025-06-09 21:24:30', NULL),
(37, 'Leuschke Ltd Subordinado 5', 'leuschke ltd_sub5@ejemplo.com', '2025-06-09 21:24:30', '$2y$12$ZXblE9oghJ.tZMnFOS.x3.rHkhuh7ZoSRpV1kHt8d9fZDiFK6iEyK', NULL, NULL, NULL, NULL, 1, 2, '2025-06-09 21:24:30', '2025-06-09 21:24:30', NULL),
(38, 'Leuschke Ltd Subordinado 6', 'leuschke ltd_sub6@ejemplo.com', '2025-06-09 21:24:30', '$2y$12$/tqBwjkbmzHuFpCt72lYaeOTt5uW6VNTvv15j81i8vBve2UuCAqUe', NULL, NULL, NULL, NULL, 1, 2, '2025-06-09 21:24:30', '2025-06-09 21:24:30', NULL),
(39, 'Leuschke Ltd Subordinado 7', 'leuschke ltd_sub7@ejemplo.com', '2025-06-09 21:24:31', '$2y$12$311YNISqnQEiuj99cbAVPuUuKMO3UPTjetIvherGw0cTiTFZI7Fiy', NULL, NULL, NULL, NULL, 1, 1, '2025-06-09 21:24:31', '2025-06-09 21:24:31', NULL),
(40, 'Leuschke Ltd Subordinado 8', 'leuschke ltd_sub8@ejemplo.com', '2025-06-09 21:24:31', '$2y$12$S42t0cxQKGYvj.kbHwvETeMzcc7Tck674vrW8kicNZjblQIIsB5ja', NULL, NULL, NULL, NULL, 1, 1, '2025-06-09 21:24:31', '2025-06-09 21:24:31', NULL),
(41, 'Rath-Schumm Principal', 'rath-schumm@ejemplo.com', '2025-06-09 21:24:31', '$2y$12$mNs1lKRgAsZw.FoBRQnIWOXEHfIJx8WEeum1eK0GGn4A12F51oP/y', NULL, NULL, NULL, '[42, 43, 44, 45, 46, 47]', 2, NULL, '2025-06-09 21:24:31', '2025-06-09 21:24:32', NULL),
(42, 'Rath-Schumm Subordinado 1', 'rath-schumm_sub1@ejemplo.com', '2025-06-09 21:24:31', '$2y$12$8X1SM11tL1OjS9HkLUS8ueDd.0YeEQvKNOqR.vfkLGWYqzggr.BMu', NULL, NULL, NULL, NULL, 2, 3, '2025-06-09 21:24:31', '2025-06-09 21:24:31', NULL),
(43, 'Rath-Schumm Subordinado 2', 'rath-schumm_sub2@ejemplo.com', '2025-06-09 21:24:31', '$2y$12$I37qj48yvIkETqYjHWtXaOFt4N63vzOJ/x510GrbAW5HlLf3xLpCS', NULL, NULL, NULL, NULL, 2, 3, '2025-06-09 21:24:31', '2025-06-09 21:24:31', NULL),
(44, 'Rath-Schumm Subordinado 3', 'rath-schumm_sub3@ejemplo.com', '2025-06-09 21:24:32', '$2y$12$v2Qypt91GgH/pYqeLlD5EeXsicl9OZSVzOJ/ITgzV2mzwid3tlJbe', NULL, NULL, NULL, NULL, 2, 3, '2025-06-09 21:24:32', '2025-06-09 21:24:32', NULL),
(45, 'Rath-Schumm Subordinado 4', 'rath-schumm_sub4@ejemplo.com', '2025-06-09 21:24:32', '$2y$12$xhY2aQKEI.l/o/.9a0ZhzuDdA229pakKJDDVqnAVuZXRr3Jw8KAki', NULL, NULL, NULL, NULL, 2, 3, '2025-06-09 21:24:32', '2025-06-09 21:24:32', NULL),
(46, 'Rath-Schumm Subordinado 5', 'rath-schumm_sub5@ejemplo.com', '2025-06-09 21:24:32', '$2y$12$ZWylIKeIT37EtmJjzhBXF.9mMMLEQsWp/0955G8TeIVrAD4f1Bkt6', NULL, NULL, NULL, NULL, 2, 4, '2025-06-09 21:24:32', '2025-06-09 21:24:32', NULL),
(47, 'Rath-Schumm Subordinado 6', 'rath-schumm_sub6@ejemplo.com', '2025-06-09 21:24:32', '$2y$12$ynIvbOSGj/X5WnGlmTkt0OXejZq00I7/P/aPXjW9Hi9UHdYGcdVWG', NULL, NULL, NULL, NULL, 2, 4, '2025-06-09 21:24:32', '2025-06-09 21:24:32', NULL),
(48, 'Littel-Quitzon Principal', 'littel-quitzon@ejemplo.com', '2025-06-09 21:24:33', '$2y$12$7gOPnjvNM41hfUanlUWmIeP0b9gDS6WT8VGtJyPYQnh4QHSZpkX0y', NULL, NULL, NULL, '[49, 50, 51, 52, 53, 54]', 3, NULL, '2025-06-09 21:24:33', '2025-06-09 21:24:34', NULL),
(49, 'Littel-Quitzon Subordinado 1', 'littel-quitzon_sub1@ejemplo.com', '2025-06-09 21:24:33', '$2y$12$.SevcYCxQWgcvJG19pjR6efpStzxbkqgpjYoMUUxXSSTZQqniUKm.', NULL, NULL, NULL, NULL, 3, 6, '2025-06-09 21:24:33', '2025-06-09 21:24:33', NULL),
(50, 'Littel-Quitzon Subordinado 2', 'littel-quitzon_sub2@ejemplo.com', '2025-06-09 21:24:33', '$2y$12$cMce3dSX7Pnf46ht8q5bse/0vfzF6vKt/sDP0yuG1tTmNTBkSfKAy', NULL, NULL, NULL, NULL, 3, 7, '2025-06-09 21:24:33', '2025-06-09 21:24:33', NULL),
(51, 'Littel-Quitzon Subordinado 3', 'littel-quitzon_sub3@ejemplo.com', '2025-06-09 21:24:33', '$2y$12$SlsIdJZn8ndqddsx1dgKVeClOFKGN18fVDrIk8Z6CTCAuiO/UFjpy', NULL, NULL, NULL, NULL, 3, 6, '2025-06-09 21:24:33', '2025-06-09 21:24:33', NULL),
(52, 'Littel-Quitzon Subordinado 4', 'littel-quitzon_sub4@ejemplo.com', '2025-06-09 21:24:33', '$2y$12$HCbLyyrgOISRWAOM01wE5.PzmWxlQNhExLDmmE/SdlBNmBiqXw5D6', NULL, NULL, NULL, NULL, 3, 6, '2025-06-09 21:24:33', '2025-06-09 21:24:33', NULL),
(53, 'Littel-Quitzon Subordinado 5', 'littel-quitzon_sub5@ejemplo.com', '2025-06-09 21:24:34', '$2y$12$HMNIjMZYqU160vlgqPLCSOSwUZp3uGz1XdAZQCF81wojDkd2e5Q6a', NULL, NULL, NULL, NULL, 3, 6, '2025-06-09 21:24:34', '2025-06-09 21:24:34', NULL),
(54, 'Littel-Quitzon Subordinado 6', 'littel-quitzon_sub6@ejemplo.com', '2025-06-09 21:24:34', '$2y$12$N3E.PtfhDJDigei3O33uc.EBdfA6p2qJSsR4j6SkRyX8/Xe6nFuWG', NULL, NULL, NULL, NULL, 3, 5, '2025-06-09 21:24:34', '2025-06-09 21:24:34', NULL),
(55, 'Kris-Upton Principal', 'kris-upton@ejemplo.com', '2025-06-09 21:24:34', '$2y$12$vagzpOQ2n.5gWXErRk.atezfDNPM.07t30StisZ9mNjNuDropfiem', NULL, NULL, NULL, '[56, 57, 58, 59, 60]', 4, NULL, '2025-06-09 21:24:34', '2025-06-09 21:24:35', NULL),
(56, 'Kris-Upton Subordinado 1', 'kris-upton_sub1@ejemplo.com', '2025-06-09 21:24:34', '$2y$12$8z9j4FWfS/FZ6w3ts83HLOtrnOqkTXHjRLFUiU11Mx0OsIvDVXCwi', NULL, NULL, NULL, NULL, 4, 8, '2025-06-09 21:24:34', '2025-06-09 21:24:34', NULL),
(57, 'Kris-Upton Subordinado 2', 'kris-upton_sub2@ejemplo.com', '2025-06-09 21:24:35', '$2y$12$6xOcUPd5tpiPtH2zSuzj0.SU64iDF6QA8J0wUekd2K7MbODYsFL6O', NULL, NULL, NULL, NULL, 4, 8, '2025-06-09 21:24:35', '2025-06-09 21:24:35', NULL),
(58, 'Kris-Upton Subordinado 3', 'kris-upton_sub3@ejemplo.com', '2025-06-09 21:24:35', '$2y$12$Pnt1DJFnwV5EjxnBuxr1k.JIZcnigKAheyM.hWnk93dfqKGMfCgia', NULL, NULL, NULL, NULL, 4, 9, '2025-06-09 21:24:35', '2025-06-09 21:24:35', NULL),
(59, 'Kris-Upton Subordinado 4', 'kris-upton_sub4@ejemplo.com', '2025-06-09 21:24:35', '$2y$12$V2QypW.WEUe6t6DZ/cUqzO/.AdxdjLmZjIKYOuvyR.bX84RdpcKf.', NULL, NULL, NULL, NULL, 4, 9, '2025-06-09 21:24:35', '2025-06-09 21:24:35', NULL),
(60, 'Kris-Upton Subordinado 5', 'kris-upton_sub5@ejemplo.com', '2025-06-09 21:24:35', '$2y$12$gsB/viY9YlwnzYRM3n0HneZ6qwv3QUH9yWPY0LraIJl72DMQx2pG2', NULL, NULL, NULL, NULL, 4, 8, '2025-06-09 21:24:35', '2025-06-09 21:24:35', NULL),
(61, 'Leannon-OKeefe Principal', 'Leannon-Okeefe@ejemplo.com', '2025-06-09 21:24:36', '$2y$12$V..yudi3gOAvZFBUbsaBWehhAniYzqqpsuKFM3ZrG5eLQwMI6pKo.', NULL, NULL, NULL, '[62, 63, 64, 65, 66, 67]', 5, NULL, '2025-06-09 21:24:36', '2025-06-09 21:24:37', NULL),
(62, 'Leannon-OKeefe Subordinado 1', 'Leannon-Okeefe_sub1@ejemplo.com', '2025-06-09 21:24:36', '$2y$12$DY13JUZ.z.3i8gu1AVW6n.PB1MNXM9nWOeG7RHHFXn5tC7XdLk4pu', NULL, NULL, NULL, NULL, 5, 10, '2025-06-09 21:24:36', '2025-06-09 21:24:36', NULL),
(63, 'Leannon-OKeefe Subordinado 2', 'Leannon-Okeefe_sub2@ejemplo.com', '2025-06-09 21:24:36', '$2y$12$j4KMY4INDDauBcmK//vl3u5As3e0wsv2Vct3kLSz8lAUb41va8p/W', NULL, NULL, NULL, NULL, 5, 11, '2025-06-09 21:24:36', '2025-06-09 21:24:36', NULL),
(64, 'Leannon-OKeefe Subordinado 3', 'Leannon-Okeefe_sub3@ejemplo.com', '2025-06-09 21:24:36', '$2y$12$yA5l9dRcEVDKb0d8XzMTieFod/mXxqsW2jYpCq5sRJY.cvSiAktZC', NULL, NULL, NULL, NULL, 5, 10, '2025-06-09 21:24:36', '2025-06-09 21:24:36', NULL),
(65, 'Leannon-OKeefe Subordinado 4', 'Leannon-Okeefe_sub4@ejemplo.com', '2025-06-09 21:24:36', '$2y$12$UyeS2yukA.MmwXl7nIXhCOHiDGTvORUwWfkX99cM5KLILDKPTvNai', NULL, NULL, NULL, NULL, 5, 11, '2025-06-09 21:24:36', '2025-06-09 21:24:36', NULL),
(66, 'Leannon-OKeefe Subordinado 5', 'Leannon-Okeefe_sub5@ejemplo.com', '2025-06-09 21:24:37', '$2y$12$cobHentOhfCSuRQNiQ0eIuzMVxlk2WRX/fbhBEfAhM29SSiO1AtRa', NULL, NULL, NULL, NULL, 5, 10, '2025-06-09 21:24:37', '2025-06-09 21:24:37', NULL),
(67, 'Leannon-OKeefe Subordinado 6', 'Leannon-Okeefe_sub6@ejemplo.com', '2025-06-09 21:24:37', '$2y$12$QkqEdSGcoKaDVgdbiET6x.6Arlgffy9kdauUWOSJBMT33ER8jU8kS', NULL, NULL, NULL, NULL, 5, 11, '2025-06-09 21:24:37', '2025-06-09 21:24:37', NULL);
COMMIT;

