-- --------------------------------------------------------
-- Host:                         127.0.0.1
-- Versión del servidor:         8.4.3 - MySQL Community Server - GPL
-- SO del servidor:              Win64
-- HeidiSQL Versión:             12.8.0.6908
-- --------------------------------------------------------

/*!40101 SET @OLD_CHARACTER_SET_CLIENT=@@CHARACTER_SET_CLIENT */;
/*!40101 SET NAMES utf8 */;
/*!50503 SET NAMES utf8mb4 */;
/*!40103 SET @OLD_TIME_ZONE=@@TIME_ZONE */;
/*!40103 SET TIME_ZONE='+00:00' */;
/*!40014 SET @OLD_FOREIGN_KEY_CHECKS=@@FOREIGN_KEY_CHECKS, FOREIGN_KEY_CHECKS=0 */;
/*!40101 SET @OLD_SQL_MODE=@@SQL_MODE, SQL_MODE='NO_AUTO_VALUE_ON_ZERO' */;
/*!40111 SET @OLD_SQL_NOTES=@@SQL_NOTES, SQL_NOTES=0 */;

-- Volcando datos para la tabla mtiadmin_portal.caracteristicas: ~27 rows (aproximadamente)
INSERT INTO `caracteristicas` (`id`, `nombre`, `flag_seleccion_multiple`, `created_at`, `updated_at`, `ind_activo`) VALUES
	(1, 'Tipo de Tela', 0, '2025-04-26 10:33:14', '2025-04-26 11:43:57', 1),
	(2, 'Tipo de Cinta', 0, '2025-04-26 10:33:27', '2025-04-26 11:43:50', 1),
	(3, 'Impresion', 0, '2025-04-26 10:34:21', '2025-05-07 09:42:47', 1),
	(4, 'Material', 0, '2025-04-26 10:34:46', '2025-04-26 11:43:32', 1),
	(5, 'Medida', 0, '2025-04-26 10:36:14', '2025-04-26 11:43:23', 1),
	(6, 'Tamaño', 0, '2025-04-26 10:36:33', '2025-04-26 11:43:17', 1),
	(7, 'Hebilla Frontal', 0, '2025-04-26 10:37:19', '2025-04-26 11:43:07', 1),
	(8, 'Broche de Seguridad', 0, '2025-04-26 10:37:46', '2025-04-26 11:42:59', 1),
	(9, 'Herraje', 0, '2025-04-26 10:38:23', '2025-05-07 10:22:05', 1),
	(10, 'Broche Inviolable', 0, '2025-04-26 10:38:46', '2025-04-26 11:42:39', 1),
	(11, 'Terminado', 0, '2025-04-26 10:40:52', '2025-04-26 12:17:59', 1),
	(12, 'Acabado', 0, '2025-04-26 10:41:02', '2025-04-26 11:42:32', 1),
	(13, 'Herraje Doble', 0, '2025-04-26 10:45:50', '2025-04-26 11:42:22', 1),
	(14, 'Herraje Extra', 0, '2025-04-26 10:56:05', '2025-04-26 11:42:16', 1),
	(15, 'Pintada', 0, '2025-04-26 11:02:44', '2025-04-26 11:42:10', 1),
	(16, 'Elastico', 0, '2025-04-26 11:44:28', '2025-04-26 11:45:51', 1),
	(17, 'Jareta', 0, '2025-04-26 11:55:39', '2025-04-26 11:56:28', 1),
	(18, 'Materiales', 0, '2025-04-26 12:16:59', '2025-04-26 12:16:59', 1),
	(19, 'Presentación', 0, '2025-04-26 12:19:47', '2025-04-26 12:19:47', 1),
	(20, 'Armado', 0, '2025-04-26 12:25:50', '2025-04-26 12:25:50', 1),
	(21, 'Tipo de Cuello', 0, '2025-05-07 09:53:22', '2025-05-07 09:53:22', 1),
	(22, 'Yoyo Personalisado', 0, '2025-05-07 10:22:44', '2025-05-07 10:22:44', 1),
	(23, 'Medida Yoyo', 0, '2025-05-07 10:24:46', '2025-05-07 10:24:46', 1),
	(24, 'Tipo Cinta Superior', 0, '2025-05-07 11:09:48', '2025-05-07 11:10:09', 1),
	(25, 'Medida Cinta Superior', 0, '2025-05-07 11:10:57', '2025-05-07 11:10:57', 1),
	(26, 'Medida Cinta Inferior', 0, '2025-05-07 11:11:14', '2025-05-07 11:11:14', 1),
	(27, 'Tipo Cinta Inferior', 0, '2025-05-07 11:11:35', '2025-05-07 11:11:35', 1);

-- Volcando datos para la tabla mtiadmin_portal.caracteristica_opcion: ~92 rows (aproximadamente)
INSERT INTO `caracteristica_opcion` (`id`, `caracteristica_id`, `opcion_id`, `created_at`, `updated_at`) VALUES
	(14, 9, 2, NULL, NULL),
	(15, 13, 2, NULL, NULL),
	(16, 9, 3, NULL, NULL),
	(17, 13, 3, NULL, NULL),
	(18, 9, 5, NULL, NULL),
	(19, 13, 5, NULL, NULL),
	(20, 9, 7, NULL, NULL),
	(21, 13, 7, NULL, NULL),
	(23, 14, 8, NULL, NULL),
	(24, 14, 9, NULL, NULL),
	(25, 14, 10, NULL, NULL),
	(26, 9, 10, NULL, NULL),
	(27, 14, 11, NULL, NULL),
	(28, 9, 12, NULL, NULL),
	(29, 13, 12, NULL, NULL),
	(31, 15, 13, NULL, NULL),
	(32, 15, 14, NULL, NULL),
	(33, 15, 15, NULL, NULL),
	(34, 15, 16, NULL, NULL),
	(35, 15, 18, NULL, NULL),
	(36, 12, 19, NULL, NULL),
	(37, 12, 20, NULL, NULL),
	(38, 12, 21, NULL, NULL),
	(39, 11, 22, NULL, NULL),
	(40, 11, 23, NULL, NULL),
	(41, 11, 24, NULL, NULL),
	(42, 1, 25, NULL, NULL),
	(43, 2, 26, NULL, NULL),
	(44, 2, 27, NULL, NULL),
	(45, 2, 28, NULL, NULL),
	(46, 2, 29, NULL, NULL),
	(47, 2, 30, NULL, NULL),
	(48, 2, 31, NULL, NULL),
	(49, 12, 32, NULL, NULL),
	(50, 10, 33, NULL, NULL),
	(51, 10, 34, NULL, NULL),
	(52, 10, 35, NULL, NULL),
	(53, 8, 36, NULL, NULL),
	(54, 7, 37, NULL, NULL),
	(56, 6, 39, NULL, NULL),
	(57, 6, 40, NULL, NULL),
	(58, 6, 41, NULL, NULL),
	(59, 6, 42, NULL, NULL),
	(60, 6, 43, NULL, NULL),
	(61, 6, 44, NULL, NULL),
	(62, 6, 45, NULL, NULL),
	(63, 6, 46, NULL, NULL),
	(64, 6, 47, NULL, NULL),
	(65, 6, 48, NULL, NULL),
	(66, 6, 49, NULL, NULL),
	(67, 5, 50, NULL, NULL),
	(68, 5, 51, NULL, NULL),
	(69, 5, 52, NULL, NULL),
	(70, 5, 53, NULL, NULL),
	(71, 5, 54, NULL, NULL),
	(72, 5, 55, NULL, NULL),
	(73, 5, 56, NULL, NULL),
	(74, 5, 57, NULL, NULL),
	(75, 5, 58, NULL, NULL),
	(76, 4, 59, NULL, NULL),
	(77, 3, 60, NULL, NULL),
	(78, 3, 61, NULL, NULL),
	(80, 16, 62, NULL, NULL),
	(81, 16, 63, NULL, NULL),
	(82, 16, 64, NULL, NULL),
	(84, 17, 65, NULL, NULL),
	(85, 17, 66, NULL, NULL),
	(87, 18, 68, NULL, NULL),
	(88, 18, 69, NULL, NULL),
	(89, 18, 70, NULL, NULL),
	(90, 19, 67, NULL, NULL),
	(91, 19, 71, NULL, NULL),
	(92, 20, 1, NULL, NULL),
	(93, 20, 72, NULL, NULL),
	(94, 20, 73, NULL, NULL),
	(95, 20, 74, NULL, NULL),
	(96, 19, 75, NULL, NULL),
	(97, 3, 76, NULL, NULL),
	(98, 1, 77, NULL, NULL),
	(99, 1, 78, NULL, NULL),
	(100, 1, 79, NULL, NULL),
	(101, 1, 80, NULL, NULL),
	(102, 21, 81, NULL, NULL),
	(103, 21, 82, NULL, NULL),
	(104, 22, 38, NULL, NULL),
	(105, 23, 53, NULL, NULL),
	(107, 24, 29, NULL, NULL),
	(108, 24, 26, NULL, NULL),
	(109, 25, 53, NULL, NULL),
	(110, 26, 54, NULL, NULL),
	(111, 27, 26, NULL, NULL),
	(112, 27, 29, NULL, NULL);

-- Volcando datos para la tabla mtiadmin_portal.categorias: ~17 rows (aproximadamente)
INSERT INTO `categorias` (`id`, `nombre`, `created_at`, `updated_at`, `flag_tallas`, `ind_activo`) VALUES
	(1, 'Playera', '2025-04-26 09:51:01', '2025-05-07 10:42:27', 1, 1),
	(2, 'Jersey', '2025-04-26 09:51:55', '2025-04-26 10:09:02', 1, 1),
	(3, 'Polo', '2025-04-26 09:52:15', '2025-04-26 10:09:05', 1, 1),
	(4, 'Chamarra', '2025-04-26 09:52:26', '2025-04-26 10:09:08', 1, 1),
	(5, 'Tank Top', '2025-04-26 09:52:40', '2025-04-26 10:09:11', 1, 1),
	(6, 'Bandana', '2025-04-26 10:02:34', '2025-04-26 10:02:34', 0, 1),
	(7, 'Portanumero', '2025-04-26 10:03:07', '2025-04-26 10:03:07', 0, 1),
	(8, 'Cinta Sublimada', '2025-04-26 10:04:21', '2025-04-26 12:33:49', 0, 1),
	(9, 'Portagafete', '2025-04-26 10:04:33', '2025-05-07 11:13:12', 0, 1),
	(10, 'Otras Cintas y Listones', '2025-04-26 10:08:16', '2025-05-07 09:45:20', 0, 1),
	(11, 'Pulseras', '2025-04-26 10:16:37', '2025-04-26 12:06:16', 0, 1),
	(12, 'Medallas y Fundicion Varios', '2025-04-26 10:18:39', '2025-04-26 12:01:18', 0, 1),
	(13, 'Gorras', '2025-04-26 10:19:19', '2025-04-26 10:19:19', 0, 1),
	(14, 'Morrales', '2025-04-26 10:20:03', '2025-04-26 11:56:42', 0, 1),
	(15, 'Tarjetas y Tags', '2025-04-26 10:21:17', '2025-05-07 09:41:39', 0, 1),
	(16, 'Numeros de Competidor', '2025-04-26 10:21:28', '2025-04-26 11:54:11', 0, 1),
	(17, 'Textil Cortado Varios', '2025-04-26 10:31:53', '2025-04-26 11:53:15', 0, 1);

-- Volcando datos para la tabla mtiadmin_portal.categoria_caracteristica: ~41 rows (aproximadamente)
INSERT INTO `categoria_caracteristica` (`id`, `categoria_id`, `caracteristica_id`, `created_at`, `updated_at`) VALUES
	(1, 17, 1, NULL, NULL),
	(2, 16, 4, NULL, NULL),
	(3, 14, 1, NULL, NULL),
	(4, 14, 17, NULL, NULL),
	(5, 12, 5, NULL, NULL),
	(6, 12, 12, NULL, NULL),
	(7, 12, 15, NULL, NULL),
	(8, 11, 2, NULL, NULL),
	(9, 11, 3, NULL, NULL),
	(10, 11, 5, NULL, NULL),
	(11, 11, 10, NULL, NULL),
	(12, 11, 11, NULL, NULL),
	(13, 8, 2, NULL, NULL),
	(14, 8, 3, NULL, NULL),
	(15, 8, 5, NULL, NULL),
	(16, 8, 19, NULL, NULL),
	(17, 8, 20, NULL, NULL),
	(18, 15, 18, NULL, NULL),
	(19, 15, 3, NULL, NULL),
	(20, 10, 3, NULL, NULL),
	(21, 10, 4, NULL, NULL),
	(22, 10, 5, NULL, NULL),
	(23, 10, 19, NULL, NULL),
	(24, 9, 2, NULL, NULL),
	(25, 9, 3, NULL, NULL),
	(26, 9, 5, NULL, NULL),
	(27, 9, 7, NULL, NULL),
	(28, 9, 8, NULL, NULL),
	(29, 9, 9, NULL, NULL),
	(30, 9, 10, NULL, NULL),
	(31, 9, 13, NULL, NULL),
	(32, 9, 14, NULL, NULL),
	(33, 1, 1, NULL, NULL),
	(34, 9, 11, NULL, NULL),
	(35, 9, 22, NULL, NULL),
	(36, 9, 23, NULL, NULL),
	(37, 1, 21, NULL, NULL),
	(38, 9, 24, NULL, NULL),
	(39, 9, 25, NULL, NULL),
	(40, 9, 26, NULL, NULL),
	(41, 9, 27, NULL, NULL);

-- Volcando datos para la tabla mtiadmin_portal.categoria_producto: ~0 rows (aproximadamente)

-- Volcando datos para la tabla mtiadmin_portal.ciudades: ~24 rows (aproximadamente)
INSERT INTO `ciudades` (`id`, `estado_id`, `nombre`, `created_at`, `updated_at`) VALUES
	(1, 1, 'Álvaro Obregón', '2025-06-10 09:24:27', '2025-06-10 09:24:27'),
	(2, 1, 'Coyoacán', '2025-06-10 09:24:27', '2025-06-10 09:24:27'),
	(3, 1, 'Tlalpan', '2025-06-10 09:24:27', '2025-06-10 09:24:27'),
	(4, 2, 'Guadalajara', '2025-06-10 09:24:27', '2025-06-10 09:24:27'),
	(5, 2, 'Zapopan', '2025-06-10 09:24:27', '2025-06-10 09:24:27'),
	(6, 2, 'Tlaquepaque', '2025-06-10 09:24:27', '2025-06-10 09:24:27'),
	(7, 3, 'Monterrey', '2025-06-10 09:24:27', '2025-06-10 09:24:27'),
	(8, 3, 'San Pedro Garza García', '2025-06-10 09:24:27', '2025-06-10 09:24:27'),
	(9, 3, 'Guadalupe', '2025-06-10 09:24:27', '2025-06-10 09:24:27'),
	(10, 4, 'Mérida', '2025-06-10 09:24:27', '2025-06-10 09:24:27'),
	(11, 4, 'Valladolid', '2025-06-10 09:24:27', '2025-06-10 09:24:27'),
	(12, 4, 'Progreso', '2025-06-10 09:24:27', '2025-06-10 09:24:27'),
	(13, 5, 'Los Ángeles', '2025-06-10 09:24:27', '2025-06-10 09:24:27'),
	(14, 5, 'San Francisco', '2025-06-10 09:24:27', '2025-06-10 09:24:27'),
	(15, 5, 'San Diego', '2025-06-10 09:24:27', '2025-06-10 09:24:27'),
	(16, 6, 'Houston', '2025-06-10 09:24:27', '2025-06-10 09:24:27'),
	(17, 6, 'Dallas', '2025-06-10 09:24:27', '2025-06-10 09:24:27'),
	(18, 6, 'Austin', '2025-06-10 09:24:27', '2025-06-10 09:24:27'),
	(19, 7, 'Nueva York', '2025-06-10 09:24:27', '2025-06-10 09:24:27'),
	(20, 7, 'Buffalo', '2025-06-10 09:24:27', '2025-06-10 09:24:27'),
	(21, 7, 'Rochester', '2025-06-10 09:24:27', '2025-06-10 09:24:27'),
	(22, 8, 'Miami', '2025-06-10 09:24:27', '2025-06-10 09:24:27'),
	(23, 8, 'Orlando', '2025-06-10 09:24:27', '2025-06-10 09:24:27'),
	(24, 8, 'Tampa', '2025-06-10 09:24:27', '2025-06-10 09:24:27');

-- Volcando datos para la tabla mtiadmin_portal.ciudades_tipo_envio: ~120 rows (aproximadamente)
INSERT INTO `ciudades_tipo_envio` (`id`, `ciudad_id`, `tipo_envio_id`, `created_at`, `updated_at`) VALUES
	(1, 1, 1, '2025-06-10 09:24:27', '2025-06-10 09:24:27'),
	(2, 1, 2, '2025-06-10 09:24:27', '2025-06-10 09:24:27'),
	(3, 1, 3, '2025-06-10 09:24:27', '2025-06-10 09:24:27'),
	(4, 1, 4, '2025-06-10 09:24:27', '2025-06-10 09:24:27'),
	(5, 1, 5, '2025-06-10 09:24:27', '2025-06-10 09:24:27'),
	(6, 2, 1, '2025-06-10 09:24:27', '2025-06-10 09:24:27'),
	(7, 2, 2, '2025-06-10 09:24:27', '2025-06-10 09:24:27'),
	(8, 2, 3, '2025-06-10 09:24:27', '2025-06-10 09:24:27'),
	(9, 2, 4, '2025-06-10 09:24:27', '2025-06-10 09:24:27'),
	(10, 2, 5, '2025-06-10 09:24:27', '2025-06-10 09:24:27'),
	(11, 3, 1, '2025-06-10 09:24:27', '2025-06-10 09:24:27'),
	(12, 3, 2, '2025-06-10 09:24:27', '2025-06-10 09:24:27'),
	(13, 3, 3, '2025-06-10 09:24:27', '2025-06-10 09:24:27'),
	(14, 3, 4, '2025-06-10 09:24:27', '2025-06-10 09:24:27'),
	(15, 3, 5, '2025-06-10 09:24:27', '2025-06-10 09:24:27'),
	(16, 4, 1, '2025-06-10 09:24:27', '2025-06-10 09:24:27'),
	(17, 4, 2, '2025-06-10 09:24:27', '2025-06-10 09:24:27'),
	(18, 4, 3, '2025-06-10 09:24:27', '2025-06-10 09:24:27'),
	(19, 4, 4, '2025-06-10 09:24:27', '2025-06-10 09:24:27'),
	(20, 4, 5, '2025-06-10 09:24:27', '2025-06-10 09:24:27'),
	(21, 5, 1, '2025-06-10 09:24:27', '2025-06-10 09:24:27'),
	(22, 5, 2, '2025-06-10 09:24:27', '2025-06-10 09:24:27'),
	(23, 5, 3, '2025-06-10 09:24:27', '2025-06-10 09:24:27'),
	(24, 5, 4, '2025-06-10 09:24:27', '2025-06-10 09:24:27'),
	(25, 5, 5, '2025-06-10 09:24:27', '2025-06-10 09:24:27'),
	(26, 6, 1, '2025-06-10 09:24:27', '2025-06-10 09:24:27'),
	(27, 6, 2, '2025-06-10 09:24:27', '2025-06-10 09:24:27'),
	(28, 6, 3, '2025-06-10 09:24:27', '2025-06-10 09:24:27'),
	(29, 6, 4, '2025-06-10 09:24:27', '2025-06-10 09:24:27'),
	(30, 6, 5, '2025-06-10 09:24:27', '2025-06-10 09:24:27'),
	(31, 7, 1, '2025-06-10 09:24:27', '2025-06-10 09:24:27'),
	(32, 7, 2, '2025-06-10 09:24:27', '2025-06-10 09:24:27'),
	(33, 7, 3, '2025-06-10 09:24:27', '2025-06-10 09:24:27'),
	(34, 7, 4, '2025-06-10 09:24:27', '2025-06-10 09:24:27'),
	(35, 7, 5, '2025-06-10 09:24:27', '2025-06-10 09:24:27'),
	(36, 8, 1, '2025-06-10 09:24:27', '2025-06-10 09:24:27'),
	(37, 8, 2, '2025-06-10 09:24:27', '2025-06-10 09:24:27'),
	(38, 8, 3, '2025-06-10 09:24:27', '2025-06-10 09:24:27'),
	(39, 8, 4, '2025-06-10 09:24:27', '2025-06-10 09:24:27'),
	(40, 8, 5, '2025-06-10 09:24:27', '2025-06-10 09:24:27'),
	(41, 9, 1, '2025-06-10 09:24:27', '2025-06-10 09:24:27'),
	(42, 9, 2, '2025-06-10 09:24:27', '2025-06-10 09:24:27'),
	(43, 9, 3, '2025-06-10 09:24:27', '2025-06-10 09:24:27'),
	(44, 9, 4, '2025-06-10 09:24:27', '2025-06-10 09:24:27'),
	(45, 9, 5, '2025-06-10 09:24:27', '2025-06-10 09:24:27'),
	(46, 10, 1, '2025-06-10 09:24:27', '2025-06-10 09:24:27'),
	(47, 10, 2, '2025-06-10 09:24:27', '2025-06-10 09:24:27'),
	(48, 10, 3, '2025-06-10 09:24:27', '2025-06-10 09:24:27'),
	(49, 10, 4, '2025-06-10 09:24:27', '2025-06-10 09:24:27'),
	(50, 10, 5, '2025-06-10 09:24:27', '2025-06-10 09:24:27'),
	(51, 11, 1, '2025-06-10 09:24:27', '2025-06-10 09:24:27'),
	(52, 11, 2, '2025-06-10 09:24:27', '2025-06-10 09:24:27'),
	(53, 11, 3, '2025-06-10 09:24:27', '2025-06-10 09:24:27'),
	(54, 11, 4, '2025-06-10 09:24:27', '2025-06-10 09:24:27'),
	(55, 11, 5, '2025-06-10 09:24:27', '2025-06-10 09:24:27'),
	(56, 12, 1, '2025-06-10 09:24:27', '2025-06-10 09:24:27'),
	(57, 12, 2, '2025-06-10 09:24:27', '2025-06-10 09:24:27'),
	(58, 12, 3, '2025-06-10 09:24:27', '2025-06-10 09:24:27'),
	(59, 12, 4, '2025-06-10 09:24:27', '2025-06-10 09:24:27'),
	(60, 12, 5, '2025-06-10 09:24:27', '2025-06-10 09:24:27'),
	(61, 13, 1, '2025-06-10 09:24:27', '2025-06-10 09:24:27'),
	(62, 13, 2, '2025-06-10 09:24:27', '2025-06-10 09:24:27'),
	(63, 13, 3, '2025-06-10 09:24:27', '2025-06-10 09:24:27'),
	(64, 13, 4, '2025-06-10 09:24:27', '2025-06-10 09:24:27'),
	(65, 13, 5, '2025-06-10 09:24:27', '2025-06-10 09:24:27'),
	(66, 14, 1, '2025-06-10 09:24:27', '2025-06-10 09:24:27'),
	(67, 14, 2, '2025-06-10 09:24:27', '2025-06-10 09:24:27'),
	(68, 14, 3, '2025-06-10 09:24:27', '2025-06-10 09:24:27'),
	(69, 14, 4, '2025-06-10 09:24:27', '2025-06-10 09:24:27'),
	(70, 14, 5, '2025-06-10 09:24:27', '2025-06-10 09:24:27'),
	(71, 15, 1, '2025-06-10 09:24:27', '2025-06-10 09:24:27'),
	(72, 15, 2, '2025-06-10 09:24:27', '2025-06-10 09:24:27'),
	(73, 15, 3, '2025-06-10 09:24:27', '2025-06-10 09:24:27'),
	(74, 15, 4, '2025-06-10 09:24:27', '2025-06-10 09:24:27'),
	(75, 15, 5, '2025-06-10 09:24:27', '2025-06-10 09:24:27'),
	(76, 16, 1, '2025-06-10 09:24:27', '2025-06-10 09:24:27'),
	(77, 16, 2, '2025-06-10 09:24:27', '2025-06-10 09:24:27'),
	(78, 16, 3, '2025-06-10 09:24:27', '2025-06-10 09:24:27'),
	(79, 16, 4, '2025-06-10 09:24:27', '2025-06-10 09:24:27'),
	(80, 16, 5, '2025-06-10 09:24:27', '2025-06-10 09:24:27'),
	(81, 17, 1, '2025-06-10 09:24:27', '2025-06-10 09:24:27'),
	(82, 17, 2, '2025-06-10 09:24:27', '2025-06-10 09:24:27'),
	(83, 17, 3, '2025-06-10 09:24:27', '2025-06-10 09:24:27'),
	(84, 17, 4, '2025-06-10 09:24:27', '2025-06-10 09:24:27'),
	(85, 17, 5, '2025-06-10 09:24:27', '2025-06-10 09:24:27'),
	(86, 18, 1, '2025-06-10 09:24:27', '2025-06-10 09:24:27'),
	(87, 18, 2, '2025-06-10 09:24:27', '2025-06-10 09:24:27'),
	(88, 18, 3, '2025-06-10 09:24:27', '2025-06-10 09:24:27'),
	(89, 18, 4, '2025-06-10 09:24:27', '2025-06-10 09:24:27'),
	(90, 18, 5, '2025-06-10 09:24:27', '2025-06-10 09:24:27'),
	(91, 19, 1, '2025-06-10 09:24:27', '2025-06-10 09:24:27'),
	(92, 19, 2, '2025-06-10 09:24:27', '2025-06-10 09:24:27'),
	(93, 19, 3, '2025-06-10 09:24:27', '2025-06-10 09:24:27'),
	(94, 19, 4, '2025-06-10 09:24:27', '2025-06-10 09:24:27'),
	(95, 19, 5, '2025-06-10 09:24:27', '2025-06-10 09:24:27'),
	(96, 20, 1, '2025-06-10 09:24:27', '2025-06-10 09:24:27'),
	(97, 20, 2, '2025-06-10 09:24:27', '2025-06-10 09:24:27'),
	(98, 20, 3, '2025-06-10 09:24:27', '2025-06-10 09:24:27'),
	(99, 20, 4, '2025-06-10 09:24:27', '2025-06-10 09:24:27'),
	(100, 20, 5, '2025-06-10 09:24:27', '2025-06-10 09:24:27'),
	(101, 21, 1, '2025-06-10 09:24:27', '2025-06-10 09:24:27'),
	(102, 21, 2, '2025-06-10 09:24:27', '2025-06-10 09:24:27'),
	(103, 21, 3, '2025-06-10 09:24:27', '2025-06-10 09:24:27'),
	(104, 21, 4, '2025-06-10 09:24:27', '2025-06-10 09:24:27'),
	(105, 21, 5, '2025-06-10 09:24:27', '2025-06-10 09:24:27'),
	(106, 22, 1, '2025-06-10 09:24:27', '2025-06-10 09:24:27'),
	(107, 22, 2, '2025-06-10 09:24:27', '2025-06-10 09:24:27'),
	(108, 22, 3, '2025-06-10 09:24:27', '2025-06-10 09:24:27'),
	(109, 22, 4, '2025-06-10 09:24:27', '2025-06-10 09:24:27'),
	(110, 22, 5, '2025-06-10 09:24:27', '2025-06-10 09:24:27'),
	(111, 23, 1, '2025-06-10 09:24:27', '2025-06-10 09:24:27'),
	(112, 23, 2, '2025-06-10 09:24:27', '2025-06-10 09:24:27'),
	(113, 23, 3, '2025-06-10 09:24:27', '2025-06-10 09:24:27'),
	(114, 23, 4, '2025-06-10 09:24:27', '2025-06-10 09:24:27'),
	(115, 23, 5, '2025-06-10 09:24:27', '2025-06-10 09:24:27'),
	(116, 24, 1, '2025-06-10 09:24:27', '2025-06-10 09:24:27'),
	(117, 24, 2, '2025-06-10 09:24:27', '2025-06-10 09:24:27'),
	(118, 24, 3, '2025-06-10 09:24:27', '2025-06-10 09:24:27'),
	(119, 24, 4, '2025-06-10 09:24:27', '2025-06-10 09:24:27'),
	(120, 24, 5, '2025-06-10 09:24:27', '2025-06-10 09:24:27');

-- Volcando datos para la tabla mtiadmin_portal.estados: ~8 rows (aproximadamente)
INSERT INTO `estados` (`id`, `pais_id`, `nombre`, `created_at`, `updated_at`) VALUES
	(1, 1, 'Ciudad de México', '2025-06-10 09:24:27', '2025-06-10 09:24:27'),
	(2, 1, 'Jalisco', '2025-06-10 09:24:27', '2025-06-10 09:24:27'),
	(3, 1, 'Nuevo León', '2025-06-10 09:24:27', '2025-06-10 09:24:27'),
	(4, 1, 'Yucatán', '2025-06-10 09:24:27', '2025-06-10 09:24:27'),
	(5, 2, 'California', '2025-06-10 09:24:27', '2025-06-10 09:24:27'),
	(6, 2, 'Texas', '2025-06-10 09:24:27', '2025-06-10 09:24:27'),
	(7, 2, 'Nueva York', '2025-06-10 09:24:27', '2025-06-10 09:24:27'),
	(8, 2, 'Florida', '2025-06-10 09:24:27', '2025-06-10 09:24:27');

-- Volcando datos para la tabla mtiadmin_portal.filtros_produccion: ~0 rows (aproximadamente)
INSERT INTO `filtros_produccion` (`id`, `nombre`, `slug`, `descripcion`, `created_by`, `visible`, `orden`, `config`, `created_at`, `updated_at`) VALUES
	(1, 'Todos', 'todos', 'todos', NULL, 1, 1, NULL, '2025-10-09 23:33:06', '2025-10-09 23:33:06');

-- Volcando datos para la tabla mtiadmin_portal.filtro_produccion_caracteristicas: ~0 rows (aproximadamente)

-- Volcando datos para la tabla mtiadmin_portal.filtro_produccion_productos: ~14 rows (aproximadamente)
INSERT INTO `filtro_produccion_productos` (`id`, `filtro_produccion_id`, `producto_id`, `created_at`, `updated_at`) VALUES
	(1, 1, 2, '2025-10-09 23:33:06', '2025-10-09 23:33:06'),
	(2, 1, 3, '2025-10-09 23:33:06', '2025-10-09 23:33:06'),
	(3, 1, 13, '2025-10-09 23:33:06', '2025-10-09 23:33:06'),
	(4, 1, 4, '2025-10-09 23:33:06', '2025-10-09 23:33:06'),
	(5, 1, 8, '2025-10-09 23:33:06', '2025-10-09 23:33:06'),
	(6, 1, 12, '2025-10-09 23:33:06', '2025-10-09 23:33:06'),
	(7, 1, 10, '2025-10-09 23:33:06', '2025-10-09 23:33:06'),
	(8, 1, 9, '2025-10-09 23:33:06', '2025-10-09 23:33:06'),
	(9, 1, 6, '2025-10-09 23:33:06', '2025-10-09 23:33:06'),
	(10, 1, 7, '2025-10-09 23:33:06', '2025-10-09 23:33:06'),
	(11, 1, 14, '2025-10-09 23:33:06', '2025-10-09 23:33:06'),
	(12, 1, 5, '2025-10-09 23:33:06', '2025-10-09 23:33:06'),
	(13, 1, 11, '2025-10-09 23:33:06', '2025-10-09 23:33:06'),
	(14, 1, 1, '2025-10-09 23:33:06', '2025-10-09 23:33:06');

-- Volcando datos para la tabla mtiadmin_portal.grupos_orden: ~12 rows (aproximadamente)
INSERT INTO `grupos_orden` (`id`, `nombre`, `slug`, `orden`, `created_at`, `updated_at`) VALUES
	(5, 'Todos Los Permisos', 'Admin', 0, '2025-05-20 05:52:21', '2025-11-05 18:23:52'),
	(11, 'General', 'general', 1, '2025-10-31 18:02:01', '2025-10-31 19:07:04'),
	(13, 'Menu', 'Menu', 1, '2025-10-31 19:23:27', '2025-10-31 19:23:27'),
	(14, 'Vista de Diseños', 'vista-diseños', 3, '2025-10-31 23:19:57', '2025-10-31 23:21:02'),
	(15, 'Detalle de Diseños', 'detalle-diseños', 2, '2025-10-31 23:20:39', '2025-10-31 23:20:39'),
	(16, 'Vista Tareas de diseño', 'vista-tareas-diseño', 4, '2025-10-31 23:21:50', '2025-10-31 23:21:50'),
	(17, 'Vista Administración de muestras', 'vista-administracion-muestras', 4, '2025-10-31 23:23:00', '2025-10-31 23:23:00'),
	(18, 'Vista Diseños Por Reprogramar', 'vista-diseño-reprogramar', 4, '2025-10-31 23:30:42', '2025-10-31 23:30:42'),
	(19, 'Vista de Pedidos', 'Vista-Pedidos', 5, '2025-10-31 23:38:14', '2025-10-31 23:38:33'),
	(20, 'Vista de Muestras', 'vista-muerstras', 5, '2025-10-31 23:40:25', '2025-10-31 23:40:25'),
	(21, 'Vista de Aprobaciones Especiales', ' Aprobaciones-Especiales', 6, '2025-10-31 23:41:56', '2025-10-31 23:41:56'),
	(22, 'Configuracion', 'configuracion', 7, '2025-10-31 23:46:54', '2025-10-31 23:46:54'),
	(23, 'Pre Proyectos', 'pre-proyectos', 1, '2025-11-04 22:45:29', '2025-11-04 22:49:36'),
	(24, 'Vista editar Pre Proyectos', 'edit-preproyectos', 2, '2025-11-05 17:35:54', '2025-11-05 18:20:51');

-- Volcando datos para la tabla mtiadmin_portal.grupos_tallas: ~2 rows (aproximadamente)
INSERT INTO `grupos_tallas` (`id`, `nombre`, `created_at`, `updated_at`, `ind_activo`) VALUES
	(1, 'Hombre', '2025-05-07 10:38:48', '2025-05-07 10:39:33', 1),
	(2, 'Mujer', '2025-05-07 10:39:52', '2025-05-07 10:39:52', 1);

-- Volcando datos para la tabla mtiadmin_portal.grupo_orden: ~0 rows (aproximadamente)

-- Volcando datos para la tabla mtiadmin_portal.grupo_orden_permission: ~74 rows (aproximadamente)
INSERT INTO `grupo_orden_permission` (`id`, `grupo_orden_id`, `permission_id`, `orden`, `created_at`, `updated_at`) VALUES
	(21, 5, 16, 1, '2025-05-20 05:52:21', '2025-11-05 18:23:52'),
	(22, 5, 20, 2, '2025-05-20 05:52:21', '2025-11-05 18:23:52'),
	(23, 5, 6, 3, '2025-05-20 05:52:21', '2025-11-05 18:23:52'),
	(24, 5, 13, 4, '2025-05-20 05:52:21', '2025-11-05 18:23:52'),
	(25, 5, 4, 5, '2025-05-20 05:52:21', '2025-11-05 18:23:52'),
	(26, 5, 9, 6, '2025-05-20 05:52:21', '2025-11-05 18:23:52'),
	(27, 5, 12, 7, '2025-05-20 05:52:21', '2025-11-05 18:23:52'),
	(28, 5, 19, 8, '2025-05-20 05:52:21', '2025-11-05 18:23:52'),
	(29, 5, 18, 9, '2025-05-20 05:52:21', '2025-11-05 18:23:52'),
	(30, 5, 14, 10, '2025-05-20 05:52:21', '2025-11-05 18:23:52'),
	(31, 5, 5, 11, '2025-05-20 05:52:21', '2025-11-05 18:23:52'),
	(32, 5, 1, 12, '2025-05-20 05:52:21', '2025-11-05 18:23:52'),
	(33, 5, 8, 13, '2025-05-20 05:52:21', '2025-11-05 18:23:52'),
	(34, 5, 10, 14, '2025-05-20 05:52:21', '2025-11-05 18:23:52'),
	(35, 5, 17, 15, '2025-05-20 05:52:21', '2025-11-05 18:23:52'),
	(36, 5, 21, 16, '2025-05-20 05:52:21', '2025-11-05 18:23:52'),
	(37, 5, 15, 17, '2025-05-20 05:52:21', '2025-11-05 18:23:52'),
	(38, 5, 2, 18, '2025-05-20 05:52:21', '2025-11-05 18:23:52'),
	(39, 5, 7, 19, '2025-05-20 05:52:21', '2025-11-05 18:23:52'),
	(40, 5, 3, 20, '2025-05-20 05:52:21', '2025-11-05 18:23:52'),
	(41, 5, 11, 21, '2025-05-20 05:52:21', '2025-11-05 18:23:52'),
	(61, 5, 24, 22, '2025-05-22 06:01:33', '2025-11-05 18:23:52'),
	(62, 5, 27, 23, '2025-05-22 06:01:33', '2025-11-05 18:23:52'),
	(63, 5, 30, 24, '2025-05-22 06:01:33', '2025-11-05 18:23:52'),
	(64, 5, 25, 25, '2025-05-22 06:01:33', '2025-11-05 18:23:52'),
	(65, 5, 26, 26, '2025-05-22 06:01:33', '2025-11-05 18:23:52'),
	(66, 5, 28, 27, '2025-05-22 06:01:33', '2025-11-05 18:23:52'),
	(67, 5, 22, 28, '2025-05-22 06:01:33', '2025-11-05 18:23:52'),
	(68, 5, 33, 29, '2025-05-22 06:01:33', '2025-11-05 18:23:52'),
	(69, 5, 32, 30, '2025-05-22 06:01:33', '2025-11-05 18:23:52'),
	(70, 5, 29, 31, '2025-05-22 06:01:33', '2025-11-05 18:23:52'),
	(71, 5, 23, 32, '2025-05-22 06:01:33', '2025-11-05 18:23:52'),
	(72, 5, 31, 33, '2025-05-22 06:01:33', '2025-11-05 18:23:52'),
	(77, 5, 35, 34, '2025-05-23 06:45:48', '2025-11-05 18:23:52'),
	(78, 5, 34, 35, '2025-05-23 08:32:25', '2025-11-05 18:23:52'),
	(79, 5, 36, 36, '2025-05-23 08:38:02', '2025-11-05 18:23:52'),
	(83, 5, 37, 37, '2025-05-23 10:05:07', '2025-11-05 18:23:52'),
	(84, 5, 38, 38, '2025-05-23 10:15:25', '2025-11-05 18:23:52'),
	(92, 5, 40, 39, '2025-06-13 10:31:44', '2025-11-05 18:23:52'),
	(93, 5, 39, 40, '2025-06-13 10:31:44', '2025-11-05 18:23:52'),
	(94, 5, 41, 41, '2025-06-13 10:31:44', '2025-11-05 18:23:52'),
	(96, 5, 43, 42, '2025-06-13 10:58:49', '2025-11-05 18:23:52'),
	(97, 5, 42, 43, '2025-06-13 10:58:49', '2025-11-05 18:23:52'),
	(100, 5, 44, 1, '2025-06-20 03:54:10', '2025-11-05 18:23:52'),
	(106, 5, 46, 45, '2025-06-27 02:37:22', '2025-11-05 18:23:52'),
	(107, 5, 45, 46, '2025-06-27 02:45:31', '2025-11-05 18:23:52'),
	(109, 5, 52, 47, '2025-10-09 03:19:08', '2025-11-05 18:23:52'),
	(110, 5, 47, 48, '2025-10-09 03:19:08', '2025-11-05 18:23:52'),
	(111, 5, 48, 49, '2025-10-09 03:19:08', '2025-11-05 18:23:52'),
	(112, 5, 50, 50, '2025-10-09 03:19:08', '2025-11-05 18:23:52'),
	(113, 5, 54, 51, '2025-10-09 03:19:08', '2025-11-05 18:23:52'),
	(114, 5, 51, 52, '2025-10-09 03:19:08', '2025-11-05 18:23:52'),
	(115, 5, 49, 53, '2025-10-09 03:19:08', '2025-11-05 18:23:52'),
	(116, 5, 53, 54, '2025-10-09 03:19:08', '2025-11-05 18:23:52'),
	(119, 11, 57, 1, '2025-10-31 19:00:19', '2025-10-31 19:00:19'),
	(120, 11, 58, 1, '2025-10-31 19:17:47', '2025-10-31 19:17:47'),
	(121, 11, 59, 1, '2025-10-31 19:18:27', '2025-10-31 19:18:27'),
	(122, 11, 60, 1, '2025-10-31 19:22:36', '2025-10-31 19:22:36'),
	(127, 13, 48, 1, '2025-10-31 22:40:00', '2025-11-04 22:25:55'),
	(128, 13, 54, 1, '2025-10-31 22:40:00', '2025-11-04 22:25:55'),
	(129, 13, 52, 1, '2025-10-31 22:40:00', '2025-11-04 22:25:55'),
	(130, 13, 50, 1, '2025-10-31 22:40:00', '2025-11-04 22:25:55'),
	(131, 13, 53, 1, '2025-10-31 22:40:00', '2025-11-04 22:25:55'),
	(132, 13, 49, 1, '2025-10-31 22:40:00', '2025-11-04 22:25:55'),
	(133, 13, 51, 1, '2025-10-31 22:40:00', '2025-11-04 22:25:55'),
	(134, 13, 47, 1, '2025-10-31 22:40:00', '2025-11-04 22:25:55'),
	(135, 13, 16, 1, '2025-10-31 22:40:00', '2025-11-04 22:25:55'),
	(136, 13, 33, 1, '2025-10-31 22:40:00', '2025-11-04 22:25:55'),
	(137, 13, 19, 0, '2025-10-31 22:40:00', '2025-11-04 22:25:55'),
	(138, 13, 32, 1, '2025-10-31 22:40:00', '2025-11-04 22:25:55'),
	(139, 13, 20, 1, '2025-10-31 22:40:00', '2025-11-04 22:25:55'),
	(140, 13, 18, 1, '2025-10-31 22:40:00', '2025-11-04 22:25:55'),
	(141, 13, 17, 1, '2025-10-31 22:40:00', '2025-11-04 22:25:55'),
	(142, 13, 21, 1, '2025-10-31 22:40:00', '2025-11-04 22:25:55'),
	(143, 13, 61, 1, '2025-11-03 22:29:11', '2025-11-04 22:25:55'),
	(144, 13, 62, 1, '2025-11-03 22:32:13', '2025-11-04 22:25:55'),
	(145, 13, 63, 1, '2025-11-03 22:47:58', '2025-11-04 22:25:55'),
	(146, 13, 64, 1, '2025-11-03 23:15:40', '2025-11-04 22:25:55'),
	(147, 13, 65, 1, '2025-11-03 23:17:23', '2025-11-04 22:25:55'),
	(148, 15, 44, 0, '2025-11-04 00:18:25', '2025-11-04 16:55:24'),
	(149, 15, 30, 1, '2025-11-04 00:20:46', '2025-11-04 16:55:24'),
	(150, 15, 43, 1, '2025-11-04 00:30:46', '2025-11-04 16:55:24'),
	(151, 15, 42, 0, '2025-11-04 00:30:46', '2025-11-04 16:55:24'),
	(152, 15, 39, 1, '2025-11-04 00:30:46', '2025-11-04 16:55:24'),
	(153, 15, 40, 1, '2025-11-04 00:30:46', '2025-11-04 16:55:24'),
	(154, 15, 41, 1, '2025-11-04 00:30:46', '2025-11-04 16:55:24'),
	(155, 15, 66, 0, '2025-11-04 00:32:42', '2025-11-04 16:55:24'),
	(156, 15, 67, 1, '2025-11-04 00:39:56', '2025-11-04 16:55:24'),
	(157, 15, 68, 1, '2025-11-04 00:41:11', '2025-11-04 16:55:24'),
	(158, 14, 46, 1, '2025-11-04 01:04:55', '2025-11-04 22:58:18'),
	(160, 17, 50, 0, '2025-11-04 01:07:55', '2025-11-04 01:07:55'),
	(161, 17, 51, 0, '2025-11-04 01:07:55', '2025-11-04 01:07:55'),
	(162, 17, 52, 0, '2025-11-04 01:07:55', '2025-11-04 01:07:55'),
	(163, 17, 53, 0, '2025-11-04 01:07:55', '2025-11-04 01:07:55'),
	(164, 15, 24, 2, '2025-11-04 16:53:38', '2025-11-04 17:02:59'),
	(165, 15, 22, 2, '2025-11-04 16:55:24', '2025-11-04 17:02:28'),
	(166, 15, 23, 2, '2025-11-04 16:55:24', '2025-11-04 17:08:44'),
	(167, 15, 25, 0, '2025-11-04 16:55:24', '2025-11-04 16:55:24'),
	(168, 15, 26, 0, '2025-11-04 16:55:24', '2025-11-04 16:55:24'),
	(169, 15, 27, 3, '2025-11-04 16:55:24', '2025-11-04 17:04:27'),
	(170, 15, 28, 3, '2025-11-04 16:55:24', '2025-11-04 17:03:50'),
	(171, 15, 29, 3, '2025-11-04 16:55:24', '2025-11-04 17:08:08'),
	(172, 14, 69, 2, '2025-11-04 17:45:32', '2025-11-04 22:58:18'),
	(173, 14, 70, 2, '2025-11-04 17:46:17', '2025-11-04 22:58:18'),
	(174, 14, 71, 3, '2025-11-04 17:47:25', '2025-11-04 22:58:18'),
	(175, 18, 72, 1, '2025-11-04 19:03:27', '2025-11-04 19:03:27'),
	(176, 18, 73, 1, '2025-11-04 19:04:12', '2025-11-04 19:04:12'),
	(177, 18, 74, 1, '2025-11-04 19:06:24', '2025-11-04 19:06:24'),
	(178, 18, 75, 1, '2025-11-04 19:06:56', '2025-11-04 19:06:56'),
	(179, 16, 76, 0, '2025-11-04 21:13:20', '2025-11-04 21:13:20'),
	(185, 23, 17, 0, '2025-11-04 22:50:23', '2025-11-04 23:05:26'),
	(186, 23, 35, 0, '2025-11-04 22:50:23', '2025-11-04 23:05:26'),
	(187, 23, 34, 0, '2025-11-04 22:50:23', '2025-11-04 23:05:26'),
	(188, 23, 10, 0, '2025-11-04 22:50:23', '2025-11-04 23:05:26'),
	(189, 20, 12, 0, '2025-11-04 22:53:32', '2025-11-04 22:57:38'),
	(190, 19, 12, 0, '2025-11-04 22:54:16', '2025-11-04 22:57:21'),
	(191, 19, 14, 0, '2025-11-04 22:57:21', '2025-11-04 23:18:35'),
	(192, 20, 14, 0, '2025-11-04 22:57:38', '2025-11-04 22:57:38'),
	(193, 14, 13, 0, '2025-11-04 22:58:18', '2025-11-04 22:58:18'),
	(194, 14, 45, 0, '2025-11-04 22:58:18', '2025-11-04 22:58:18'),
	(195, 23, 15, 0, '2025-11-04 23:05:26', '2025-11-04 23:17:16'),
	(196, 24, 77, 1, '2025-11-05 17:39:53', '2025-11-05 18:20:51'),
	(197, 24, 78, 1, '2025-11-05 17:40:41', '2025-11-05 18:20:51'),
	(198, 24, 79, 1, '2025-11-05 17:46:18', '2025-11-05 18:20:51'),
	(199, 24, 80, 1, '2025-11-05 17:47:07', '2025-11-05 18:20:51'),
	(200, 15, 81, 1, '2025-11-05 17:47:59', '2025-11-05 17:47:59'),
	(201, 24, 81, 1, '2025-11-05 17:59:15', '2025-11-05 18:20:51');

-- Volcando datos para la tabla mtiadmin_portal.grupo_tallas_detalle: ~13 rows (aproximadamente)
INSERT INTO `grupo_tallas_detalle` (`id`, `grupo_talla_id`, `talla_id`, `created_at`, `updated_at`) VALUES
	(7, 1, 1, NULL, NULL),
	(8, 1, 2, NULL, NULL),
	(9, 1, 3, NULL, NULL),
	(10, 1, 4, NULL, NULL),
	(11, 1, 5, NULL, NULL),
	(12, 1, 6, NULL, NULL),
	(13, 1, 7, NULL, NULL),
	(14, 2, 1, NULL, NULL),
	(15, 2, 2, NULL, NULL),
	(16, 2, 3, NULL, NULL),
	(17, 2, 4, NULL, NULL),
	(18, 2, 5, NULL, NULL),
	(19, 2, 6, NULL, NULL);

-- Volcando datos para la tabla mtiadmin_portal.hojas_filtros_produccion: ~0 rows (aproximadamente)
INSERT INTO `hojas_filtros_produccion` (`id`, `nombre`, `slug`, `descripcion`, `role_id`, `estados_permitidos`, `estados_diseno_permitidos`, `base_columnas`, `menu_config`, `acciones_config`, `visible`, `orden`, `created_at`, `updated_at`) VALUES
	(1, 'Todos', 'todos', 'Hoja con todos los pedidos ', NULL, '[]', '[]', '[{"key": "id", "fixed": true, "label": "ID", "orden": 1, "visible": true}, {"key": "proyecto", "fixed": false, "label": "Proyecto", "orden": 2, "visible": true}, {"key": "cliente", "fixed": false, "label": "Cliente", "orden": 3, "visible": true}, {"key": "producto", "fixed": false, "label": "Producto", "orden": 4, "visible": true}, {"key": "total", "fixed": false, "label": "Total", "orden": 5, "visible": true}, {"key": "estado", "fixed": false, "label": "Estado", "orden": 6, "visible": true}, {"key": "estado_disenio", "fixed": false, "label": "Estado Diseño", "orden": 7, "visible": true}, {"key": "fecha_produccion", "fixed": false, "label": "F. Producción", "orden": 8, "visible": true}, {"key": "fecha_embarque", "fixed": false, "label": "F. Embarque", "orden": 9, "visible": true}, {"key": "fecha_entrega", "fixed": false, "label": "F. Entrega", "orden": 10, "visible": true}]', '{"icono": "", "orden": "1", "activo": true, "etiqueta": "", "ubicaciones": ["produccion", "pedidos", "envios", "facturacion", "entregas", "diseño"]}', NULL, 1, 1, '2025-10-09 03:49:02', '2025-10-09 23:54:47');

-- Volcando datos para la tabla mtiadmin_portal.hoja_filtro_produccion: ~0 rows (aproximadamente)

-- Volcando datos para la tabla mtiadmin_portal.migrations: ~327 rows (aproximadamente)
INSERT INTO `migrations` (`id`, `migration`, `batch`) VALUES
	(1, '0000_00_00_000000_create_websockets_statistics_entries_table', 1),
	(2, '2013_12_05_003039_create_permission_tables', 1),
	(3, '2014_10_12_000000_create_users_table', 1),
	(4, '2014_10_12_100000_create_password_reset_tokens_table', 1),
	(5, '2019_08_19_000000_create_failed_jobs_table', 1),
	(6, '2019_12_14_000001_create_personal_access_tokens_table', 1),
	(7, '2024_12_09_183955_add_role_id_to_users_table', 1),
	(8, '2024_12_13_211123_create_categorias_table', 1),
	(9, '2024_12_13_211144_create_productos_table', 1),
	(10, '2024_12_13_211250_create_caracteristicas_table', 1),
	(11, '2024_12_13_211339_create_opciones_table', 1),
	(12, '2024_12_18_225845_create_clientes_table', 1),
	(13, '2024_12_18_225935_create_proveedores_table', 1),
	(14, '2024_12_18_231531_create_proyectos_table', 1),
	(15, '2024_12_18_231651_create_tareas_table', 1),
	(16, '2024_12_18_231652_create_pedido_table', 1),
	(17, '2024_12_18_233613_create_tallas_table', 1),
	(18, '2024_12_18_233732_create_pedido_tallas_table', 1),
	(19, '2024_12_18_234429_create_pedido_caracteristicas_table', 1),
	(20, '2024_12_18_234524_create_pedido_opciones_table', 1),
	(21, '2025_01_07_195750_create_chats_table', 1),
	(22, '2025_01_07_195826_create_mensajes_chat_table', 1),
	(23, '2025_01_07_233251_create_archivos_proyecto_table', 1),
	(24, '2025_01_17_163731_create_pre_proyectos_table', 1),
	(25, '2025_01_17_194537_create_proyecto_estados_table', 1),
	(26, '2025_01_17_195315_create_proyecto_referencias_table', 1),
	(27, '2025_01_17_210958_modify_pedido_add_pre', 1),
	(28, '2025_01_17_211530_modify_archivos_proyecto_add_pre', 1),
	(29, '2025_01_20_202849_create_paises_table', 1),
	(30, '2025_01_21_194214_create_estados_table', 1),
	(31, '2025_01_21_194236_create_ciudades_table', 1),
	(32, '2025_01_21_194349_create_tipo_envio_table', 1),
	(33, '2025_01_21_194411_create_ciudades_tipo_envio_table', 1),
	(34, '2025_01_22_222747_create_direcciones_fiscales_table', 1),
	(35, '2025_01_22_222820_create_direcciones_entrega_table', 1),
	(36, '2025_01_27_163644_create_categoria_producto_table', 1),
	(37, '2025_01_27_164133_create_producto_caracteristica_table', 1),
	(38, '2025_01_27_172946_create_caracteristica_opcion_table', 1),
	(39, '2025_02_25_160900_create_notifications_table', 1),
	(40, '2025_02_27_160642_add_categoria_id_to_productos_table', 1),
	(41, '2025_02_27_183236_add_flag_tallas_table', 1),
	(42, '2025_02_27_205901_add_name_id_contacto_direcciones_entrega_table', 1),
	(43, '2025_03_03_163637_add_ind_activo_categorias_table', 1),
	(44, '2025_03_03_181627_grupos_tallas_table', 1),
	(45, '2025_03_03_181722_grupo_tallas_detalle', 1),
	(46, '2025_03_03_182222_producto_grupo_talla_detalle', 1),
	(47, '2025_03_04_165806_create_categoria_caracteristica_table', 1),
	(48, '2025_03_04_234610_add_pedido_table', 1),
	(49, '2025_03_05_163008_pedido_estados', 1),
	(50, '2025_03_05_170344_modify_proyectos_table', 1),
	(51, '2025_03_13_232615_add_grupo_talla_id_to_pedido_tallas', 1),
	(52, '2025_03_14_180235_modify_cliente_id_and_add_user_id_to_pedido_table', 1),
	(53, '2025_03_14_211912_add_id_pedido_tallas_table', 1),
	(54, '2025_03_18_225731_add_cliente_id_to_pre_proyectos_table', 1),
	(55, '2025_03_18_233930_modify_usuario_id_in_proyectos_table', 1),
	(56, '2025_03_19_160433_modify_estado_in_proyectos_table', 1),
	(57, '2025_03_20_164204_add_proceso_status_to_proyectos_table', 1),
	(58, '2025_03_20_193555_add_rechazado_cancelado_status_to_tareas_table', 1),
	(59, '2025_03_20_231705_add_comentario_url_to_proyecto_estados_table', 1),
	(60, '2025_03_20_235020_add_disenio_flag_first_proceso_to_tareas_table', 1),
	(61, '2025_03_24_172359_add_tipo_to_mensajes_chat_table', 1),
	(62, '2025_03_25_182018_add_url_and_last_uploaded_file_id_to_pedido_table', 1),
	(63, '2025_03_31_164135_add_ind_activo_to_table_productos', 1),
	(64, '2025_03_31_165228_add_ind_activo_to_table_caracteristicas', 1),
	(65, '2025_03_31_165755_add_ind_activo_to_table_opciones', 1),
	(66, '2025_03_31_170727_add_ind_activo_to_table_tallas', 1),
	(67, '2025_03_31_205320_add_ind_activo_to_table_grupos_tallas', 1),
	(68, '2025_04_04_191754_add_flag_aprobar_sin_fechas_to_pedido_table', 1),
	(69, '2025_04_07_180239_add_tipo_to_tareas_table', 1),
	(70, '2025_04_11_122148_update_pasos_and_minutopaso_to_float_in_opciones_table', 1),
	(71, '2025_04_11_124736_add_total_minutos_and_total_pasos_to_pedido_table', 1),
	(72, '2025_04_11_170055_change_minutopaso_to_time_in_opciones_table', 1),
	(73, '2025_04_16_122134_add_flag_armado_to_producto_caracteristica_table', 1),
	(74, '2025_04_21_113305_add_flag_armado_proyecto_pedido', 1),
	(75, '2025_04_21_113914_add_flag_armado_preproyecto', 1),
	(76, '2025_04_22_133553_tareas_produccion', 1),
	(77, '2025_04_22_134554_create_pedido_tarea_table', 1),
	(78, '2025_04_29_162625_create_ordenes_produccion_table', 1),
	(79, '2025_04_29_162846_create_pedido_orden_produccion_table', 1),
	(80, '2025_04_29_162858_create_orden_corte_table', 1),
	(81, '2025_05_02_144315_create_layouts_table', 1),
	(82, '2025_05_02_144452_create_layout_elementos_table', 1),
	(83, '2025_05_05_155820_add_letra_to_layout_elementos_table', 1),
	(84, '2025_05_15_114352_create_grupos_orden_table', 1),
	(85, '2025_05_15_114451_create_grupo_orden_permission_table', 1),
	(86, '2025_05_27_151849_add_tipo_carga_to_archivos_proyecto_table', 1),
	(87, '2025_05_27_154643_add_flag_descarga_to_archivos_proyecto_table', 1),
	(88, '2025_05_28_131605_add_config_to_users_table', 1),
	(89, '2025_05_29_115832_add_user_can_sel_preproyectos_to_users_table', 1),
	(90, '2025_06_03_131351_create_empresas_table', 1),
	(91, '2025_06_03_131352_create_sucursales_table', 1),
	(92, '2025_06_03_131353_add_rol_empresa_sucursal_to_users_table', 1),
	(93, '2025_06_03_152200_create_sucursal_user_table', 1),
	(94, '2025_06_05_155410_add_subordinados_to_users_table', 1),
	(95, '2025_06_13_120944_alter_pedido_table_make_id_tipo_envio_nullable', 1),
	(96, '2025_06_24_105505_add_version_to_archivos_proyecto_table', 1),
	(97, '2025_07_07_163144_create_flujos_produccion_table', 1),
	(98, '2025_07_07_163154_add_flujo_id_to_ordenes_produccion_table', 1),
	(99, '2025_07_07_163230_create_orden_paso_table', 1),
	(100, '2025_07_07_165339_add_orden_paso_id_to_tareas_produccion_table', 1),
	(101, '2025_07_29_122258_flag_solicitud_aprobar_sin_fechas', 1),
	(102, '2025_08_01_132616_add_prioridad_to_oredenes_produccion', 1),
	(103, '2025_08_05_122700_add_flag_activo_to_odenes_produdccion', 1),
	(104, '2025_08_05_130130_create_usuario_staf_ordenes_produccion', 1),
	(105, '2025_08_08_135915_add_fact_desc_to_pedido_table', 1),
	(106, '2025_08_11_143907_add_estado_muestra_to_pedido_table', 1),
	(107, '2025_08_13_115156_add_comentario_to_pedido_estados_table', 1),
	(108, '2025_08_20_112720_add_estatus_entrega_muestra_to_pedidotable', 1),
	(109, '2025_08_20_121729_create_archivos_pedido_table', 1),
	(110, '2025_08_25_165328_filtros_produccion', 1),
	(111, '2025_08_25_170946_filtro_produccion_productos', 1),
	(112, '2025_08_25_171031_filtro_produccion_caracteristicas', 1),
	(113, '2025_08_29_103308_create_hojas_filtros_produccion_table', 1),
	(114, '2025_08_29_103345_create_create_hoja_filtro_produccion_table', 1),
	(115, '2025_09_05_110434_create_estados_pedido_table', 1),
	(116, '2025_09_05_112233_add_migrate_pedido_estado_enum_to_fk', 1),
	(117, '2025_09_17_123917_add_archivos_proyecto_flag_can_delete', 1),
	(118, '2025_09_22_155525_add_estados_diseno_to_hojas_filtros_produccion_table', 1),
	(119, '2025_10_06_142853_create_legacy_client_table', 1),
	(120, '2025_10_07_102129_create_legacy_project_table', 1),
	(121, '2025_10_08_164422_add_menu_config_to_hojas_filtros_produccion', 1),
	(122, '2025_10_09_162522_add_acciones_config_to_hojas_filtros_produccion', 1),
	(123, '2025_10_13_115921_speed_indexes', 1),
	(124, '2025_10_13_161832_add_more_indexes_to_pedido_and_related', 1),
	(125, '2025_10_16_125703_add_flags_to_proyectos_table', 1),
	(126, '2025_10_22_161427_add_legacy_fields_to_users_table', 1),
	(127, '2025_10_29_160320_add_nombre_orden_type_to_permissions_table', 1),
	(128, '2025_10_30_112707_create_grupo_orden_table', 1),
	(129, '2025_10_30_133121_create_staff_table', 1),
	(130, '2025_10_30_133156_create_clientsup_table', 1),
	(232, '2025_04_22_133524_create_ordenes_produccion_table', 1),
	(283, '0000_00_00_000000_create_websockets_statistics_entries_table', 1),
	(284, '2013_12_05_003039_create_permission_tables', 1),
	(285, '2014_10_12_000000_create_users_table', 1),
	(286, '2014_10_12_100000_create_password_reset_tokens_table', 1),
	(287, '2019_08_19_000000_create_failed_jobs_table', 1),
	(288, '2019_12_14_000001_create_personal_access_tokens_table', 1),
	(289, '2024_12_09_183955_add_role_id_to_users_table', 1),
	(290, '2024_12_13_211123_create_categorias_table', 1),
	(291, '2024_12_13_211144_create_productos_table', 1),
	(292, '2024_12_13_211250_create_caracteristicas_table', 1),
	(293, '2024_12_13_211339_create_opciones_table', 1),
	(294, '2024_12_18_225845_create_clientes_table', 1),
	(295, '2024_12_18_225935_create_proveedores_table', 1),
	(296, '2024_12_18_231531_create_proyectos_table', 1),
	(297, '2024_12_18_231651_create_tareas_table', 1),
	(298, '2024_12_18_231652_create_pedido_table', 1),
	(299, '2024_12_18_233613_create_tallas_table', 1),
	(300, '2024_12_18_233732_create_pedido_tallas_table', 1),
	(301, '2024_12_18_234429_create_pedido_caracteristicas_table', 1),
	(302, '2024_12_18_234524_create_pedido_opciones_table', 1),
	(303, '2025_01_07_195750_create_chats_table', 1),
	(304, '2025_01_07_195826_create_mensajes_chat_table', 1),
	(305, '2025_01_07_233251_create_archivos_proyecto_table', 1),
	(306, '2025_01_17_163731_create_pre_proyectos_table', 1),
	(307, '2025_01_17_194537_create_proyecto_estados_table', 1),
	(308, '2025_01_17_195315_create_proyecto_referencias_table', 1),
	(309, '2025_01_17_210958_modify_pedido_add_pre', 1),
	(310, '2025_01_17_211530_modify_archivos_proyecto_add_pre', 1),
	(311, '2025_01_20_202849_create_paises_table', 1),
	(312, '2025_01_21_194214_create_estados_table', 1),
	(313, '2025_01_21_194236_create_ciudades_table', 1),
	(314, '2025_01_21_194349_create_tipo_envio_table', 1),
	(315, '2025_01_21_194411_create_ciudades_tipo_envio_table', 1),
	(316, '2025_01_22_222747_create_direcciones_fiscales_table', 1),
	(317, '2025_01_22_222820_create_direcciones_entrega_table', 1),
	(318, '2025_01_27_163644_create_categoria_producto_table', 1),
	(319, '2025_01_27_164133_create_producto_caracteristica_table', 1),
	(320, '2025_01_27_172946_create_caracteristica_opcion_table', 1),
	(321, '2025_02_25_160900_create_notifications_table', 1),
	(322, '2025_02_27_160642_add_categoria_id_to_productos_table', 1),
	(323, '2025_02_27_183236_add_flag_tallas_table', 1),
	(324, '2025_02_27_205901_add_name_id_contacto_direcciones_entrega_table', 1),
	(325, '2025_03_03_163637_add_ind_activo_categorias_table', 1),
	(326, '2025_03_03_181627_grupos_tallas_table', 1),
	(327, '2025_03_03_181722_grupo_tallas_detalle', 1),
	(328, '2025_03_03_182222_producto_grupo_talla_detalle', 1),
	(329, '2025_03_04_165806_create_categoria_caracteristica_table', 1),
	(330, '2025_03_04_234610_add_pedido_table', 1),
	(331, '2025_03_05_163008_pedido_estados', 1),
	(332, '2025_03_05_170344_modify_proyectos_table', 1),
	(333, '2025_03_13_232615_add_grupo_talla_id_to_pedido_tallas', 1),
	(334, '2025_03_14_180235_modify_cliente_id_and_add_user_id_to_pedido_table', 1),
	(335, '2025_03_14_211912_add_id_pedido_tallas_table', 1),
	(336, '2025_03_18_225731_add_cliente_id_to_pre_proyectos_table', 1),
	(337, '2025_03_18_233930_modify_usuario_id_in_proyectos_table', 1),
	(338, '2025_03_19_160433_modify_estado_in_proyectos_table', 1),
	(339, '2025_03_20_164204_add_proceso_status_to_proyectos_table', 1),
	(340, '2025_03_20_193555_add_rechazado_cancelado_status_to_tareas_table', 1),
	(341, '2025_03_20_231705_add_comentario_url_to_proyecto_estados_table', 1),
	(342, '2025_03_20_235020_add_disenio_flag_first_proceso_to_tareas_table', 1),
	(343, '2025_03_24_172359_add_tipo_to_mensajes_chat_table', 1),
	(344, '2025_03_25_182018_add_url_and_last_uploaded_file_id_to_pedido_table', 1),
	(345, '2025_03_31_164135_add_ind_activo_to_table_productos', 1),
	(346, '2025_03_31_165228_add_ind_activo_to_table_caracteristicas', 1),
	(347, '2025_03_31_165755_add_ind_activo_to_table_opciones', 1),
	(348, '2025_03_31_170727_add_ind_activo_to_table_tallas', 1),
	(349, '2025_03_31_205320_add_ind_activo_to_table_grupos_tallas', 1),
	(350, '2025_04_04_191754_add_flag_aprobar_sin_fechas_to_pedido_table', 1),
	(351, '2025_04_07_180239_add_tipo_to_tareas_table', 1),
	(352, '2025_04_11_122148_update_pasos_and_minutopaso_to_float_in_opciones_table', 1),
	(353, '2025_04_11_124736_add_total_minutos_and_total_pasos_to_pedido_table', 1),
	(354, '2025_04_11_170055_change_minutopaso_to_time_in_opciones_table', 1),
	(355, '2025_04_16_122134_add_flag_armado_to_producto_caracteristica_table', 1),
	(356, '2025_04_21_113305_add_flag_armado_proyecto_pedido', 1),
	(357, '2025_04_21_113914_add_flag_armado_preproyecto', 1),
	(358, '2025_04_22_133553_tareas_produccion', 1),
	(359, '2025_04_22_134554_create_pedido_tarea_table', 1),
	(360, '2025_04_29_162625_create_ordenes_produccion_table', 1),
	(361, '2025_04_29_162846_create_pedido_orden_produccion_table', 1),
	(362, '2025_04_29_162858_create_orden_corte_table', 1),
	(363, '2025_05_02_144315_create_layouts_table', 1),
	(364, '2025_05_02_144452_create_layout_elementos_table', 1),
	(365, '2025_05_05_155820_add_letra_to_layout_elementos_table', 1),
	(366, '2025_05_15_114352_create_grupos_orden_table', 1),
	(367, '2025_05_15_114451_create_grupo_orden_permission_table', 1),
	(368, '2025_05_27_151849_add_tipo_carga_to_archivos_proyecto_table', 1),
	(369, '2025_05_27_154643_add_flag_descarga_to_archivos_proyecto_table', 1),
	(370, '2025_05_28_131605_add_config_to_users_table', 1),
	(371, '2025_05_29_115832_add_user_can_sel_preproyectos_to_users_table', 1),
	(372, '2025_06_03_131351_create_empresas_table', 1),
	(373, '2025_06_03_131352_create_sucursales_table', 1),
	(374, '2025_06_03_131353_add_rol_empresa_sucursal_to_users_table', 1),
	(375, '2025_06_03_152200_create_sucursal_user_table', 1),
	(376, '2025_06_05_155410_add_subordinados_to_users_table', 1),
	(377, '2025_06_13_120944_alter_pedido_table_make_id_tipo_envio_nullable', 2),
	(911, '0000_00_00_000000_create_websockets_statistics_entries_table', 2),
	(912, '2013_12_05_003039_create_permission_tables', 2),
	(913, '2014_10_12_000000_create_users_table', 2),
	(914, '2014_10_12_100000_create_password_reset_tokens_table', 2),
	(915, '2019_08_19_000000_create_failed_jobs_table', 2),
	(916, '2019_12_14_000001_create_personal_access_tokens_table', 2),
	(917, '2024_12_09_183955_add_role_id_to_users_table', 2),
	(918, '2024_12_13_211123_create_categorias_table', 2),
	(919, '2024_12_13_211144_create_productos_table', 2),
	(920, '2024_12_13_211250_create_caracteristicas_table', 2),
	(921, '2024_12_13_211339_create_opciones_table', 2),
	(922, '2024_12_18_225845_create_clientes_table', 2),
	(923, '2024_12_18_225935_create_proveedores_table', 2),
	(924, '2024_12_18_231531_create_proyectos_table', 2),
	(925, '2024_12_18_231651_create_tareas_table', 2),
	(926, '2024_12_18_231652_create_pedido_table', 2),
	(927, '2024_12_18_233613_create_tallas_table', 2),
	(928, '2024_12_18_233732_create_pedido_tallas_table', 2),
	(929, '2024_12_18_234429_create_pedido_caracteristicas_table', 2),
	(930, '2024_12_18_234524_create_pedido_opciones_table', 2),
	(931, '2025_01_07_195750_create_chats_table', 2),
	(932, '2025_01_07_195826_create_mensajes_chat_table', 2),
	(933, '2025_01_07_233251_create_archivos_proyecto_table', 2),
	(934, '2025_01_17_163731_create_pre_proyectos_table', 2),
	(935, '2025_01_17_194537_create_proyecto_estados_table', 2),
	(936, '2025_01_17_195315_create_proyecto_referencias_table', 2),
	(937, '2025_01_17_210958_modify_pedido_add_pre', 2),
	(938, '2025_01_17_211530_modify_archivos_proyecto_add_pre', 2),
	(939, '2025_01_20_202849_create_paises_table', 2),
	(940, '2025_01_21_194214_create_estados_table', 2),
	(941, '2025_01_21_194236_create_ciudades_table', 2),
	(942, '2025_01_21_194349_create_tipo_envio_table', 2),
	(943, '2025_01_21_194411_create_ciudades_tipo_envio_table', 2),
	(944, '2025_01_22_222747_create_direcciones_fiscales_table', 2),
	(945, '2025_01_22_222820_create_direcciones_entrega_table', 2),
	(946, '2025_01_27_163644_create_categoria_producto_table', 2),
	(947, '2025_01_27_164133_create_producto_caracteristica_table', 2),
	(948, '2025_01_27_172946_create_caracteristica_opcion_table', 2),
	(949, '2025_02_25_160900_create_notifications_table', 2),
	(950, '2025_02_27_160642_add_categoria_id_to_productos_table', 2),
	(951, '2025_02_27_183236_add_flag_tallas_table', 2),
	(952, '2025_02_27_205901_add_name_id_contacto_direcciones_entrega_table', 2),
	(953, '2025_03_03_163637_add_ind_activo_categorias_table', 2),
	(954, '2025_03_03_181627_grupos_tallas_table', 2),
	(955, '2025_03_03_181722_grupo_tallas_detalle', 2),
	(956, '2025_03_03_182222_producto_grupo_talla_detalle', 2),
	(957, '2025_03_04_165806_create_categoria_caracteristica_table', 2),
	(958, '2025_03_04_234610_add_pedido_table', 2),
	(959, '2025_03_05_163008_pedido_estados', 2),
	(960, '2025_03_05_170344_modify_proyectos_table', 2),
	(961, '2025_03_13_232615_add_grupo_talla_id_to_pedido_tallas', 2),
	(962, '2025_03_14_180235_modify_cliente_id_and_add_user_id_to_pedido_table', 2),
	(963, '2025_03_14_211912_add_id_pedido_tallas_table', 2),
	(964, '2025_03_18_225731_add_cliente_id_to_pre_proyectos_table', 2),
	(965, '2025_03_18_233930_modify_usuario_id_in_proyectos_table', 2),
	(966, '2025_03_19_160433_modify_estado_in_proyectos_table', 2),
	(967, '2025_03_20_164204_add_proceso_status_to_proyectos_table', 2),
	(968, '2025_03_20_193555_add_rechazado_cancelado_status_to_tareas_table', 2),
	(969, '2025_03_20_231705_add_comentario_url_to_proyecto_estados_table', 2),
	(970, '2025_03_20_235020_add_disenio_flag_first_proceso_to_tareas_table', 2),
	(971, '2025_03_24_172359_add_tipo_to_mensajes_chat_table', 2),
	(972, '2025_03_25_182018_add_url_and_last_uploaded_file_id_to_pedido_table', 2),
	(973, '2025_03_31_164135_add_ind_activo_to_table_productos', 2),
	(974, '2025_03_31_165228_add_ind_activo_to_table_caracteristicas', 2),
	(975, '2025_03_31_165755_add_ind_activo_to_table_opciones', 2),
	(976, '2025_03_31_170727_add_ind_activo_to_table_tallas', 2),
	(977, '2025_03_31_205320_add_ind_activo_to_table_grupos_tallas', 2),
	(978, '2025_04_04_191754_add_flag_aprobar_sin_fechas_to_pedido_table', 2),
	(979, '2025_04_07_180239_add_tipo_to_tareas_table', 2),
	(980, '2025_04_11_122148_update_pasos_and_minutopaso_to_float_in_opciones_table', 2),
	(981, '2025_04_11_124736_add_total_minutos_and_total_pasos_to_pedido_table', 2),
	(982, '2025_04_11_170055_change_minutopaso_to_time_in_opciones_table', 2),
	(983, '2025_04_16_122134_add_flag_armado_to_producto_caracteristica_table', 2),
	(984, '2025_04_21_113305_add_flag_armado_proyecto_pedido', 2),
	(985, '2025_04_21_113914_add_flag_armado_preproyecto', 2),
	(986, '2025_04_22_133553_tareas_produccion', 2),
	(987, '2025_04_22_134554_create_pedido_tarea_table', 2),
	(988, '2025_04_29_162625_create_ordenes_produccion_table', 2),
	(989, '2025_04_29_162846_create_pedido_orden_produccion_table', 2),
	(990, '2025_04_29_162858_create_orden_corte_table', 2),
	(991, '2025_05_02_144315_create_layouts_table', 2),
	(992, '2025_05_02_144452_create_layout_elementos_table', 2),
	(993, '2025_05_05_155820_add_letra_to_layout_elementos_table', 2),
	(994, '2025_05_15_114352_create_grupos_orden_table', 2),
	(995, '2025_05_15_114451_create_grupo_orden_permission_table', 2),
	(996, '2025_05_27_151849_add_tipo_carga_to_archivos_proyecto_table', 2),
	(997, '2025_05_27_154643_add_flag_descarga_to_archivos_proyecto_table', 2),
	(998, '2025_05_28_131605_add_config_to_users_table', 2),
	(999, '2025_05_29_115832_add_user_can_sel_preproyectos_to_users_table', 2),
	(1000, '2025_06_03_131351_create_empresas_table', 2),
	(1001, '2025_06_03_131352_create_sucursales_table', 2),
	(1002, '2025_06_03_131353_add_rol_empresa_sucursal_to_users_table', 2),
	(1003, '2025_06_03_152200_create_sucursal_user_table', 2),
	(1004, '2025_06_05_155410_add_subordinados_to_users_table', 2),
	(1005, '2025_06_13_120944_alter_pedido_table_make_id_tipo_envio_nullable', 2),
	(1006, '2025_06_24_105505_add_version_to_archivos_proyecto_table', 3),
	(1007, '2025_07_07_163144_create_flujos_produccion_table', 4),
	(1008, '2025_07_07_163154_add_flujo_id_to_ordenes_produccion_table', 4),
	(1009, '2025_07_07_163230_create_orden_paso_table', 4),
	(1010, '2025_07_07_165339_add_orden_paso_id_to_tareas_produccion_table', 4),
	(1011, '2025_10_08_164422_add_menu_config_to_hojas_filtros_produccion', 5),
	(1012, '2025_10_31_124623_add_slug_orden_to_grupos_orden_table', 6);

-- Volcando datos para la tabla mtiadmin_portal.model_has_permissions: ~0 rows (aproximadamente)

-- Volcando datos para la tabla mtiadmin_portal.model_has_roles: ~1,113 rows (aproximadamente)
INSERT INTO `model_has_roles` (`role_id`, `model_type`, `model_id`) VALUES
	(1, 'App\\Models\\User', 1),
	(8, 'App\\Models\\User', 1),
	(1, 'App\\Models\\User', 2),
	(9, 'App\\Models\\User', 2),
	(1, 'App\\Models\\User', 3),
	(9, 'App\\Models\\User', 3),
	(1, 'App\\Models\\User', 4),
	(9, 'App\\Models\\User', 4),
	(1, 'App\\Models\\User', 5),
	(8, 'App\\Models\\User', 5),
	(9, 'App\\Models\\User', 6),
	(9, 'App\\Models\\User', 7),
	(3, 'App\\Models\\User', 8),
	(9, 'App\\Models\\User', 8),
	(3, 'App\\Models\\User', 9),
	(9, 'App\\Models\\User', 9),
	(4, 'App\\Models\\User', 10),
	(9, 'App\\Models\\User', 10),
	(4, 'App\\Models\\User', 11),
	(9, 'App\\Models\\User', 11),
	(5, 'App\\Models\\User', 12),
	(9, 'App\\Models\\User', 12),
	(5, 'App\\Models\\User', 13),
	(9, 'App\\Models\\User', 13),
	(6, 'App\\Models\\User', 14),
	(9, 'App\\Models\\User', 14),
	(6, 'App\\Models\\User', 15),
	(9, 'App\\Models\\User', 15),
	(7, 'App\\Models\\User', 16),
	(9, 'App\\Models\\User', 16),
	(7, 'App\\Models\\User', 17),
	(9, 'App\\Models\\User', 17),
	(8, 'App\\Models\\User', 18),
	(9, 'App\\Models\\User', 18),
	(8, 'App\\Models\\User', 19),
	(9, 'App\\Models\\User', 19),
	(9, 'App\\Models\\User', 20),
	(9, 'App\\Models\\User', 21),
	(9, 'App\\Models\\User', 22),
	(8, 'App\\Models\\User', 23),
	(9, 'App\\Models\\User', 24),
	(9, 'App\\Models\\User', 25),
	(9, 'App\\Models\\User', 26),
	(9, 'App\\Models\\User', 27),
	(9, 'App\\Models\\User', 28),
	(9, 'App\\Models\\User', 29),
	(9, 'App\\Models\\User', 30),
	(8, 'App\\Models\\User', 31),
	(8, 'App\\Models\\User', 32),
	(9, 'App\\Models\\User', 32),
	(8, 'App\\Models\\User', 33),
	(9, 'App\\Models\\User', 33),
	(9, 'App\\Models\\User', 34),
	(9, 'App\\Models\\User', 35),
	(9, 'App\\Models\\User', 36),
	(9, 'App\\Models\\User', 37),
	(9, 'App\\Models\\User', 38),
	(9, 'App\\Models\\User', 39),
	(9, 'App\\Models\\User', 40),
	(8, 'App\\Models\\User', 41),
	(9, 'App\\Models\\User', 41),
	(9, 'App\\Models\\User', 42),
	(9, 'App\\Models\\User', 43),
	(9, 'App\\Models\\User', 44),
	(9, 'App\\Models\\User', 45),
	(9, 'App\\Models\\User', 46),
	(9, 'App\\Models\\User', 47),
	(8, 'App\\Models\\User', 48),
	(9, 'App\\Models\\User', 48),
	(9, 'App\\Models\\User', 49),
	(9, 'App\\Models\\User', 50),
	(9, 'App\\Models\\User', 51),
	(9, 'App\\Models\\User', 52),
	(9, 'App\\Models\\User', 53),
	(9, 'App\\Models\\User', 54),
	(8, 'App\\Models\\User', 55),
	(9, 'App\\Models\\User', 55),
	(9, 'App\\Models\\User', 56),
	(9, 'App\\Models\\User', 57),
	(9, 'App\\Models\\User', 58),
	(9, 'App\\Models\\User', 59),
	(9, 'App\\Models\\User', 60),
	(8, 'App\\Models\\User', 61),
	(9, 'App\\Models\\User', 61),
	(9, 'App\\Models\\User', 62),
	(9, 'App\\Models\\User', 63),
	(8, 'App\\Models\\User', 64),
	(9, 'App\\Models\\User', 65),
	(9, 'App\\Models\\User', 66),
	(9, 'App\\Models\\User', 67),
	(9, 'App\\Models\\User', 68),
	(9, 'App\\Models\\User', 69),
	(9, 'App\\Models\\User', 70),
	(9, 'App\\Models\\User', 71),
	(9, 'App\\Models\\User', 72),
	(9, 'App\\Models\\User', 73),
	(9, 'App\\Models\\User', 74),
	(9, 'App\\Models\\User', 75),
	(9, 'App\\Models\\User', 76),
	(9, 'App\\Models\\User', 77),
	(9, 'App\\Models\\User', 78),
	(9, 'App\\Models\\User', 79),
	(9, 'App\\Models\\User', 81),
	(9, 'App\\Models\\User', 82),
	(9, 'App\\Models\\User', 83),
	(9, 'App\\Models\\User', 84),
	(9, 'App\\Models\\User', 85),
	(9, 'App\\Models\\User', 86),
	(9, 'App\\Models\\User', 87),
	(9, 'App\\Models\\User', 88),
	(9, 'App\\Models\\User', 89),
	(9, 'App\\Models\\User', 90),
	(9, 'App\\Models\\User', 91),
	(9, 'App\\Models\\User', 92),
	(9, 'App\\Models\\User', 93),
	(9, 'App\\Models\\User', 94),
	(9, 'App\\Models\\User', 95),
	(8, 'App\\Models\\User', 96),
	(9, 'App\\Models\\User', 97),
	(9, 'App\\Models\\User', 98),
	(9, 'App\\Models\\User', 99),
	(9, 'App\\Models\\User', 100),
	(9, 'App\\Models\\User', 101),
	(9, 'App\\Models\\User', 102),
	(9, 'App\\Models\\User', 103),
	(9, 'App\\Models\\User', 104),
	(9, 'App\\Models\\User', 105),
	(9, 'App\\Models\\User', 106),
	(9, 'App\\Models\\User', 107),
	(9, 'App\\Models\\User', 108),
	(9, 'App\\Models\\User', 109),
	(9, 'App\\Models\\User', 110),
	(9, 'App\\Models\\User', 111),
	(9, 'App\\Models\\User', 112),
	(9, 'App\\Models\\User', 113),
	(9, 'App\\Models\\User', 114),
	(9, 'App\\Models\\User', 115),
	(9, 'App\\Models\\User', 116),
	(9, 'App\\Models\\User', 117),
	(9, 'App\\Models\\User', 118),
	(9, 'App\\Models\\User', 119),
	(9, 'App\\Models\\User', 120),
	(9, 'App\\Models\\User', 121),
	(9, 'App\\Models\\User', 122),
	(9, 'App\\Models\\User', 123),
	(9, 'App\\Models\\User', 124),
	(4, 'App\\Models\\User', 125),
	(9, 'App\\Models\\User', 125),
	(9, 'App\\Models\\User', 126),
	(9, 'App\\Models\\User', 127),
	(9, 'App\\Models\\User', 128),
	(4, 'App\\Models\\User', 129),
	(9, 'App\\Models\\User', 129),
	(9, 'App\\Models\\User', 130),
	(9, 'App\\Models\\User', 131),
	(9, 'App\\Models\\User', 132),
	(9, 'App\\Models\\User', 133),
	(9, 'App\\Models\\User', 134),
	(9, 'App\\Models\\User', 135),
	(9, 'App\\Models\\User', 136),
	(9, 'App\\Models\\User', 137),
	(9, 'App\\Models\\User', 138),
	(9, 'App\\Models\\User', 139),
	(9, 'App\\Models\\User', 140),
	(9, 'App\\Models\\User', 141),
	(9, 'App\\Models\\User', 142),
	(9, 'App\\Models\\User', 143),
	(9, 'App\\Models\\User', 144),
	(9, 'App\\Models\\User', 145),
	(9, 'App\\Models\\User', 146),
	(9, 'App\\Models\\User', 147),
	(9, 'App\\Models\\User', 148),
	(9, 'App\\Models\\User', 149),
	(9, 'App\\Models\\User', 150),
	(9, 'App\\Models\\User', 151),
	(9, 'App\\Models\\User', 152),
	(9, 'App\\Models\\User', 153),
	(9, 'App\\Models\\User', 154),
	(9, 'App\\Models\\User', 155),
	(9, 'App\\Models\\User', 156),
	(9, 'App\\Models\\User', 157),
	(9, 'App\\Models\\User', 158),
	(9, 'App\\Models\\User', 159),
	(9, 'App\\Models\\User', 160),
	(9, 'App\\Models\\User', 161),
	(9, 'App\\Models\\User', 162),
	(9, 'App\\Models\\User', 163),
	(9, 'App\\Models\\User', 164),
	(9, 'App\\Models\\User', 165),
	(9, 'App\\Models\\User', 166),
	(9, 'App\\Models\\User', 167),
	(9, 'App\\Models\\User', 168),
	(9, 'App\\Models\\User', 169),
	(8, 'App\\Models\\User', 170),
	(9, 'App\\Models\\User', 171),
	(9, 'App\\Models\\User', 172),
	(9, 'App\\Models\\User', 173),
	(9, 'App\\Models\\User', 174),
	(9, 'App\\Models\\User', 175),
	(9, 'App\\Models\\User', 176),
	(9, 'App\\Models\\User', 177),
	(9, 'App\\Models\\User', 178),
	(9, 'App\\Models\\User', 179),
	(9, 'App\\Models\\User', 180),
	(9, 'App\\Models\\User', 181),
	(8, 'App\\Models\\User', 182),
	(9, 'App\\Models\\User', 183),
	(9, 'App\\Models\\User', 184),
	(9, 'App\\Models\\User', 185),
	(9, 'App\\Models\\User', 186),
	(9, 'App\\Models\\User', 187),
	(9, 'App\\Models\\User', 188),
	(9, 'App\\Models\\User', 189),
	(9, 'App\\Models\\User', 190),
	(9, 'App\\Models\\User', 191),
	(9, 'App\\Models\\User', 192),
	(9, 'App\\Models\\User', 193),
	(9, 'App\\Models\\User', 194),
	(9, 'App\\Models\\User', 195),
	(9, 'App\\Models\\User', 196),
	(9, 'App\\Models\\User', 197),
	(9, 'App\\Models\\User', 198),
	(9, 'App\\Models\\User', 199),
	(9, 'App\\Models\\User', 200),
	(9, 'App\\Models\\User', 201),
	(9, 'App\\Models\\User', 202),
	(9, 'App\\Models\\User', 203),
	(8, 'App\\Models\\User', 204),
	(9, 'App\\Models\\User', 205),
	(9, 'App\\Models\\User', 206),
	(9, 'App\\Models\\User', 207),
	(9, 'App\\Models\\User', 208),
	(9, 'App\\Models\\User', 209),
	(9, 'App\\Models\\User', 210),
	(9, 'App\\Models\\User', 211),
	(9, 'App\\Models\\User', 212),
	(9, 'App\\Models\\User', 213),
	(9, 'App\\Models\\User', 214),
	(9, 'App\\Models\\User', 215),
	(9, 'App\\Models\\User', 216),
	(9, 'App\\Models\\User', 217),
	(9, 'App\\Models\\User', 218),
	(9, 'App\\Models\\User', 219),
	(9, 'App\\Models\\User', 220),
	(9, 'App\\Models\\User', 221),
	(9, 'App\\Models\\User', 224),
	(9, 'App\\Models\\User', 225),
	(9, 'App\\Models\\User', 226),
	(9, 'App\\Models\\User', 227),
	(9, 'App\\Models\\User', 228),
	(9, 'App\\Models\\User', 229),
	(9, 'App\\Models\\User', 230),
	(9, 'App\\Models\\User', 231),
	(9, 'App\\Models\\User', 232),
	(9, 'App\\Models\\User', 233),
	(9, 'App\\Models\\User', 234),
	(9, 'App\\Models\\User', 235),
	(9, 'App\\Models\\User', 236),
	(9, 'App\\Models\\User', 237),
	(9, 'App\\Models\\User', 238),
	(9, 'App\\Models\\User', 239),
	(9, 'App\\Models\\User', 240),
	(9, 'App\\Models\\User', 241),
	(9, 'App\\Models\\User', 242),
	(9, 'App\\Models\\User', 243),
	(9, 'App\\Models\\User', 244),
	(9, 'App\\Models\\User', 245),
	(9, 'App\\Models\\User', 246),
	(9, 'App\\Models\\User', 247),
	(9, 'App\\Models\\User', 248),
	(9, 'App\\Models\\User', 249),
	(9, 'App\\Models\\User', 250),
	(9, 'App\\Models\\User', 251),
	(9, 'App\\Models\\User', 252),
	(9, 'App\\Models\\User', 253),
	(9, 'App\\Models\\User', 254),
	(9, 'App\\Models\\User', 255),
	(9, 'App\\Models\\User', 256),
	(9, 'App\\Models\\User', 257),
	(9, 'App\\Models\\User', 258),
	(4, 'App\\Models\\User', 259),
	(9, 'App\\Models\\User', 259),
	(9, 'App\\Models\\User', 260),
	(9, 'App\\Models\\User', 261),
	(9, 'App\\Models\\User', 262),
	(9, 'App\\Models\\User', 263),
	(9, 'App\\Models\\User', 264),
	(9, 'App\\Models\\User', 265),
	(9, 'App\\Models\\User', 266),
	(9, 'App\\Models\\User', 267),
	(9, 'App\\Models\\User', 268),
	(9, 'App\\Models\\User', 269),
	(9, 'App\\Models\\User', 270),
	(9, 'App\\Models\\User', 271),
	(8, 'App\\Models\\User', 272),
	(9, 'App\\Models\\User', 273),
	(9, 'App\\Models\\User', 274),
	(9, 'App\\Models\\User', 275),
	(9, 'App\\Models\\User', 276),
	(8, 'App\\Models\\User', 277),
	(9, 'App\\Models\\User', 278),
	(9, 'App\\Models\\User', 279),
	(9, 'App\\Models\\User', 280),
	(9, 'App\\Models\\User', 281),
	(9, 'App\\Models\\User', 282),
	(9, 'App\\Models\\User', 283),
	(9, 'App\\Models\\User', 284),
	(9, 'App\\Models\\User', 285),
	(9, 'App\\Models\\User', 286),
	(9, 'App\\Models\\User', 287),
	(9, 'App\\Models\\User', 288),
	(9, 'App\\Models\\User', 289),
	(9, 'App\\Models\\User', 290),
	(9, 'App\\Models\\User', 291),
	(9, 'App\\Models\\User', 293),
	(9, 'App\\Models\\User', 294),
	(9, 'App\\Models\\User', 295),
	(9, 'App\\Models\\User', 296),
	(9, 'App\\Models\\User', 297),
	(9, 'App\\Models\\User', 298),
	(9, 'App\\Models\\User', 299),
	(9, 'App\\Models\\User', 300),
	(9, 'App\\Models\\User', 301),
	(9, 'App\\Models\\User', 302),
	(9, 'App\\Models\\User', 303),
	(9, 'App\\Models\\User', 304),
	(9, 'App\\Models\\User', 305),
	(9, 'App\\Models\\User', 306),
	(9, 'App\\Models\\User', 307),
	(9, 'App\\Models\\User', 308),
	(9, 'App\\Models\\User', 309),
	(9, 'App\\Models\\User', 310),
	(9, 'App\\Models\\User', 311),
	(9, 'App\\Models\\User', 312),
	(9, 'App\\Models\\User', 313),
	(9, 'App\\Models\\User', 314),
	(9, 'App\\Models\\User', 315),
	(9, 'App\\Models\\User', 316),
	(9, 'App\\Models\\User', 317),
	(9, 'App\\Models\\User', 319),
	(9, 'App\\Models\\User', 320),
	(9, 'App\\Models\\User', 321),
	(9, 'App\\Models\\User', 322),
	(9, 'App\\Models\\User', 323),
	(9, 'App\\Models\\User', 324),
	(9, 'App\\Models\\User', 325),
	(9, 'App\\Models\\User', 326),
	(9, 'App\\Models\\User', 327),
	(9, 'App\\Models\\User', 328),
	(9, 'App\\Models\\User', 329),
	(9, 'App\\Models\\User', 330),
	(9, 'App\\Models\\User', 331),
	(9, 'App\\Models\\User', 332),
	(9, 'App\\Models\\User', 333),
	(9, 'App\\Models\\User', 334),
	(9, 'App\\Models\\User', 335),
	(9, 'App\\Models\\User', 336),
	(9, 'App\\Models\\User', 337),
	(9, 'App\\Models\\User', 338),
	(9, 'App\\Models\\User', 339),
	(9, 'App\\Models\\User', 340),
	(9, 'App\\Models\\User', 341),
	(9, 'App\\Models\\User', 342),
	(9, 'App\\Models\\User', 343),
	(9, 'App\\Models\\User', 344),
	(9, 'App\\Models\\User', 345),
	(9, 'App\\Models\\User', 346),
	(9, 'App\\Models\\User', 347),
	(9, 'App\\Models\\User', 348),
	(9, 'App\\Models\\User', 349),
	(9, 'App\\Models\\User', 350),
	(9, 'App\\Models\\User', 351),
	(9, 'App\\Models\\User', 352),
	(9, 'App\\Models\\User', 353),
	(9, 'App\\Models\\User', 354),
	(9, 'App\\Models\\User', 355),
	(9, 'App\\Models\\User', 356),
	(9, 'App\\Models\\User', 357),
	(9, 'App\\Models\\User', 358),
	(9, 'App\\Models\\User', 359),
	(9, 'App\\Models\\User', 360),
	(9, 'App\\Models\\User', 361),
	(9, 'App\\Models\\User', 362),
	(9, 'App\\Models\\User', 363),
	(9, 'App\\Models\\User', 364),
	(9, 'App\\Models\\User', 365),
	(9, 'App\\Models\\User', 366),
	(9, 'App\\Models\\User', 367),
	(9, 'App\\Models\\User', 368),
	(9, 'App\\Models\\User', 369),
	(9, 'App\\Models\\User', 370),
	(9, 'App\\Models\\User', 371),
	(9, 'App\\Models\\User', 372),
	(9, 'App\\Models\\User', 373),
	(9, 'App\\Models\\User', 374),
	(9, 'App\\Models\\User', 375),
	(9, 'App\\Models\\User', 376),
	(9, 'App\\Models\\User', 377),
	(9, 'App\\Models\\User', 378),
	(9, 'App\\Models\\User', 379),
	(9, 'App\\Models\\User', 381),
	(9, 'App\\Models\\User', 382),
	(9, 'App\\Models\\User', 383),
	(9, 'App\\Models\\User', 384),
	(9, 'App\\Models\\User', 385),
	(9, 'App\\Models\\User', 386),
	(9, 'App\\Models\\User', 387),
	(9, 'App\\Models\\User', 388),
	(9, 'App\\Models\\User', 389),
	(9, 'App\\Models\\User', 390),
	(9, 'App\\Models\\User', 391),
	(9, 'App\\Models\\User', 392),
	(8, 'App\\Models\\User', 393),
	(9, 'App\\Models\\User', 394),
	(9, 'App\\Models\\User', 395),
	(9, 'App\\Models\\User', 396),
	(9, 'App\\Models\\User', 397),
	(9, 'App\\Models\\User', 398),
	(8, 'App\\Models\\User', 399),
	(9, 'App\\Models\\User', 400),
	(9, 'App\\Models\\User', 401),
	(9, 'App\\Models\\User', 402),
	(9, 'App\\Models\\User', 403),
	(9, 'App\\Models\\User', 404),
	(9, 'App\\Models\\User', 405),
	(9, 'App\\Models\\User', 406),
	(9, 'App\\Models\\User', 407),
	(9, 'App\\Models\\User', 408),
	(9, 'App\\Models\\User', 409),
	(9, 'App\\Models\\User', 410),
	(9, 'App\\Models\\User', 411),
	(9, 'App\\Models\\User', 412),
	(9, 'App\\Models\\User', 413),
	(9, 'App\\Models\\User', 414),
	(9, 'App\\Models\\User', 415),
	(9, 'App\\Models\\User', 416),
	(9, 'App\\Models\\User', 417),
	(9, 'App\\Models\\User', 418),
	(9, 'App\\Models\\User', 419),
	(9, 'App\\Models\\User', 420),
	(9, 'App\\Models\\User', 421),
	(9, 'App\\Models\\User', 422),
	(9, 'App\\Models\\User', 423),
	(9, 'App\\Models\\User', 424),
	(9, 'App\\Models\\User', 425),
	(9, 'App\\Models\\User', 426),
	(9, 'App\\Models\\User', 427),
	(9, 'App\\Models\\User', 428),
	(9, 'App\\Models\\User', 429),
	(9, 'App\\Models\\User', 430),
	(8, 'App\\Models\\User', 431),
	(9, 'App\\Models\\User', 432),
	(9, 'App\\Models\\User', 433),
	(9, 'App\\Models\\User', 434),
	(9, 'App\\Models\\User', 435),
	(9, 'App\\Models\\User', 436),
	(9, 'App\\Models\\User', 437),
	(9, 'App\\Models\\User', 438),
	(9, 'App\\Models\\User', 440),
	(9, 'App\\Models\\User', 441),
	(9, 'App\\Models\\User', 442),
	(9, 'App\\Models\\User', 443),
	(9, 'App\\Models\\User', 444),
	(9, 'App\\Models\\User', 445),
	(9, 'App\\Models\\User', 446),
	(9, 'App\\Models\\User', 447),
	(9, 'App\\Models\\User', 448),
	(9, 'App\\Models\\User', 449),
	(9, 'App\\Models\\User', 450),
	(9, 'App\\Models\\User', 451),
	(9, 'App\\Models\\User', 452),
	(9, 'App\\Models\\User', 453),
	(9, 'App\\Models\\User', 454),
	(9, 'App\\Models\\User', 455),
	(9, 'App\\Models\\User', 456),
	(9, 'App\\Models\\User', 457),
	(9, 'App\\Models\\User', 458),
	(9, 'App\\Models\\User', 459),
	(9, 'App\\Models\\User', 460),
	(9, 'App\\Models\\User', 461),
	(9, 'App\\Models\\User', 462),
	(9, 'App\\Models\\User', 463),
	(9, 'App\\Models\\User', 464),
	(9, 'App\\Models\\User', 465),
	(9, 'App\\Models\\User', 466),
	(9, 'App\\Models\\User', 467),
	(9, 'App\\Models\\User', 468),
	(9, 'App\\Models\\User', 469),
	(9, 'App\\Models\\User', 470),
	(9, 'App\\Models\\User', 471),
	(9, 'App\\Models\\User', 472),
	(9, 'App\\Models\\User', 473),
	(9, 'App\\Models\\User', 474),
	(9, 'App\\Models\\User', 475),
	(9, 'App\\Models\\User', 476),
	(9, 'App\\Models\\User', 477),
	(9, 'App\\Models\\User', 478),
	(9, 'App\\Models\\User', 479),
	(9, 'App\\Models\\User', 480),
	(9, 'App\\Models\\User', 481),
	(9, 'App\\Models\\User', 483),
	(9, 'App\\Models\\User', 484),
	(9, 'App\\Models\\User', 485),
	(9, 'App\\Models\\User', 486),
	(9, 'App\\Models\\User', 487),
	(9, 'App\\Models\\User', 488),
	(9, 'App\\Models\\User', 489),
	(9, 'App\\Models\\User', 490),
	(9, 'App\\Models\\User', 491),
	(9, 'App\\Models\\User', 492),
	(9, 'App\\Models\\User', 493),
	(9, 'App\\Models\\User', 494),
	(9, 'App\\Models\\User', 495),
	(9, 'App\\Models\\User', 496),
	(9, 'App\\Models\\User', 497),
	(9, 'App\\Models\\User', 498),
	(9, 'App\\Models\\User', 499),
	(9, 'App\\Models\\User', 500),
	(9, 'App\\Models\\User', 501),
	(9, 'App\\Models\\User', 502),
	(9, 'App\\Models\\User', 503),
	(9, 'App\\Models\\User', 504),
	(9, 'App\\Models\\User', 505),
	(9, 'App\\Models\\User', 506),
	(9, 'App\\Models\\User', 507),
	(9, 'App\\Models\\User', 508),
	(9, 'App\\Models\\User', 509),
	(9, 'App\\Models\\User', 510),
	(9, 'App\\Models\\User', 511),
	(9, 'App\\Models\\User', 512),
	(9, 'App\\Models\\User', 513),
	(9, 'App\\Models\\User', 514),
	(9, 'App\\Models\\User', 515),
	(9, 'App\\Models\\User', 516),
	(9, 'App\\Models\\User', 517),
	(9, 'App\\Models\\User', 518),
	(9, 'App\\Models\\User', 519),
	(9, 'App\\Models\\User', 520),
	(9, 'App\\Models\\User', 521),
	(9, 'App\\Models\\User', 522),
	(9, 'App\\Models\\User', 523),
	(9, 'App\\Models\\User', 524),
	(9, 'App\\Models\\User', 525),
	(9, 'App\\Models\\User', 526),
	(9, 'App\\Models\\User', 527),
	(9, 'App\\Models\\User', 528),
	(9, 'App\\Models\\User', 529),
	(9, 'App\\Models\\User', 530),
	(9, 'App\\Models\\User', 531),
	(9, 'App\\Models\\User', 532),
	(9, 'App\\Models\\User', 533),
	(9, 'App\\Models\\User', 534),
	(9, 'App\\Models\\User', 535),
	(9, 'App\\Models\\User', 536),
	(9, 'App\\Models\\User', 537),
	(9, 'App\\Models\\User', 538),
	(9, 'App\\Models\\User', 539),
	(9, 'App\\Models\\User', 540),
	(9, 'App\\Models\\User', 541),
	(9, 'App\\Models\\User', 542),
	(9, 'App\\Models\\User', 543),
	(9, 'App\\Models\\User', 544),
	(8, 'App\\Models\\User', 545),
	(9, 'App\\Models\\User', 546),
	(9, 'App\\Models\\User', 547),
	(9, 'App\\Models\\User', 548),
	(9, 'App\\Models\\User', 549),
	(9, 'App\\Models\\User', 550),
	(9, 'App\\Models\\User', 551),
	(9, 'App\\Models\\User', 552),
	(9, 'App\\Models\\User', 553),
	(9, 'App\\Models\\User', 554),
	(9, 'App\\Models\\User', 555),
	(9, 'App\\Models\\User', 556),
	(9, 'App\\Models\\User', 557),
	(9, 'App\\Models\\User', 558),
	(9, 'App\\Models\\User', 559),
	(9, 'App\\Models\\User', 560),
	(9, 'App\\Models\\User', 561),
	(9, 'App\\Models\\User', 562),
	(9, 'App\\Models\\User', 563),
	(8, 'App\\Models\\User', 564),
	(9, 'App\\Models\\User', 565),
	(9, 'App\\Models\\User', 566),
	(9, 'App\\Models\\User', 567),
	(9, 'App\\Models\\User', 568),
	(9, 'App\\Models\\User', 569),
	(9, 'App\\Models\\User', 570),
	(9, 'App\\Models\\User', 571),
	(9, 'App\\Models\\User', 572),
	(9, 'App\\Models\\User', 573),
	(9, 'App\\Models\\User', 574),
	(9, 'App\\Models\\User', 575),
	(9, 'App\\Models\\User', 576),
	(9, 'App\\Models\\User', 577),
	(9, 'App\\Models\\User', 578),
	(9, 'App\\Models\\User', 579),
	(9, 'App\\Models\\User', 580),
	(9, 'App\\Models\\User', 581),
	(9, 'App\\Models\\User', 582),
	(9, 'App\\Models\\User', 583),
	(9, 'App\\Models\\User', 584),
	(9, 'App\\Models\\User', 585),
	(9, 'App\\Models\\User', 586),
	(9, 'App\\Models\\User', 587),
	(9, 'App\\Models\\User', 588),
	(9, 'App\\Models\\User', 589),
	(9, 'App\\Models\\User', 590),
	(9, 'App\\Models\\User', 591),
	(9, 'App\\Models\\User', 592),
	(9, 'App\\Models\\User', 593),
	(9, 'App\\Models\\User', 594),
	(9, 'App\\Models\\User', 595),
	(9, 'App\\Models\\User', 596),
	(9, 'App\\Models\\User', 597),
	(9, 'App\\Models\\User', 598),
	(9, 'App\\Models\\User', 599),
	(9, 'App\\Models\\User', 600),
	(9, 'App\\Models\\User', 601),
	(9, 'App\\Models\\User', 602),
	(9, 'App\\Models\\User', 603),
	(9, 'App\\Models\\User', 604),
	(9, 'App\\Models\\User', 605),
	(9, 'App\\Models\\User', 606),
	(8, 'App\\Models\\User', 607),
	(9, 'App\\Models\\User', 608),
	(9, 'App\\Models\\User', 609),
	(9, 'App\\Models\\User', 610),
	(9, 'App\\Models\\User', 611),
	(9, 'App\\Models\\User', 612),
	(9, 'App\\Models\\User', 613),
	(9, 'App\\Models\\User', 614),
	(9, 'App\\Models\\User', 615),
	(9, 'App\\Models\\User', 616),
	(9, 'App\\Models\\User', 617),
	(9, 'App\\Models\\User', 618),
	(9, 'App\\Models\\User', 619),
	(9, 'App\\Models\\User', 620),
	(9, 'App\\Models\\User', 621),
	(9, 'App\\Models\\User', 622),
	(9, 'App\\Models\\User', 623),
	(9, 'App\\Models\\User', 624),
	(9, 'App\\Models\\User', 625),
	(9, 'App\\Models\\User', 626),
	(9, 'App\\Models\\User', 627),
	(9, 'App\\Models\\User', 628),
	(9, 'App\\Models\\User', 629),
	(9, 'App\\Models\\User', 630),
	(9, 'App\\Models\\User', 631),
	(9, 'App\\Models\\User', 632),
	(9, 'App\\Models\\User', 633),
	(9, 'App\\Models\\User', 634),
	(9, 'App\\Models\\User', 635),
	(9, 'App\\Models\\User', 636),
	(9, 'App\\Models\\User', 637),
	(9, 'App\\Models\\User', 638),
	(9, 'App\\Models\\User', 639),
	(9, 'App\\Models\\User', 640),
	(9, 'App\\Models\\User', 641),
	(9, 'App\\Models\\User', 642),
	(9, 'App\\Models\\User', 643),
	(9, 'App\\Models\\User', 644),
	(9, 'App\\Models\\User', 645),
	(9, 'App\\Models\\User', 646),
	(9, 'App\\Models\\User', 647),
	(9, 'App\\Models\\User', 648),
	(9, 'App\\Models\\User', 649),
	(9, 'App\\Models\\User', 650),
	(9, 'App\\Models\\User', 651),
	(9, 'App\\Models\\User', 652),
	(9, 'App\\Models\\User', 653),
	(8, 'App\\Models\\User', 654),
	(9, 'App\\Models\\User', 655),
	(9, 'App\\Models\\User', 656),
	(9, 'App\\Models\\User', 657),
	(9, 'App\\Models\\User', 658),
	(9, 'App\\Models\\User', 659),
	(9, 'App\\Models\\User', 660),
	(9, 'App\\Models\\User', 661),
	(9, 'App\\Models\\User', 662),
	(9, 'App\\Models\\User', 663),
	(9, 'App\\Models\\User', 664),
	(9, 'App\\Models\\User', 665),
	(9, 'App\\Models\\User', 666),
	(9, 'App\\Models\\User', 667),
	(9, 'App\\Models\\User', 668),
	(9, 'App\\Models\\User', 669),
	(9, 'App\\Models\\User', 670),
	(9, 'App\\Models\\User', 671),
	(9, 'App\\Models\\User', 672),
	(9, 'App\\Models\\User', 673),
	(9, 'App\\Models\\User', 674),
	(9, 'App\\Models\\User', 675),
	(9, 'App\\Models\\User', 676),
	(9, 'App\\Models\\User', 677),
	(9, 'App\\Models\\User', 678),
	(9, 'App\\Models\\User', 679),
	(9, 'App\\Models\\User', 680),
	(9, 'App\\Models\\User', 681),
	(9, 'App\\Models\\User', 682),
	(9, 'App\\Models\\User', 683),
	(9, 'App\\Models\\User', 684),
	(9, 'App\\Models\\User', 685),
	(8, 'App\\Models\\User', 686),
	(9, 'App\\Models\\User', 687),
	(9, 'App\\Models\\User', 688),
	(9, 'App\\Models\\User', 689),
	(9, 'App\\Models\\User', 690),
	(9, 'App\\Models\\User', 691),
	(9, 'App\\Models\\User', 692),
	(9, 'App\\Models\\User', 693),
	(9, 'App\\Models\\User', 694),
	(9, 'App\\Models\\User', 695),
	(9, 'App\\Models\\User', 696),
	(9, 'App\\Models\\User', 697),
	(9, 'App\\Models\\User', 698),
	(9, 'App\\Models\\User', 699),
	(9, 'App\\Models\\User', 700),
	(9, 'App\\Models\\User', 701),
	(9, 'App\\Models\\User', 702),
	(9, 'App\\Models\\User', 703),
	(9, 'App\\Models\\User', 704),
	(9, 'App\\Models\\User', 705),
	(9, 'App\\Models\\User', 706),
	(9, 'App\\Models\\User', 707),
	(9, 'App\\Models\\User', 708),
	(9, 'App\\Models\\User', 709),
	(9, 'App\\Models\\User', 710),
	(9, 'App\\Models\\User', 711),
	(9, 'App\\Models\\User', 712),
	(9, 'App\\Models\\User', 713),
	(9, 'App\\Models\\User', 714),
	(9, 'App\\Models\\User', 715),
	(9, 'App\\Models\\User', 716),
	(9, 'App\\Models\\User', 717),
	(9, 'App\\Models\\User', 718),
	(9, 'App\\Models\\User', 719),
	(9, 'App\\Models\\User', 720),
	(9, 'App\\Models\\User', 721),
	(9, 'App\\Models\\User', 722),
	(9, 'App\\Models\\User', 723),
	(9, 'App\\Models\\User', 724),
	(9, 'App\\Models\\User', 725),
	(9, 'App\\Models\\User', 726),
	(9, 'App\\Models\\User', 727),
	(9, 'App\\Models\\User', 728),
	(9, 'App\\Models\\User', 729),
	(9, 'App\\Models\\User', 730),
	(9, 'App\\Models\\User', 732),
	(9, 'App\\Models\\User', 733),
	(9, 'App\\Models\\User', 734),
	(9, 'App\\Models\\User', 735),
	(9, 'App\\Models\\User', 736),
	(9, 'App\\Models\\User', 737),
	(9, 'App\\Models\\User', 738),
	(9, 'App\\Models\\User', 739),
	(9, 'App\\Models\\User', 740),
	(9, 'App\\Models\\User', 741),
	(9, 'App\\Models\\User', 742),
	(9, 'App\\Models\\User', 743),
	(9, 'App\\Models\\User', 744),
	(9, 'App\\Models\\User', 745),
	(9, 'App\\Models\\User', 746),
	(9, 'App\\Models\\User', 747),
	(9, 'App\\Models\\User', 748),
	(9, 'App\\Models\\User', 749),
	(9, 'App\\Models\\User', 750),
	(9, 'App\\Models\\User', 751),
	(9, 'App\\Models\\User', 752),
	(9, 'App\\Models\\User', 753),
	(9, 'App\\Models\\User', 754),
	(9, 'App\\Models\\User', 755),
	(9, 'App\\Models\\User', 756),
	(9, 'App\\Models\\User', 757),
	(9, 'App\\Models\\User', 758),
	(9, 'App\\Models\\User', 759),
	(9, 'App\\Models\\User', 760),
	(9, 'App\\Models\\User', 761),
	(9, 'App\\Models\\User', 762),
	(9, 'App\\Models\\User', 763),
	(9, 'App\\Models\\User', 764),
	(9, 'App\\Models\\User', 765),
	(9, 'App\\Models\\User', 766),
	(9, 'App\\Models\\User', 767),
	(9, 'App\\Models\\User', 768),
	(9, 'App\\Models\\User', 769),
	(9, 'App\\Models\\User', 771),
	(9, 'App\\Models\\User', 772),
	(9, 'App\\Models\\User', 773),
	(9, 'App\\Models\\User', 774),
	(9, 'App\\Models\\User', 775),
	(9, 'App\\Models\\User', 776),
	(9, 'App\\Models\\User', 777),
	(9, 'App\\Models\\User', 778),
	(9, 'App\\Models\\User', 779),
	(9, 'App\\Models\\User', 780),
	(9, 'App\\Models\\User', 781),
	(9, 'App\\Models\\User', 782),
	(9, 'App\\Models\\User', 783),
	(9, 'App\\Models\\User', 784),
	(9, 'App\\Models\\User', 785),
	(9, 'App\\Models\\User', 786),
	(9, 'App\\Models\\User', 787),
	(8, 'App\\Models\\User', 788),
	(9, 'App\\Models\\User', 789),
	(9, 'App\\Models\\User', 790),
	(9, 'App\\Models\\User', 791),
	(9, 'App\\Models\\User', 792),
	(9, 'App\\Models\\User', 793),
	(9, 'App\\Models\\User', 794),
	(9, 'App\\Models\\User', 795),
	(9, 'App\\Models\\User', 796),
	(9, 'App\\Models\\User', 797),
	(9, 'App\\Models\\User', 798),
	(9, 'App\\Models\\User', 799),
	(9, 'App\\Models\\User', 800),
	(9, 'App\\Models\\User', 801),
	(9, 'App\\Models\\User', 802),
	(9, 'App\\Models\\User', 804),
	(9, 'App\\Models\\User', 805),
	(9, 'App\\Models\\User', 806),
	(9, 'App\\Models\\User', 807),
	(9, 'App\\Models\\User', 808),
	(9, 'App\\Models\\User', 809),
	(9, 'App\\Models\\User', 810),
	(9, 'App\\Models\\User', 811),
	(9, 'App\\Models\\User', 812),
	(9, 'App\\Models\\User', 813),
	(9, 'App\\Models\\User', 814),
	(9, 'App\\Models\\User', 815),
	(9, 'App\\Models\\User', 816),
	(9, 'App\\Models\\User', 817),
	(9, 'App\\Models\\User', 818),
	(9, 'App\\Models\\User', 819),
	(9, 'App\\Models\\User', 820),
	(9, 'App\\Models\\User', 821),
	(9, 'App\\Models\\User', 822),
	(9, 'App\\Models\\User', 823),
	(8, 'App\\Models\\User', 825),
	(9, 'App\\Models\\User', 826),
	(9, 'App\\Models\\User', 827),
	(9, 'App\\Models\\User', 828),
	(9, 'App\\Models\\User', 829),
	(9, 'App\\Models\\User', 830),
	(9, 'App\\Models\\User', 831),
	(9, 'App\\Models\\User', 832),
	(9, 'App\\Models\\User', 833),
	(9, 'App\\Models\\User', 834),
	(9, 'App\\Models\\User', 835),
	(9, 'App\\Models\\User', 836),
	(9, 'App\\Models\\User', 837),
	(9, 'App\\Models\\User', 838),
	(9, 'App\\Models\\User', 839),
	(9, 'App\\Models\\User', 840),
	(9, 'App\\Models\\User', 841),
	(9, 'App\\Models\\User', 842),
	(9, 'App\\Models\\User', 843),
	(9, 'App\\Models\\User', 844),
	(9, 'App\\Models\\User', 845),
	(9, 'App\\Models\\User', 846),
	(9, 'App\\Models\\User', 847),
	(9, 'App\\Models\\User', 848),
	(9, 'App\\Models\\User', 849),
	(9, 'App\\Models\\User', 850),
	(9, 'App\\Models\\User', 852),
	(9, 'App\\Models\\User', 853),
	(9, 'App\\Models\\User', 854),
	(9, 'App\\Models\\User', 855),
	(9, 'App\\Models\\User', 856),
	(9, 'App\\Models\\User', 857),
	(9, 'App\\Models\\User', 858),
	(9, 'App\\Models\\User', 859),
	(9, 'App\\Models\\User', 860),
	(9, 'App\\Models\\User', 861),
	(9, 'App\\Models\\User', 862),
	(9, 'App\\Models\\User', 863),
	(9, 'App\\Models\\User', 864),
	(9, 'App\\Models\\User', 865),
	(9, 'App\\Models\\User', 866),
	(8, 'App\\Models\\User', 867),
	(9, 'App\\Models\\User', 868),
	(9, 'App\\Models\\User', 869),
	(9, 'App\\Models\\User', 870),
	(9, 'App\\Models\\User', 871),
	(9, 'App\\Models\\User', 872),
	(9, 'App\\Models\\User', 873),
	(9, 'App\\Models\\User', 874),
	(9, 'App\\Models\\User', 875),
	(9, 'App\\Models\\User', 876),
	(9, 'App\\Models\\User', 877),
	(9, 'App\\Models\\User', 878),
	(9, 'App\\Models\\User', 879),
	(9, 'App\\Models\\User', 880),
	(9, 'App\\Models\\User', 881),
	(9, 'App\\Models\\User', 882),
	(9, 'App\\Models\\User', 883),
	(9, 'App\\Models\\User', 884),
	(9, 'App\\Models\\User', 885),
	(9, 'App\\Models\\User', 886),
	(9, 'App\\Models\\User', 887),
	(9, 'App\\Models\\User', 888),
	(9, 'App\\Models\\User', 889),
	(9, 'App\\Models\\User', 890),
	(9, 'App\\Models\\User', 891),
	(9, 'App\\Models\\User', 893),
	(9, 'App\\Models\\User', 894),
	(9, 'App\\Models\\User', 895),
	(9, 'App\\Models\\User', 896),
	(9, 'App\\Models\\User', 897),
	(9, 'App\\Models\\User', 898),
	(9, 'App\\Models\\User', 899),
	(9, 'App\\Models\\User', 900),
	(9, 'App\\Models\\User', 901),
	(9, 'App\\Models\\User', 902),
	(9, 'App\\Models\\User', 903),
	(9, 'App\\Models\\User', 904),
	(9, 'App\\Models\\User', 905),
	(9, 'App\\Models\\User', 906),
	(9, 'App\\Models\\User', 907),
	(9, 'App\\Models\\User', 908),
	(9, 'App\\Models\\User', 909),
	(9, 'App\\Models\\User', 910),
	(9, 'App\\Models\\User', 911),
	(9, 'App\\Models\\User', 912),
	(9, 'App\\Models\\User', 913),
	(9, 'App\\Models\\User', 914),
	(9, 'App\\Models\\User', 915),
	(9, 'App\\Models\\User', 916),
	(9, 'App\\Models\\User', 917),
	(9, 'App\\Models\\User', 918),
	(9, 'App\\Models\\User', 919),
	(9, 'App\\Models\\User', 920),
	(9, 'App\\Models\\User', 921),
	(9, 'App\\Models\\User', 922),
	(9, 'App\\Models\\User', 923),
	(9, 'App\\Models\\User', 924),
	(9, 'App\\Models\\User', 925),
	(9, 'App\\Models\\User', 926),
	(9, 'App\\Models\\User', 927),
	(9, 'App\\Models\\User', 928),
	(9, 'App\\Models\\User', 929),
	(9, 'App\\Models\\User', 930),
	(9, 'App\\Models\\User', 931),
	(9, 'App\\Models\\User', 932),
	(9, 'App\\Models\\User', 933),
	(9, 'App\\Models\\User', 934),
	(9, 'App\\Models\\User', 935),
	(9, 'App\\Models\\User', 936),
	(9, 'App\\Models\\User', 937),
	(9, 'App\\Models\\User', 938),
	(9, 'App\\Models\\User', 939),
	(9, 'App\\Models\\User', 940),
	(9, 'App\\Models\\User', 941),
	(9, 'App\\Models\\User', 942),
	(9, 'App\\Models\\User', 943),
	(9, 'App\\Models\\User', 944),
	(9, 'App\\Models\\User', 945),
	(9, 'App\\Models\\User', 946),
	(9, 'App\\Models\\User', 947),
	(9, 'App\\Models\\User', 948),
	(9, 'App\\Models\\User', 949),
	(9, 'App\\Models\\User', 950),
	(9, 'App\\Models\\User', 951),
	(9, 'App\\Models\\User', 952),
	(9, 'App\\Models\\User', 953),
	(9, 'App\\Models\\User', 954),
	(9, 'App\\Models\\User', 955),
	(9, 'App\\Models\\User', 956),
	(9, 'App\\Models\\User', 957),
	(9, 'App\\Models\\User', 959),
	(9, 'App\\Models\\User', 960),
	(9, 'App\\Models\\User', 961),
	(9, 'App\\Models\\User', 962),
	(9, 'App\\Models\\User', 963),
	(9, 'App\\Models\\User', 964),
	(9, 'App\\Models\\User', 965),
	(9, 'App\\Models\\User', 966),
	(9, 'App\\Models\\User', 967),
	(9, 'App\\Models\\User', 968),
	(9, 'App\\Models\\User', 969),
	(9, 'App\\Models\\User', 970),
	(9, 'App\\Models\\User', 971),
	(9, 'App\\Models\\User', 972),
	(9, 'App\\Models\\User', 973),
	(9, 'App\\Models\\User', 974),
	(9, 'App\\Models\\User', 975),
	(9, 'App\\Models\\User', 976),
	(9, 'App\\Models\\User', 977),
	(9, 'App\\Models\\User', 978),
	(9, 'App\\Models\\User', 979),
	(9, 'App\\Models\\User', 980),
	(8, 'App\\Models\\User', 981),
	(9, 'App\\Models\\User', 982),
	(9, 'App\\Models\\User', 983),
	(9, 'App\\Models\\User', 984),
	(9, 'App\\Models\\User', 985),
	(9, 'App\\Models\\User', 986),
	(9, 'App\\Models\\User', 987),
	(9, 'App\\Models\\User', 988),
	(9, 'App\\Models\\User', 989),
	(9, 'App\\Models\\User', 990),
	(9, 'App\\Models\\User', 991),
	(9, 'App\\Models\\User', 992),
	(9, 'App\\Models\\User', 993),
	(9, 'App\\Models\\User', 994),
	(9, 'App\\Models\\User', 996),
	(9, 'App\\Models\\User', 997),
	(9, 'App\\Models\\User', 998),
	(9, 'App\\Models\\User', 999),
	(9, 'App\\Models\\User', 1000),
	(9, 'App\\Models\\User', 1001),
	(9, 'App\\Models\\User', 1002),
	(9, 'App\\Models\\User', 1003),
	(9, 'App\\Models\\User', 1004),
	(9, 'App\\Models\\User', 1005),
	(9, 'App\\Models\\User', 1006),
	(9, 'App\\Models\\User', 1007),
	(9, 'App\\Models\\User', 1008),
	(9, 'App\\Models\\User', 1009),
	(9, 'App\\Models\\User', 1010),
	(9, 'App\\Models\\User', 1011),
	(9, 'App\\Models\\User', 1012),
	(9, 'App\\Models\\User', 1013),
	(9, 'App\\Models\\User', 1014),
	(9, 'App\\Models\\User', 1015),
	(9, 'App\\Models\\User', 1016),
	(9, 'App\\Models\\User', 1017),
	(9, 'App\\Models\\User', 1018),
	(9, 'App\\Models\\User', 1020),
	(9, 'App\\Models\\User', 1021),
	(9, 'App\\Models\\User', 1022),
	(9, 'App\\Models\\User', 1023),
	(9, 'App\\Models\\User', 1024),
	(9, 'App\\Models\\User', 1025),
	(9, 'App\\Models\\User', 1026),
	(9, 'App\\Models\\User', 1027),
	(9, 'App\\Models\\User', 1028),
	(9, 'App\\Models\\User', 1029),
	(9, 'App\\Models\\User', 1030),
	(9, 'App\\Models\\User', 1031),
	(9, 'App\\Models\\User', 1032),
	(9, 'App\\Models\\User', 1033),
	(9, 'App\\Models\\User', 1034),
	(9, 'App\\Models\\User', 1035),
	(9, 'App\\Models\\User', 1036),
	(9, 'App\\Models\\User', 1037),
	(9, 'App\\Models\\User', 1038),
	(9, 'App\\Models\\User', 1039),
	(9, 'App\\Models\\User', 1040),
	(9, 'App\\Models\\User', 1041),
	(9, 'App\\Models\\User', 1042),
	(9, 'App\\Models\\User', 1043),
	(9, 'App\\Models\\User', 1044),
	(9, 'App\\Models\\User', 1045),
	(9, 'App\\Models\\User', 1046),
	(9, 'App\\Models\\User', 1047),
	(9, 'App\\Models\\User', 1048),
	(9, 'App\\Models\\User', 1049),
	(9, 'App\\Models\\User', 1050),
	(9, 'App\\Models\\User', 1051),
	(9, 'App\\Models\\User', 1052),
	(9, 'App\\Models\\User', 1053),
	(9, 'App\\Models\\User', 1054),
	(9, 'App\\Models\\User', 1055),
	(9, 'App\\Models\\User', 1056),
	(9, 'App\\Models\\User', 1057),
	(9, 'App\\Models\\User', 1058),
	(9, 'App\\Models\\User', 1059),
	(9, 'App\\Models\\User', 1060),
	(9, 'App\\Models\\User', 1061),
	(9, 'App\\Models\\User', 1062),
	(9, 'App\\Models\\User', 1063),
	(9, 'App\\Models\\User', 1064),
	(9, 'App\\Models\\User', 1065),
	(9, 'App\\Models\\User', 1066),
	(9, 'App\\Models\\User', 1067),
	(9, 'App\\Models\\User', 1068),
	(9, 'App\\Models\\User', 1069),
	(9, 'App\\Models\\User', 1070),
	(9, 'App\\Models\\User', 1071),
	(9, 'App\\Models\\User', 1072),
	(9, 'App\\Models\\User', 1073),
	(9, 'App\\Models\\User', 1074),
	(9, 'App\\Models\\User', 1075),
	(9, 'App\\Models\\User', 1076),
	(9, 'App\\Models\\User', 1077),
	(9, 'App\\Models\\User', 1078),
	(9, 'App\\Models\\User', 1079),
	(9, 'App\\Models\\User', 1080),
	(9, 'App\\Models\\User', 1081),
	(9, 'App\\Models\\User', 1082),
	(9, 'App\\Models\\User', 1083),
	(9, 'App\\Models\\User', 1084),
	(9, 'App\\Models\\User', 1085),
	(9, 'App\\Models\\User', 1086),
	(9, 'App\\Models\\User', 1087),
	(9, 'App\\Models\\User', 1088),
	(1, 'App\\Models\\User', 9002),
	(4, 'App\\Models\\User', 9010),
	(9, 'App\\Models\\User', 700002),
	(9, 'App\\Models\\User', 700003),
	(9, 'App\\Models\\User', 700004),
	(9, 'App\\Models\\User', 700005),
	(9, 'App\\Models\\User', 700006),
	(4, 'App\\Models\\User', 800002),
	(4, 'App\\Models\\User', 800004),
	(4, 'App\\Models\\User', 800009),
	(4, 'App\\Models\\User', 800011),
	(4, 'App\\Models\\User', 800014),
	(4, 'App\\Models\\User', 800017),
	(4, 'App\\Models\\User', 800018),
	(4, 'App\\Models\\User', 800019),
	(4, 'App\\Models\\User', 800020);

-- Volcando datos para la tabla mtiadmin_portal.opciones: ~82 rows (aproximadamente)
INSERT INTO `opciones` (`id`, `nombre`, `pasos`, `minutoPaso`, `valoru`, `created_at`, `updated_at`, `ind_activo`) VALUES
	(1, 'No definida', 0.00, '00:00:00', 0.00, '2025-04-26 09:48:12', '2025-04-26 09:48:12', 1),
	(2, 'Bandola Economica', 0.00, '00:00:00', 0.00, '2025-04-26 10:48:12', '2025-04-26 10:48:12', 1),
	(3, 'Bandola Fundicion (Perico) Niquel', 0.00, '00:00:00', 0.00, '2025-04-26 10:52:08', '2025-04-26 10:52:27', 1),
	(4, 'Bandola Fundicion (Perico) Negra', 0.00, '00:00:00', 0.00, '2025-04-26 10:53:00', '2025-04-26 10:53:00', 1),
	(5, 'Bandola Caiman Niquel', 0.00, '00:00:00', 0.00, '2025-04-26 10:53:23', '2025-04-26 10:53:23', 1),
	(6, 'Bandola Caiman Negra', 0.00, '00:00:00', 0.00, '2025-04-26 10:53:44', '2025-04-26 10:53:44', 1),
	(7, 'Argolla Llavero', 0.00, '00:00:00', 0.00, '2025-04-26 10:55:35', '2025-04-26 10:55:35', 1),
	(8, 'Cuerda USB', 0.00, '00:00:00', 0.00, '2025-04-26 10:56:55', '2025-04-26 10:56:55', 1),
	(9, 'Corredera Plastica', 0.00, '00:00:00', 0.00, '2025-04-26 10:58:21', '2025-04-26 10:58:21', 1),
	(10, 'Yoyo de Clip', 0.00, '00:00:00', 0.00, '2025-04-26 10:59:42', '2025-04-26 10:59:42', 1),
	(11, 'Destapador', 0.00, '00:00:00', 0.00, '2025-04-26 11:00:26', '2025-04-26 11:00:26', 1),
	(12, 'Bandola Plastica', 0.00, '00:00:00', 0.00, '2025-04-26 11:01:19', '2025-04-26 11:01:19', 1),
	(13, 'Una Tinta', 0.00, '00:00:00', 0.00, '2025-04-26 11:02:58', '2025-04-26 11:02:58', 1),
	(14, 'Dos Tintas', 0.00, '00:00:00', 0.00, '2025-04-26 11:03:16', '2025-04-26 11:03:16', 1),
	(15, 'Tres Tintas', 0.00, '00:00:00', 0.00, '2025-04-26 11:03:27', '2025-04-26 11:03:27', 1),
	(16, 'Cuatro Tintas', 0.00, '00:00:00', 0.00, '2025-04-26 11:03:39', '2025-04-26 11:03:39', 1),
	(17, 'Cinco Tintas', 0.00, '00:00:00', 0.00, '2025-04-26 11:03:49', '2025-04-26 11:03:49', 1),
	(18, 'Seis tintas', 0.00, '00:00:00', 0.00, '2025-04-26 11:04:08', '2025-04-26 11:04:08', 1),
	(19, 'Antiguo', 0.00, '00:00:00', 0.00, '2025-04-26 11:04:30', '2025-04-26 11:04:30', 1),
	(20, 'Brillante', 0.00, '00:00:00', 0.00, '2025-04-26 11:04:43', '2025-04-26 11:04:43', 1),
	(21, 'Satinado', 0.00, '00:00:00', 0.00, '2025-04-26 11:04:54', '2025-04-26 11:04:54', 1),
	(22, 'Costura', 0.00, '00:00:00', 0.00, '2025-04-26 11:07:55', '2025-04-26 11:08:42', 1),
	(23, 'Grapa', 0.00, '00:00:00', 0.00, '2025-04-26 11:08:27', '2025-04-26 11:08:27', 1),
	(24, 'Costura con Dobladillo', 0.00, '00:00:00', 0.00, '2025-04-26 11:10:03', '2025-04-26 11:10:03', 1),
	(25, 'Pique', 0.00, '00:00:00', 0.00, '2025-04-26 11:10:18', '2025-04-26 11:10:18', 1),
	(26, 'Satinada', 0.00, '00:00:00', 0.00, '2025-04-26 11:10:49', '2025-04-26 11:10:49', 1),
	(27, 'Calandrada', 0.00, '00:00:00', 0.00, '2025-04-26 11:11:00', '2025-04-26 11:11:00', 1),
	(28, 'Barrotada', 0.00, '00:00:00', 0.00, '2025-04-26 11:11:11', '2025-04-26 11:11:11', 1),
	(29, 'Popotillo Economico', 0.00, '00:00:00', 0.00, '2025-04-26 11:11:26', '2025-04-26 11:11:26', 1),
	(30, 'Mascota', 0.00, '00:00:00', 0.00, '2025-04-26 11:14:46', '2025-04-26 11:14:46', 1),
	(31, 'Liston Satin Delgado', 0.00, '00:00:00', 0.00, '2025-04-26 11:15:28', '2025-04-26 11:15:28', 1),
	(32, 'Negro', 0.00, '00:00:00', 0.00, '2025-04-26 11:29:09', '2025-04-26 11:29:09', 1),
	(33, 'Barril Negro', 0.00, '00:00:00', 0.00, '2025-04-26 11:30:57', '2025-04-26 11:30:57', 1),
	(34, 'Barril Blanco', 0.00, '00:00:00', 0.00, '2025-04-26 11:31:09', '2025-04-26 11:31:09', 1),
	(35, 'Remache Para Perforación', 0.00, '00:00:00', 0.00, '2025-04-26 11:32:58', '2025-04-26 11:32:58', 1),
	(36, 'Broche Rapido', 0.00, '00:00:00', 0.00, '2025-04-26 11:33:36', '2025-04-26 11:33:36', 1),
	(37, 'Hebilla Burbuja', 0.00, '00:00:00', 0.00, '2025-04-26 11:34:04', '2025-04-26 11:34:04', 1),
	(38, 'Yoyo de Ranura', 0.00, '00:00:00', 0.00, '2025-04-26 11:34:51', '2025-04-26 11:34:51', 1),
	(39, '2.5cm', 0.00, '00:00:00', 0.00, '2025-04-26 11:35:46', '2025-04-26 11:35:46', 1),
	(40, '3cm', 0.00, '00:00:00', 0.00, '2025-04-26 11:35:58', '2025-04-26 11:35:58', 1),
	(41, '3.5cm', 0.00, '00:00:00', 0.00, '2025-04-26 11:36:08', '2025-04-26 11:36:08', 1),
	(42, '4cm', 0.00, '00:00:00', 0.00, '2025-04-26 11:36:19', '2025-04-26 11:36:19', 1),
	(43, '4.5cm', 0.00, '00:00:00', 0.00, '2025-04-26 11:36:31', '2025-04-26 11:36:31', 1),
	(44, '5cm', 0.00, '00:00:00', 0.00, '2025-04-26 11:36:41', '2025-04-26 11:36:41', 1),
	(45, '6cm', 0.00, '00:00:00', 0.00, '2025-04-26 11:37:04', '2025-04-26 11:37:04', 1),
	(46, '7cm', 0.00, '00:00:00', 0.00, '2025-04-26 11:37:42', '2025-04-26 11:37:42', 1),
	(47, '8cm', 0.00, '00:00:00', 0.00, '2025-04-26 11:37:59', '2025-04-26 11:37:59', 1),
	(48, '9cm', 0.00, '00:00:00', 0.00, '2025-04-26 11:38:10', '2025-04-26 11:38:17', 1),
	(49, '10cm', 0.00, '00:00:00', 0.00, '2025-04-26 11:38:26', '2025-04-26 11:38:26', 1),
	(50, '12mm', 0.00, '00:00:00', 0.00, '2025-04-26 11:38:39', '2025-04-26 11:38:39', 1),
	(51, '14mm', 0.00, '00:00:00', 0.00, '2025-04-26 11:38:48', '2025-04-26 11:38:48', 1),
	(52, '16mm', 0.00, '00:00:00', 0.00, '2025-04-26 11:39:00', '2025-04-26 11:39:00', 1),
	(53, '20mm', 0.00, '00:00:00', 0.00, '2025-04-26 11:39:10', '2025-04-26 11:39:10', 1),
	(54, '25mm', 0.00, '00:00:00', 0.00, '2025-04-26 11:39:21', '2025-04-26 11:39:21', 1),
	(55, '30mm', 0.00, '00:00:00', 0.00, '2025-04-26 11:39:31', '2025-04-26 11:39:31', 1),
	(56, '38mm', 0.00, '00:00:00', 0.00, '2025-04-26 11:39:42', '2025-04-26 11:39:42', 1),
	(57, '40mm', 0.00, '00:00:00', 0.00, '2025-04-26 11:39:54', '2025-04-26 11:39:54', 1),
	(58, '50mm', 0.00, '00:00:00', 0.00, '2025-04-26 11:40:03', '2025-04-26 11:40:03', 1),
	(59, 'Tyvek', 0.00, '00:00:00', 0.00, '2025-04-26 11:41:04', '2025-04-26 11:41:04', 1),
	(60, 'Una Cara', 0.00, '00:00:00', 0.00, '2025-04-26 11:41:43', '2025-04-26 11:41:43', 1),
	(61, 'Dos Caras', 0.00, '00:00:00', 0.00, '2025-04-26 11:41:53', '2025-04-26 11:41:53', 1),
	(62, 'Crochet', 0.00, '00:00:00', 0.00, '2025-04-26 11:44:52', '2025-04-26 11:44:52', 1),
	(63, 'Telar', 0.00, '00:00:00', 0.00, '2025-04-26 11:45:02', '2025-04-26 11:45:02', 1),
	(64, 'Telar Spandex', 0.00, '00:00:00', 0.00, '2025-04-26 11:45:17', '2025-04-26 11:45:37', 1),
	(65, 'Jareta Simple', 0.00, '00:00:00', 0.00, '2025-04-26 11:56:05', '2025-04-26 11:56:05', 1),
	(66, 'Jareta doble', 0.00, '00:00:00', 0.00, '2025-04-26 11:56:22', '2025-04-26 11:56:22', 1),
	(67, 'Cortado', 0.00, '00:00:00', 0.00, '2025-04-26 12:08:57', '2025-04-26 12:08:57', 1),
	(68, 'PVC', 0.00, '00:00:00', 0.00, '2025-04-26 12:14:54', '2025-04-26 12:14:54', 1),
	(69, 'Credencial', 0.00, '00:00:00', 0.00, '2025-04-26 12:15:09', '2025-04-26 12:15:09', 1),
	(70, 'Portacredencial', 0.00, '00:00:00', 0.00, '2025-04-26 12:15:21', '2025-04-26 12:15:21', 1),
	(71, 'Continuo', 0.00, '00:00:00', 0.00, '2025-04-26 12:19:25', '2025-04-26 12:19:25', 1),
	(72, 'Costura en V con Argolla y Mosqueton', 0.00, '00:00:00', 0.00, '2025-04-26 12:26:18', '2025-04-26 12:26:18', 1),
	(73, 'Costura en V con Argolla ', 0.00, '00:00:00', 0.00, '2025-04-26 12:26:30', '2025-04-26 12:26:30', 1),
	(74, 'Costura en Medalla', 0.00, '00:00:00', 0.00, '2025-04-26 12:27:15', '2025-04-26 12:27:15', 1),
	(75, 'Rollo 50 Mts', 0.00, '00:00:00', 0.00, '2025-05-07 09:40:24', '2025-05-07 09:40:24', 1),
	(76, 'Sin Impresión', 0.00, '00:00:00', 0.00, '2025-05-07 09:42:38', '2025-05-07 09:42:38', 1),
	(77, 'Bombai', 0.00, '00:00:00', 0.00, '2025-05-07 09:43:52', '2025-05-07 09:43:52', 1),
	(78, 'Grecia', 0.00, '00:00:00', 0.00, '2025-05-07 09:44:02', '2025-05-07 09:44:02', 1),
	(79, 'Dallas', 0.00, '00:00:00', 0.00, '2025-05-07 09:44:14', '2025-05-07 09:44:14', 1),
	(80, 'Tacto Algodon', 0.00, '00:00:00', 0.00, '2025-05-07 09:44:25', '2025-05-07 09:44:25', 1),
	(81, 'Cuello Redondo', 0.00, '00:00:00', 0.00, '2025-05-07 09:52:36', '2025-05-07 09:52:36', 1),
	(82, 'Cuello V', 0.00, '00:00:00', 0.00, '2025-05-07 09:52:49', '2025-05-07 09:52:49', 1);

-- Volcando datos para la tabla mtiadmin_portal.paises: ~2 rows (aproximadamente)
INSERT INTO `paises` (`id`, `nombre`, `created_at`, `updated_at`) VALUES
	(1, 'México', '2025-06-10 09:24:27', '2025-06-10 09:24:27'),
	(2, 'Estados Unidos', '2025-06-10 09:24:27', '2025-06-10 09:24:27');

-- Volcando datos para la tabla mtiadmin_portal.permissions: ~81 rows (aproximadamente)
INSERT INTO `permissions` (`id`, `name`, `nombre`, `orden`, `permission_type_id`, `guard_name`, `created_at`, `updated_at`) VALUES
	(1, 'manage users', NULL, NULL, NULL, 'web', '2025-05-07 10:49:09', '2025-05-07 10:49:09'),
	(2, 'edit profile', NULL, NULL, NULL, 'web', '2025-05-07 10:49:09', '2025-05-07 10:49:09'),
	(3, 'view_users', NULL, NULL, NULL, 'web', '2025-05-07 10:49:20', '2025-05-07 10:49:20'),
	(4, 'edit_users', NULL, NULL, NULL, 'web', '2025-05-07 10:49:20', '2025-05-07 10:49:20'),
	(5, 'delete_users', NULL, NULL, NULL, 'web', '2025-05-07 10:49:20', '2025-05-07 10:49:20'),
	(6, 'create_users', NULL, NULL, NULL, 'web', '2025-05-07 10:49:20', '2025-05-07 10:49:20'),
	(7, 'manage_orders', NULL, NULL, NULL, 'web', '2025-05-07 10:49:20', '2025-05-07 10:49:20'),
	(8, 'view_reports', NULL, NULL, NULL, 'web', '2025-05-07 10:49:20', '2025-05-07 10:49:20'),
	(9, 'test', NULL, NULL, NULL, 'web', '2025-05-16 05:12:48', '2025-05-16 05:12:48'),
	(10, 'vistapreproyectosdashboard', NULL, NULL, NULL, 'web', '2025-05-16 10:17:36', '2025-05-16 10:17:36'),
	(11, 'vistaproyectosdashboard', NULL, NULL, NULL, 'web', '2025-05-16 10:17:53', '2025-05-16 10:17:53'),
	(12, 'vistapedidosdashboardcliente', NULL, NULL, NULL, 'web', '2025-05-16 10:18:24', '2025-05-16 10:18:24'),
	(13, 'dashboardclienteproyectos', NULL, NULL, NULL, 'web', '2025-05-16 10:21:01', '2025-05-16 10:21:01'),
	(14, 'dashboardclientepedidos', 'Ver Pedidos En dashboard ', NULL, NULL, 'web', '2025-05-16 10:23:43', '2025-11-04 23:18:35'),
	(15, 'dashboardclientepreproyectos', 'Ver Preproyectos en dashboard', 0, 1, 'web', '2025-05-16 10:24:20', '2025-11-04 23:17:16'),
	(16, 'asidedashboard', 'Ver Dashboard', 1, 1, 'web', '2025-05-16 11:30:28', '2025-11-03 19:11:01'),
	(17, 'asidepreproyectos', 'Ver Pre proyectos', 1, 1, 'web', '2025-05-16 11:31:06', '2025-11-03 19:10:30'),
	(18, 'asideproyectos', 'Ver Proyectos', 1, 2, 'web', '2025-05-16 11:32:14', '2025-10-31 23:11:40'),
	(19, 'asidediseniodesplegable', 'Ver Diseños', NULL, NULL, 'web', '2025-05-16 11:40:04', '2025-11-03 21:33:39'),
	(20, 'asideproducciondesplegable', 'Menu Principal  Producción ', 1, 1, 'web', '2025-05-16 11:43:38', '2025-11-03 19:06:58'),
	(21, 'asideusuariosdesplegable', 'Ver Usuarios', 1, 1, 'web', '2025-05-16 11:53:33', '2025-11-03 19:12:13'),
	(22, 'proyectopedidoscolumnafechaenbarque', 'Columna Fecha de embarque', 2, 1, 'web', '2025-05-20 07:03:51', '2025-11-04 17:02:28'),
	(23, 'proyectopedidoscolumnafechaEntrega', 'Columna Fecha de entrega', 2, 1, 'web', '2025-05-20 07:04:03', '2025-11-04 17:08:44'),
	(24, 'proyectopedidoscolumnafechaproduccion', 'Columna Fecha de Produccion', 2, 1, 'web', '2025-05-20 07:04:13', '2025-11-04 17:02:59'),
	(25, 'proyectopedidosEditarinputTipo', NULL, NULL, NULL, 'web', '2025-05-20 11:24:16', '2025-05-20 11:24:16'),
	(26, 'proyectopedidosEditarInputEstado', NULL, NULL, NULL, 'web', '2025-05-20 11:29:35', '2025-05-20 11:29:35'),
	(27, 'proyectopedidosEditarinputFechaproduccion', 'Editar Fecha de Producción ', 3, 1, 'web', '2025-05-20 11:58:26', '2025-11-04 17:04:27'),
	(28, 'proyectopedidosEditarinputFechaEmbarque', 'Editar fecha de embarque', 3, 1, 'web', '2025-05-20 11:58:43', '2025-11-04 17:03:50'),
	(29, 'proyectopedidosEditarinputFechaEntrega', 'Editar fecha de entrega', 3, 1, 'web', '2025-05-20 12:01:17', '2025-11-04 17:06:09'),
	(30, 'vistaproyectoSeccionPedidos', 'Ver seccion de pedidos/Muestras', 1, 1, 'web', '2025-05-21 07:03:03', '2025-11-04 00:21:34'),
	(31, 'Jefe Diseñador', NULL, NULL, NULL, 'web', '2025-05-21 11:13:34', '2025-05-21 11:13:34'),
	(32, 'asidediseniodesplegableTareas', 'Ver Tareas', 1, 1, 'web', '2025-05-21 12:09:50', '2025-11-03 21:32:08'),
	(33, 'asidediseniodesplegableAdminTareas', 'Ver Administración de tareas', 1, 1, 'web', '2025-05-21 12:11:14', '2025-11-03 19:33:16'),
	(34, 'ver-todos-los-preproyectos', NULL, NULL, NULL, 'web', '2025-05-23 06:40:41', '2025-05-23 06:40:41'),
	(35, 'tablaPreproyectos-ver-todos-los-preproyectos', NULL, NULL, NULL, 'web', '2025-05-23 06:45:24', '2025-05-23 06:45:24'),
	(36, 'tablaProyectos-ver-todos-los-proyectos', NULL, NULL, NULL, 'web', '2025-05-23 08:36:01', '2025-05-23 08:36:01'),
	(37, 'tablaPedidos-ver-todos-los-pedidos', NULL, NULL, NULL, 'web', '2025-05-23 10:04:57', '2025-05-23 10:04:57'),
	(38, 'ver-todas-notificaciones-del-sistema', NULL, NULL, NULL, 'web', '2025-05-23 10:15:13', '2025-05-23 10:15:13'),
	(39, 'proyectodiseñoAprobarDiseño', 'Boton Aprobar Diseño', 1, 1, 'web', '2025-06-13 10:20:54', '2025-11-04 00:36:45'),
	(40, 'proyectodiseñoRechazarDiseño', 'Botón Rechazar Diseño', 1, NULL, 'web', '2025-06-13 10:22:10', '2025-11-04 00:42:47'),
	(41, 'proyectodiseñoCrearMuestra', 'Boton Crear Muestra', 1, 3, 'web', '2025-06-13 10:22:25', '2025-11-04 00:43:26'),
	(42, 'proyectodiseñoSubirArchivoDiseño', 'Boton Cargar Archivo Diseño', NULL, NULL, 'web', '2025-06-13 10:46:27', '2025-11-04 00:42:15'),
	(43, ' proyectodiseñoSubirArte', 'Boton Cargar Arte', 1, 3, 'web', '2025-06-13 10:50:24', '2025-11-04 00:43:50'),
	(44, 'proyectodiseñopestañaTareasDelProyecto', 'Ver sección de tareas', 1, 1, 'web', '2025-06-20 03:26:52', '2025-11-04 00:19:25'),
	(45, 'dashboardjefediseñadorproyectos', NULL, NULL, NULL, 'web', '2025-06-24 08:17:07', '2025-06-24 08:17:07'),
	(46, 'tablaProyectos-ver-columna-pedidos', 'Ver Columna de  Pedidos', 1, 1, 'web', '2025-06-27 02:37:16', '2025-11-04 17:51:24'),
	(47, 'asideAprobacionesEspeciales', 'Ver Aprobaciones especiales ', 1, 1, 'web', '2025-08-19 05:59:05', '2025-11-03 19:10:03'),
	(48, 'asideAdministraciónMuestras', 'Ver Administracion de Muestras', 1, 2, 'web', '2025-08-19 05:59:14', '2025-11-03 22:43:38'),
	(49, 'asideAdministraciónPedidos', 'Ver Administración de Pedidos', NULL, 1, 'web', '2025-08-19 05:59:20', '2025-11-03 21:32:56'),
	(50, 'asideAdministraciónMuestrasTabPendiente', 'Ver tab Muestras Pendientes', 1, 1, 'web', '2025-08-19 23:26:24', '2025-11-03 19:35:27'),
	(51, 'asideAdministraciónMuestrasTabSoliocitada', 'Ver Tab Muestra Solicitadas', 1, 1, 'web', '2025-08-19 23:26:30', '2025-11-03 19:33:53'),
	(52, 'asideAdministraciónMuestrasTabMuestraLista', 'Ver Tab Muestra Lista', 1, 1, 'web', '2025-08-19 23:26:38', '2025-11-03 19:34:22'),
	(53, 'asideAdministraciónMuestrasTabEntregada', 'Ver Tab Muestra Entregada', 1, 1, 'web', '2025-08-19 23:26:45', '2025-11-03 19:35:03'),
	(54, 'asideAdministraciónMuestrasTabCancelada', 'Columna de muestras canceladas', 1, 1, 'web', '2025-08-19 23:26:51', '2025-11-03 19:08:11'),
	(55, 'Testb', 'test B', 1, 1, 'web', '2025-10-31 00:01:58', '2025-10-31 00:01:58'),
	(56, 'testVISTAF', 'testVISTAF', 1, 1, 'web', '2025-10-31 18:57:44', '2025-10-31 18:57:44'),
	(57, 'editar', 'Editar', 1, 1, 'web', '2025-10-31 19:00:19', '2025-10-31 19:00:19'),
	(58, 'Crear', 'Crear', 0, 3, 'web', '2025-10-31 19:17:47', '2025-10-31 19:17:47'),
	(59, 'Eliminar', 'Eliminar', 1, 3, 'web', '2025-10-31 19:18:27', '2025-10-31 19:18:27'),
	(60, 'Ver', 'Ver', 1, 3, 'web', '2025-10-31 19:22:36', '2025-10-31 19:22:36'),
	(61, 'asidedisenioAdministracion', 'Ver Administracion de Diseños', 1, 1, 'web', '2025-11-03 22:29:11', '2025-11-03 22:29:11'),
	(62, 'asidedisenioTareas', 'Ver Tareas de Diseño', 1, 1, 'web', '2025-11-03 22:32:13', '2025-11-03 22:32:13'),
	(63, 'asideAdministraciónReconfiguracion', 'Ver Administración Reconfiguración', 1, 1, 'web', '2025-11-03 22:47:58', '2025-11-03 22:47:58'),
	(64, 'asideEntrega', 'Ver Entregas', 1, 1, 'web', '2025-11-03 23:15:40', '2025-11-03 23:15:40'),
	(65, 'asideFacturacion', 'Ver Facturacion', 1, 1, 'web', '2025-11-03 23:17:23', '2025-11-03 23:17:23'),
	(66, 'notificaralclienteproyecto', 'Boton Notificar Estatus', 1, 3, 'web', '2025-11-04 00:32:42', '2025-11-04 00:32:42'),
	(67, 'proyectodiseñoconfirmarSolicitudReconfiguracion', 'Boton Solicitar Reconfiguracion', 1, 1, 'web', '2025-11-04 00:39:56', '2025-11-04 00:39:56'),
	(68, 'proyectodiseñoreconfigurarproyecto', 'Boton Reconfigurar Proyecto', 1, 1, 'web', '2025-11-04 00:41:11', '2025-11-04 00:41:11'),
	(69, 'dashboardDiseñosColumnaHistorial', 'Ver Columna De historial', 2, 1, 'web', '2025-11-04 17:45:32', '2025-11-04 17:45:32'),
	(70, 'dashboardDiseñosColumnaTareas', 'Ver columna de Tareas', 2, 1, 'web', '2025-11-04 17:46:17', '2025-11-04 17:46:17'),
	(71, 'dashboardDiseñosBotonAsignarTarea', 'Botón Asignar Tarea', 3, 3, 'web', '2025-11-04 17:47:25', '2025-11-04 17:47:25'),
	(72, 'tablaReconfigurarar-ver-todos-los-proyectos', 'Ver todos los proyectos', 1, 1, 'web', '2025-11-04 19:03:27', '2025-11-04 19:03:27'),
	(73, 'tablaReconfigurarar-ver-columna-pedidos', 'Ver columna pedidos', 1, 1, 'web', '2025-11-04 19:04:12', '2025-11-04 19:04:12'),
	(74, 'tablaReconfigurarar-columna-tareas', 'Ver columna Tareas', 1, 1, 'web', '2025-11-04 19:06:24', '2025-11-04 19:06:24'),
	(75, 'tablaReconfigurarar-columna-historial', 'Ver Columna Historial', 1, 1, 'web', '2025-11-04 19:06:56', '2025-11-04 19:06:56'),
	(76, 'admin-disenio-cambiar-estado-tarea', 'Admin Ver bonton cambio de estado ', 1, 3, 'web', '2025-11-04 21:13:20', '2025-11-04 21:13:20'),
	(77, 'edit-pre-project-fecha-produccion', 'Ver fecha de Produccion', 1, 1, 'web', '2025-11-05 17:39:53', '2025-11-05 17:39:53'),
	(78, 'edit-pre-project-fecha-embarque', 'Ver fecha de Embarque', 1, 1, 'web', '2025-11-05 17:40:41', '2025-11-05 17:40:41'),
	(79, 'edit-pre-project-fecha-entrega', 'Ver Fecha de Entrega', 1, 1, 'web', '2025-11-05 17:46:18', '2025-11-05 17:46:18'),
	(80, 'edit-pre-project--boton-guardar-cambios', 'Guardar Cambios', 1, 1, 'web', '2025-11-05 17:47:07', '2025-11-05 17:47:07'),
	(81, 'edit-pre-project--Pre-Aprobar-proyecto', 'Botón Aprobar Pre proyecto', 1, 3, 'web', '2025-11-05 17:47:59', '2025-11-05 17:47:59');

-- Volcando datos para la tabla mtiadmin_portal.productos: ~15 rows (aproximadamente)
INSERT INTO `productos` (`id`, `categoria_id`, `nombre`, `dias_produccion`, `flag_armado`, `created_at`, `updated_at`, `ind_activo`) VALUES
	(1, 11, 'Pulsera para Evento', 3, 1, '2025-04-26 12:10:48', '2025-04-26 12:11:01', 1),
	(2, 8, 'Cinta Para Medalla', 2, 1, '2025-04-26 12:31:34', '2025-04-26 12:35:55', 1),
	(3, 8, 'Cinta para Portagafete', 2, 0, '2025-04-26 12:35:30', '2025-05-07 10:06:12', 1),
	(4, 9, 'Portagafete Con Broche de Seguridad', 7, 0, '2025-05-07 10:10:23', '2025-05-07 10:18:27', 1),
	(5, 9, 'Portagafete Standard', 7, 0, '2025-05-07 10:11:37', '2025-05-07 10:18:19', 1),
	(6, 9, 'Portagafete Doble Bandola', 7, 0, '2025-05-07 10:12:50', '2025-05-07 10:18:34', 1),
	(7, 9, 'Portagafete Doble Bandola y Broche de Seguridad', 7, 0, '2025-05-07 10:13:28', '2025-05-07 10:18:40', 1),
	(8, 9, 'Portagafete con Broche Seguridad y Hebilla Frontal', 7, 0, '2025-05-07 10:19:47', '2025-05-07 10:19:47', 1),
	(9, 9, 'Portagafete con Yoyo', 7, 0, '2025-05-07 10:23:12', '2025-05-07 10:25:27', 1),
	(10, 9, 'Portagafete con Hebilla Frontal y Herraje Adicional', 7, 0, '2025-05-07 10:31:35', '2025-05-07 10:31:35', 1),
	(11, 9, 'Portagafete Standard con Herraje Adicional', 7, 0, '2025-05-07 10:35:35', '2025-05-07 10:37:09', 1),
	(12, 9, 'Portagafete con Hebilla Frontal Broche de Seguridad y  Herraje Adicional', 7, 0, '2025-05-07 10:37:03', '2025-05-07 10:37:03', 1),
	(13, 1, 'Playera Manga Corta', 12, 0, '2025-05-07 10:43:13', '2025-05-07 10:43:13', 1),
	(14, 9, 'Portagafete Doble Capa Broche de Seguridad y Herraje Extra', 10, 0, '2025-05-07 11:20:13', '2025-05-07 11:20:13', 1),
	(15, 9, 'Reconfigurar', 1, 1, '2025-10-10 00:14:15', '2025-10-10 00:14:15', 1);

-- Volcando datos para la tabla mtiadmin_portal.producto_caracteristica: ~88 rows (aproximadamente)
INSERT INTO `producto_caracteristica` (`id`, `producto_id`, `caracteristica_id`, `flag_armado`, `created_at`, `updated_at`) VALUES
	(9, 1, 2, 1, NULL, NULL),
	(10, 1, 3, 1, NULL, NULL),
	(11, 1, 5, 1, NULL, NULL),
	(12, 1, 10, 1, NULL, NULL),
	(13, 1, 2, 0, NULL, NULL),
	(14, 1, 3, 0, NULL, NULL),
	(15, 1, 5, 0, NULL, NULL),
	(16, 1, 11, 0, NULL, NULL),
	(25, 2, 2, 1, NULL, NULL),
	(26, 2, 3, 1, NULL, NULL),
	(27, 2, 5, 1, NULL, NULL),
	(28, 2, 20, 1, NULL, NULL),
	(29, 2, 2, 0, NULL, NULL),
	(30, 2, 3, 0, NULL, NULL),
	(31, 2, 5, 0, NULL, NULL),
	(32, 2, 19, 0, NULL, NULL),
	(33, 3, 2, 1, NULL, NULL),
	(34, 3, 3, 1, NULL, NULL),
	(35, 3, 5, 1, NULL, NULL),
	(36, 3, 19, 1, NULL, NULL),
	(37, 3, 2, 0, NULL, NULL),
	(38, 3, 3, 0, NULL, NULL),
	(39, 3, 5, 0, NULL, NULL),
	(40, 3, 19, 0, NULL, NULL),
	(63, 5, 2, 1, NULL, NULL),
	(64, 5, 3, 1, NULL, NULL),
	(65, 5, 5, 1, NULL, NULL),
	(66, 5, 9, 1, NULL, NULL),
	(67, 5, 11, 1, NULL, NULL),
	(68, 4, 2, 1, NULL, NULL),
	(69, 4, 3, 1, NULL, NULL),
	(70, 4, 5, 1, NULL, NULL),
	(71, 4, 8, 1, NULL, NULL),
	(72, 4, 9, 1, NULL, NULL),
	(73, 4, 11, 1, NULL, NULL),
	(74, 6, 2, 1, NULL, NULL),
	(75, 6, 3, 1, NULL, NULL),
	(76, 6, 5, 1, NULL, NULL),
	(77, 6, 11, 1, NULL, NULL),
	(78, 6, 13, 1, NULL, NULL),
	(79, 7, 2, 1, NULL, NULL),
	(80, 7, 3, 1, NULL, NULL),
	(81, 7, 5, 1, NULL, NULL),
	(82, 7, 8, 1, NULL, NULL),
	(83, 7, 11, 1, NULL, NULL),
	(84, 7, 13, 1, NULL, NULL),
	(85, 8, 2, 1, NULL, NULL),
	(86, 8, 3, 1, NULL, NULL),
	(87, 8, 5, 1, NULL, NULL),
	(88, 8, 7, 1, NULL, NULL),
	(89, 8, 8, 1, NULL, NULL),
	(90, 8, 9, 1, NULL, NULL),
	(91, 8, 11, 1, NULL, NULL),
	(97, 9, 2, 1, NULL, NULL),
	(98, 9, 3, 1, NULL, NULL),
	(99, 9, 11, 1, NULL, NULL),
	(100, 9, 22, 1, NULL, NULL),
	(101, 9, 23, 1, NULL, NULL),
	(102, 10, 2, 1, NULL, NULL),
	(103, 10, 3, 1, NULL, NULL),
	(104, 10, 5, 1, NULL, NULL),
	(105, 10, 7, 1, NULL, NULL),
	(106, 10, 9, 1, NULL, NULL),
	(107, 10, 11, 1, NULL, NULL),
	(108, 10, 14, 1, NULL, NULL),
	(121, 12, 2, 1, NULL, NULL),
	(122, 12, 3, 1, NULL, NULL),
	(123, 12, 5, 1, NULL, NULL),
	(124, 12, 7, 1, NULL, NULL),
	(125, 12, 8, 1, NULL, NULL),
	(126, 12, 11, 1, NULL, NULL),
	(127, 12, 14, 1, NULL, NULL),
	(128, 11, 2, 1, NULL, NULL),
	(129, 11, 3, 1, NULL, NULL),
	(130, 11, 5, 1, NULL, NULL),
	(131, 11, 9, 1, NULL, NULL),
	(132, 11, 11, 1, NULL, NULL),
	(133, 11, 14, 1, NULL, NULL),
	(134, 13, 1, 1, NULL, NULL),
	(135, 13, 21, 1, NULL, NULL),
	(136, 14, 3, 1, NULL, NULL),
	(137, 14, 8, 1, NULL, NULL),
	(138, 14, 9, 1, NULL, NULL),
	(139, 14, 14, 1, NULL, NULL),
	(140, 14, 24, 1, NULL, NULL),
	(141, 14, 25, 1, NULL, NULL),
	(142, 14, 26, 1, NULL, NULL),
	(143, 14, 27, 1, NULL, NULL);

-- Volcando datos para la tabla mtiadmin_portal.producto_grupo_talla: ~2 rows (aproximadamente)
INSERT INTO `producto_grupo_talla` (`id`, `producto_id`, `grupo_talla_id`, `created_at`, `updated_at`) VALUES
	(1, 13, 1, NULL, NULL),
	(2, 13, 2, NULL, NULL);

-- Volcando datos para la tabla mtiadmin_portal.roles: ~8 rows (aproximadamente)
INSERT INTO `roles` (`id`, `name`, `guard_name`, `created_at`, `updated_at`) VALUES
	(1, 'admin', 'web', '2025-06-10 05:36:06', '2025-06-10 05:36:06'),
	(3, 'proveedor', 'web', '2025-06-10 05:36:06', '2025-06-10 05:36:06'),
	(4, 'staff', 'web', '2025-06-10 05:36:06', '2025-11-03 18:59:40'),
	(5, 'diseñador', 'web', '2025-06-10 05:36:06', '2025-06-10 05:36:06'),
	(6, 'jefediseñador', 'web', '2025-06-10 05:36:06', '2025-06-10 05:36:06'),
	(7, 'operador', 'web', '2025-06-10 05:36:06', '2025-06-10 05:36:06'),
	(8, 'cliente_principal', 'web', '2025-06-10 05:36:06', '2025-06-10 05:36:06'),
	(9, 'cliente_subordinado', 'web', '2025-06-10 05:36:06', '2025-06-10 05:36:06');

-- Volcando datos para la tabla mtiadmin_portal.role_has_permissions: ~97 rows (aproximadamente)
INSERT INTO `role_has_permissions` (`permission_id`, `role_id`) VALUES
	(1, 1),
	(2, 1),
	(3, 1),
	(4, 1),
	(5, 1),
	(6, 1),
	(7, 1),
	(8, 1),
	(9, 1),
	(10, 1),
	(11, 1),
	(12, 1),
	(13, 1),
	(14, 1),
	(15, 1),
	(16, 1),
	(17, 1),
	(18, 1),
	(19, 1),
	(20, 1),
	(21, 1),
	(22, 1),
	(23, 1),
	(24, 1),
	(25, 1),
	(26, 1),
	(27, 1),
	(28, 1),
	(29, 1),
	(30, 1),
	(31, 1),
	(32, 1),
	(33, 1),
	(34, 1),
	(35, 1),
	(36, 1),
	(37, 1),
	(38, 1),
	(39, 1),
	(40, 1),
	(41, 1),
	(42, 1),
	(43, 1),
	(44, 1),
	(46, 1),
	(47, 1),
	(48, 1),
	(49, 1),
	(50, 1),
	(51, 1),
	(52, 1),
	(53, 1),
	(54, 1),
	(57, 1),
	(58, 1),
	(59, 1),
	(60, 1),
	(61, 1),
	(62, 1),
	(63, 1),
	(64, 1),
	(65, 1),
	(66, 1),
	(67, 1),
	(68, 1),
	(69, 1),
	(70, 1),
	(71, 1),
	(72, 1),
	(73, 1),
	(74, 1),
	(75, 1),
	(76, 1),
	(77, 1),
	(78, 1),
	(79, 1),
	(80, 1),
	(81, 1),
	(10, 4),
	(15, 4),
	(17, 4),
	(18, 4),
	(19, 4),
	(34, 4),
	(35, 4),
	(47, 4),
	(48, 4),
	(50, 4),
	(51, 4),
	(52, 4),
	(53, 4),
	(54, 4),
	(63, 4),
	(72, 4),
	(73, 4),
	(74, 4),
	(75, 4),
	(77, 4),
	(78, 4),
	(79, 4),
	(81, 4),
	(16, 5),
	(19, 5),
	(32, 5),
	(42, 5),
	(46, 5),
	(51, 5),
	(53, 5),
	(57, 5),
	(58, 5),
	(60, 5),
	(69, 5),
	(70, 5),
	(16, 6),
	(19, 6),
	(32, 6),
	(33, 6),
	(42, 6),
	(44, 6),
	(50, 6),
	(51, 6),
	(52, 6),
	(53, 6),
	(57, 6),
	(58, 6),
	(59, 6),
	(60, 6),
	(66, 6),
	(68, 6),
	(2, 7),
	(10, 8),
	(12, 8),
	(13, 8),
	(14, 8),
	(15, 8),
	(16, 8),
	(17, 8),
	(18, 8),
	(19, 8),
	(21, 8),
	(23, 8),
	(29, 8),
	(30, 8),
	(39, 8),
	(40, 8),
	(41, 8),
	(46, 8),
	(57, 8),
	(58, 8),
	(60, 8),
	(67, 8),
	(79, 8),
	(80, 8),
	(2, 9),
	(10, 9),
	(12, 9),
	(13, 9),
	(14, 9),
	(15, 9),
	(16, 9),
	(17, 9),
	(18, 9),
	(19, 9),
	(21, 9),
	(23, 9),
	(24, 9),
	(29, 9),
	(30, 9),
	(39, 9),
	(40, 9),
	(41, 9),
	(57, 9),
	(58, 9),
	(60, 9),
	(67, 9),
	(79, 9),
	(80, 9);

-- Volcando datos para la tabla mtiadmin_portal.tallas: ~7 rows (aproximadamente)
INSERT INTO `tallas` (`id`, `nombre`, `descripcion`, `created_at`, `updated_at`, `ind_activo`) VALUES
	(1, 'XS', 'Extra pequeño, ideal para cuerpos muy delgados.', '2025-04-26 09:30:18', '2025-04-26 09:30:18', 1),
	(2, 'S', 'Pequeño, adecuado para cuerpos delgados.', '2025-04-26 09:30:18', '2025-04-26 09:30:18', 1),
	(3, 'M', 'Mediano, la talla estándar para la mayoría.', '2025-04-26 09:30:18', '2025-04-26 09:30:18', 1),
	(4, 'L', 'Grande, para quienes necesitan un poco más de espacio.', '2025-04-26 09:30:18', '2025-04-26 09:30:18', 1),
	(5, 'XL', 'Extra grande, diseñado para mayor comodidad.', '2025-04-26 09:30:18', '2025-04-26 09:30:18', 1),
	(6, 'XXL', 'Doble extra grande, para cuerpos más amplios.', '2025-04-26 09:30:18', '2025-04-26 09:30:18', 1),
	(7, 'XXXL', 'Tripe Extra Grande', '2025-05-07 10:39:23', '2025-05-07 10:39:23', 1);

-- Volcando datos para la tabla mtiadmin_portal.tipo_envio: ~5 rows (aproximadamente)
INSERT INTO `tipo_envio` (`id`, `nombre`, `descripcion`, `dias_envio`, `created_at`, `updated_at`) VALUES
	(1, 'Terrestre Local', 'Envío terrestre dentro de la misma localidad.', 0, '2025-06-10 09:24:27', '2025-06-10 09:24:27'),
	(2, 'Terrestre Nacional', 'Envío terrestre a nivel nacional.', 6, '2025-06-10 09:24:27', '2025-06-10 09:24:27'),
	(3, 'Terrestre Extranjero', 'Envío terrestre a otros países.', 6, '2025-06-10 09:24:27', '2025-06-10 09:24:27'),
	(4, 'Aire Nacional', 'Envío aéreo a nivel nacional.', 2, '2025-06-10 09:24:27', '2025-06-10 09:24:27'),
	(5, 'Aire Extranjero', 'Envío aéreo a otros países.', 3, '2025-06-10 09:24:27', '2025-06-10 09:24:27');

/*!40103 SET TIME_ZONE=IFNULL(@OLD_TIME_ZONE, 'system') */;
/*!40101 SET SQL_MODE=IFNULL(@OLD_SQL_MODE, '') */;
/*!40014 SET FOREIGN_KEY_CHECKS=IFNULL(@OLD_FOREIGN_KEY_CHECKS, 1) */;
/*!40101 SET CHARACTER_SET_CLIENT=@OLD_CHARACTER_SET_CLIENT */;
/*!40111 SET SQL_NOTES=IFNULL(@OLD_SQL_NOTES, 1) */;
