
-- Volcando datos para la tabla mtiadmin_portal.model_has_roles: ~0 rows (aproximadamente)
REPLACE INTO `model_has_roles` (`role_id`, `model_type`, `model_id`) VALUES
	(8, 'App\\Models\\User', 1),
	(8, 'App\\Models\\User', 2),
	(8, 'App\\Models\\User', 3),
	(8, 'App\\Models\\User', 4),
	(8, 'App\\Models\\User', 5),
	(8, 'App\\Models\\User', 6),
	(8, 'App\\Models\\User', 7),
	(8, 'App\\Models\\User', 8),
	(8, 'App\\Models\\User', 9),
	(8, 'App\\Models\\User', 10),
	(8, 'App\\Models\\User', 11),
	(8, 'App\\Models\\User', 12),
	(8, 'App\\Models\\User', 13),
	(8, 'App\\Models\\User', 14),
	(8, 'App\\Models\\User', 15),
	(8, 'App\\Models\\User', 16),
	(8, 'App\\Models\\User', 17),
	(8, 'App\\Models\\User', 18),
	(8, 'App\\Models\\User', 19),
	(8, 'App\\Models\\User', 20),
	(8, 'App\\Models\\User', 21),
	(8, 'App\\Models\\User', 22),
	(3, 'App\\Models\\User', 23),
	(4, 'App\\Models\\User', 23),
	(8, 'App\\Models\\User', 23),
	(8, 'App\\Models\\User', 24),
	(8, 'App\\Models\\User', 25),
	(8, 'App\\Models\\User', 26),
	(8, 'App\\Models\\User', 27),
	(8, 'App\\Models\\User', 28),
	(8, 'App\\Models\\User', 29),
	(8, 'App\\Models\\User', 30),
	(8, 'App\\Models\\User', 31),
	(8, 'App\\Models\\User', 32),
	(8, 'App\\Models\\User', 33),
	(8, 'App\\Models\\User', 34),
	(8, 'App\\Models\\User', 35),
	(8, 'App\\Models\\User', 36),
	(8, 'App\\Models\\User', 37),
	(8, 'App\\Models\\User', 38),
	(8, 'App\\Models\\User', 39),
	(8, 'App\\Models\\User', 40),
	(8, 'App\\Models\\User', 41),
	(8, 'App\\Models\\User', 42),
	(8, 'App\\Models\\User', 43),
	(8, 'App\\Models\\User', 45),
	(8, 'App\\Models\\User', 46),
	(8, 'App\\Models\\User', 47),
	(8, 'App\\Models\\User', 48),
	(8, 'App\\Models\\User', 49),
	(8, 'App\\Models\\User', 50),
	(8, 'App\\Models\\User', 51),
	(9, 'App\\Models\\User', 52),
	(8, 'App\\Models\\User', 53),
	(8, 'App\\Models\\User', 54),
	(8, 'App\\Models\\User', 55),
	(8, 'App\\Models\\User', 56),
	(8, 'App\\Models\\User', 58),
	(8, 'App\\Models\\User', 59),
	(8, 'App\\Models\\User', 60),
	(8, 'App\\Models\\User', 61),
	(8, 'App\\Models\\User', 62),
	(8, 'App\\Models\\User', 64),
	(8, 'App\\Models\\User', 65),
	(8, 'App\\Models\\User', 66),
	(8, 'App\\Models\\User', 67),
	(8, 'App\\Models\\User', 68),
	(8, 'App\\Models\\User', 69),
	(8, 'App\\Models\\User', 70),
	(8, 'App\\Models\\User', 71),
	(8, 'App\\Models\\User', 72),
	(8, 'App\\Models\\User', 73),
	(8, 'App\\Models\\User', 74),
	(8, 'App\\Models\\User', 75),
	(8, 'App\\Models\\User', 76),
	(8, 'App\\Models\\User', 77),
	(8, 'App\\Models\\User', 78),
	(8, 'App\\Models\\User', 79),
	(8, 'App\\Models\\User', 81),
	(8, 'App\\Models\\User', 82),
	(8, 'App\\Models\\User', 83),
	(8, 'App\\Models\\User', 84),
	(8, 'App\\Models\\User', 85),
	(8, 'App\\Models\\User', 86),
	(8, 'App\\Models\\User', 87),
	(8, 'App\\Models\\User', 88),
	(8, 'App\\Models\\User', 89),
	(8, 'App\\Models\\User', 90),
	(8, 'App\\Models\\User', 91),
	(8, 'App\\Models\\User', 92),
	(8, 'App\\Models\\User', 93),
	(8, 'App\\Models\\User', 94),
	(8, 'App\\Models\\User', 95),
	(8, 'App\\Models\\User', 96),
	(8, 'App\\Models\\User', 97),
	(8, 'App\\Models\\User', 98),
	(8, 'App\\Models\\User', 99),
	(8, 'App\\Models\\User', 100),
	(8, 'App\\Models\\User', 101),
	(8, 'App\\Models\\User', 102),
	(8, 'App\\Models\\User', 103),
	(8, 'App\\Models\\User', 104),
	(8, 'App\\Models\\User', 105),
	(8, 'App\\Models\\User', 106),
	(8, 'App\\Models\\User', 107),
	(8, 'App\\Models\\User', 108),
	(8, 'App\\Models\\User', 109),
	(8, 'App\\Models\\User', 110),
	(8, 'App\\Models\\User', 111),
	(8, 'App\\Models\\User', 112),
	(8, 'App\\Models\\User', 113),
	(8, 'App\\Models\\User', 114),
	(8, 'App\\Models\\User', 115),
	(8, 'App\\Models\\User', 116),
	(8, 'App\\Models\\User', 117),
	(8, 'App\\Models\\User', 118),
	(8, 'App\\Models\\User', 119),
	(8, 'App\\Models\\User', 120),
	(8, 'App\\Models\\User', 121),
	(8, 'App\\Models\\User', 122),
	(8, 'App\\Models\\User', 123),
	(8, 'App\\Models\\User', 124),
	(4, 'App\\Models\\User', 125),
	(8, 'App\\Models\\User', 125),
	(8, 'App\\Models\\User', 126),
	(8, 'App\\Models\\User', 127),
	(8, 'App\\Models\\User', 128),
	(4, 'App\\Models\\User', 129),
	(9, 'App\\Models\\User', 129),
	(8, 'App\\Models\\User', 130),
	(8, 'App\\Models\\User', 131),
	(8, 'App\\Models\\User', 132),
	(8, 'App\\Models\\User', 133),
	(8, 'App\\Models\\User', 134),
	(8, 'App\\Models\\User', 135),
	(8, 'App\\Models\\User', 136),
	(8, 'App\\Models\\User', 137),
	(8, 'App\\Models\\User', 138),
	(8, 'App\\Models\\User', 139),
	(8, 'App\\Models\\User', 140),
	(8, 'App\\Models\\User', 141),
	(8, 'App\\Models\\User', 142),
	(8, 'App\\Models\\User', 143),
	(8, 'App\\Models\\User', 144),
	(8, 'App\\Models\\User', 145),
	(8, 'App\\Models\\User', 146),
	(8, 'App\\Models\\User', 147),
	(8, 'App\\Models\\User', 148),
	(8, 'App\\Models\\User', 149),
	(8, 'App\\Models\\User', 150),
	(8, 'App\\Models\\User', 151),
	(8, 'App\\Models\\User', 152),
	(8, 'App\\Models\\User', 153),
	(8, 'App\\Models\\User', 154),
	(8, 'App\\Models\\User', 155),
	(8, 'App\\Models\\User', 156),
	(8, 'App\\Models\\User', 157),
	(8, 'App\\Models\\User', 158),
	(8, 'App\\Models\\User', 159),
	(8, 'App\\Models\\User', 160),
	(8, 'App\\Models\\User', 161),
	(8, 'App\\Models\\User', 162),
	(8, 'App\\Models\\User', 163),
	(8, 'App\\Models\\User', 164),
	(8, 'App\\Models\\User', 165),
	(8, 'App\\Models\\User', 166),
	(8, 'App\\Models\\User', 167),
	(8, 'App\\Models\\User', 168),
	(8, 'App\\Models\\User', 169),
	(8, 'App\\Models\\User', 170),
	(8, 'App\\Models\\User', 171),
	(8, 'App\\Models\\User', 172),
	(8, 'App\\Models\\User', 173),
	(8, 'App\\Models\\User', 174),
	(8, 'App\\Models\\User', 175),
	(8, 'App\\Models\\User', 176),
	(8, 'App\\Models\\User', 177),
	(8, 'App\\Models\\User', 178),
	(8, 'App\\Models\\User', 179),
	(8, 'App\\Models\\User', 180),
	(8, 'App\\Models\\User', 181),
	(8, 'App\\Models\\User', 182),
	(8, 'App\\Models\\User', 183),
	(8, 'App\\Models\\User', 184),
	(8, 'App\\Models\\User', 185),
	(8, 'App\\Models\\User', 186),
	(8, 'App\\Models\\User', 187),
	(8, 'App\\Models\\User', 188),
	(8, 'App\\Models\\User', 189),
	(8, 'App\\Models\\User', 190),
	(8, 'App\\Models\\User', 191),
	(8, 'App\\Models\\User', 192),
	(8, 'App\\Models\\User', 193),
	(8, 'App\\Models\\User', 194),
	(8, 'App\\Models\\User', 195),
	(8, 'App\\Models\\User', 196),
	(8, 'App\\Models\\User', 197),
	(8, 'App\\Models\\User', 198),
	(8, 'App\\Models\\User', 199),
	(8, 'App\\Models\\User', 200),
	(8, 'App\\Models\\User', 201),
	(8, 'App\\Models\\User', 202),
	(8, 'App\\Models\\User', 203),
	(8, 'App\\Models\\User', 204),
	(8, 'App\\Models\\User', 205),
	(8, 'App\\Models\\User', 206),
	(8, 'App\\Models\\User', 207),
	(8, 'App\\Models\\User', 208),
	(8, 'App\\Models\\User', 209),
	(8, 'App\\Models\\User', 210),
	(8, 'App\\Models\\User', 211),
	(8, 'App\\Models\\User', 212),
	(8, 'App\\Models\\User', 213),
	(8, 'App\\Models\\User', 214),
	(9, 'App\\Models\\User', 215),
	(8, 'App\\Models\\User', 216),
	(8, 'App\\Models\\User', 217),
	(8, 'App\\Models\\User', 218),
	(8, 'App\\Models\\User', 219),
	(8, 'App\\Models\\User', 220),
	(8, 'App\\Models\\User', 221),
	(8, 'App\\Models\\User', 224),
	(8, 'App\\Models\\User', 225),
	(8, 'App\\Models\\User', 226),
	(8, 'App\\Models\\User', 227),
	(8, 'App\\Models\\User', 228),
	(8, 'App\\Models\\User', 229),
	(8, 'App\\Models\\User', 230),
	(8, 'App\\Models\\User', 231),
	(8, 'App\\Models\\User', 232),
	(8, 'App\\Models\\User', 233),
	(8, 'App\\Models\\User', 234),
	(8, 'App\\Models\\User', 235),
	(8, 'App\\Models\\User', 236),
	(8, 'App\\Models\\User', 237),
	(8, 'App\\Models\\User', 238),
	(8, 'App\\Models\\User', 239),
	(8, 'App\\Models\\User', 240),
	(8, 'App\\Models\\User', 241),
	(8, 'App\\Models\\User', 242),
	(8, 'App\\Models\\User', 243),
	(8, 'App\\Models\\User', 244),
	(8, 'App\\Models\\User', 245),
	(8, 'App\\Models\\User', 246),
	(8, 'App\\Models\\User', 247),
	(8, 'App\\Models\\User', 248),
	(8, 'App\\Models\\User', 249),
	(8, 'App\\Models\\User', 250),
	(8, 'App\\Models\\User', 251),
	(8, 'App\\Models\\User', 252),
	(8, 'App\\Models\\User', 253),
	(8, 'App\\Models\\User', 254),
	(8, 'App\\Models\\User', 255),
	(9, 'App\\Models\\User', 256),
	(8, 'App\\Models\\User', 257),
	(8, 'App\\Models\\User', 258),
	(4, 'App\\Models\\User', 259),
	(8, 'App\\Models\\User', 259),
	(8, 'App\\Models\\User', 260),
	(8, 'App\\Models\\User', 261),
	(8, 'App\\Models\\User', 262),
	(8, 'App\\Models\\User', 263),
	(8, 'App\\Models\\User', 264),
	(8, 'App\\Models\\User', 265),
	(8, 'App\\Models\\User', 266),
	(8, 'App\\Models\\User', 268),
	(8, 'App\\Models\\User', 269),
	(8, 'App\\Models\\User', 270),
	(8, 'App\\Models\\User', 271),
	(8, 'App\\Models\\User', 272),
	(8, 'App\\Models\\User', 273),
	(8, 'App\\Models\\User', 274),
	(8, 'App\\Models\\User', 275),
	(8, 'App\\Models\\User', 276),
	(8, 'App\\Models\\User', 277),
	(8, 'App\\Models\\User', 278),
	(8, 'App\\Models\\User', 279),
	(8, 'App\\Models\\User', 280),
	(8, 'App\\Models\\User', 281),
	(8, 'App\\Models\\User', 282),
	(8, 'App\\Models\\User', 283),
	(8, 'App\\Models\\User', 284),
	(8, 'App\\Models\\User', 285),
	(8, 'App\\Models\\User', 286),
	(8, 'App\\Models\\User', 287),
	(8, 'App\\Models\\User', 288),
	(8, 'App\\Models\\User', 289),
	(8, 'App\\Models\\User', 290),
	(8, 'App\\Models\\User', 291),
	(8, 'App\\Models\\User', 293),
	(8, 'App\\Models\\User', 294),
	(8, 'App\\Models\\User', 295),
	(8, 'App\\Models\\User', 296),
	(8, 'App\\Models\\User', 297),
	(8, 'App\\Models\\User', 298),
	(8, 'App\\Models\\User', 299),
	(8, 'App\\Models\\User', 300),
	(8, 'App\\Models\\User', 301),
	(8, 'App\\Models\\User', 302),
	(8, 'App\\Models\\User', 303),
	(8, 'App\\Models\\User', 304),
	(8, 'App\\Models\\User', 305),
	(8, 'App\\Models\\User', 306),
	(8, 'App\\Models\\User', 307),
	(8, 'App\\Models\\User', 308),
	(8, 'App\\Models\\User', 309),
	(8, 'App\\Models\\User', 310),
	(8, 'App\\Models\\User', 311),
	(8, 'App\\Models\\User', 312),
	(8, 'App\\Models\\User', 313),
	(8, 'App\\Models\\User', 314),
	(8, 'App\\Models\\User', 315),
	(8, 'App\\Models\\User', 316),
	(8, 'App\\Models\\User', 317),
	(8, 'App\\Models\\User', 319),
	(8, 'App\\Models\\User', 320),
	(8, 'App\\Models\\User', 321),
	(8, 'App\\Models\\User', 322),
	(8, 'App\\Models\\User', 323),
	(8, 'App\\Models\\User', 324),
	(8, 'App\\Models\\User', 325),
	(8, 'App\\Models\\User', 326),
	(8, 'App\\Models\\User', 327),
	(8, 'App\\Models\\User', 328),
	(8, 'App\\Models\\User', 329),
	(8, 'App\\Models\\User', 331),
	(8, 'App\\Models\\User', 332),
	(8, 'App\\Models\\User', 333),
	(8, 'App\\Models\\User', 334),
	(8, 'App\\Models\\User', 335),
	(8, 'App\\Models\\User', 336),
	(8, 'App\\Models\\User', 337),
	(8, 'App\\Models\\User', 338),
	(8, 'App\\Models\\User', 339),
	(8, 'App\\Models\\User', 340),
	(8, 'App\\Models\\User', 341),
	(8, 'App\\Models\\User', 342),
	(8, 'App\\Models\\User', 343),
	(8, 'App\\Models\\User', 344),
	(8, 'App\\Models\\User', 345),
	(8, 'App\\Models\\User', 346),
	(8, 'App\\Models\\User', 347),
	(8, 'App\\Models\\User', 348),
	(8, 'App\\Models\\User', 349),
	(8, 'App\\Models\\User', 350),
	(8, 'App\\Models\\User', 351),
	(8, 'App\\Models\\User', 352),
	(8, 'App\\Models\\User', 353),
	(8, 'App\\Models\\User', 354),
	(8, 'App\\Models\\User', 355),
	(8, 'App\\Models\\User', 356),
	(8, 'App\\Models\\User', 357),
	(8, 'App\\Models\\User', 358),
	(8, 'App\\Models\\User', 359),
	(8, 'App\\Models\\User', 360),
	(8, 'App\\Models\\User', 361),
	(8, 'App\\Models\\User', 362),
	(8, 'App\\Models\\User', 363),
	(8, 'App\\Models\\User', 364),
	(8, 'App\\Models\\User', 365),
	(8, 'App\\Models\\User', 366),
	(8, 'App\\Models\\User', 367),
	(8, 'App\\Models\\User', 368),
	(8, 'App\\Models\\User', 369),
	(8, 'App\\Models\\User', 370),
	(8, 'App\\Models\\User', 372),
	(8, 'App\\Models\\User', 373),
	(8, 'App\\Models\\User', 374),
	(8, 'App\\Models\\User', 375),
	(8, 'App\\Models\\User', 376),
	(8, 'App\\Models\\User', 377),
	(8, 'App\\Models\\User', 378),
	(8, 'App\\Models\\User', 379),
	(8, 'App\\Models\\User', 381),
	(8, 'App\\Models\\User', 382),
	(8, 'App\\Models\\User', 383),
	(8, 'App\\Models\\User', 384),
	(8, 'App\\Models\\User', 385),
	(8, 'App\\Models\\User', 386),
	(8, 'App\\Models\\User', 387),
	(8, 'App\\Models\\User', 388),
	(8, 'App\\Models\\User', 389),
	(8, 'App\\Models\\User', 390),
	(8, 'App\\Models\\User', 391),
	(8, 'App\\Models\\User', 392),
	(8, 'App\\Models\\User', 393),
	(8, 'App\\Models\\User', 394),
	(8, 'App\\Models\\User', 395),
	(8, 'App\\Models\\User', 396),
	(8, 'App\\Models\\User', 397),
	(8, 'App\\Models\\User', 398),
	(8, 'App\\Models\\User', 399),
	(8, 'App\\Models\\User', 400),
	(8, 'App\\Models\\User', 401),
	(8, 'App\\Models\\User', 402),
	(8, 'App\\Models\\User', 403),
	(8, 'App\\Models\\User', 404),
	(8, 'App\\Models\\User', 405),
	(8, 'App\\Models\\User', 406),
	(8, 'App\\Models\\User', 407),
	(8, 'App\\Models\\User', 408),
	(8, 'App\\Models\\User', 409),
	(8, 'App\\Models\\User', 410),
	(8, 'App\\Models\\User', 411),
	(8, 'App\\Models\\User', 412),
	(8, 'App\\Models\\User', 413),
	(8, 'App\\Models\\User', 414),
	(8, 'App\\Models\\User', 415),
	(9, 'App\\Models\\User', 416),
	(8, 'App\\Models\\User', 417),
	(8, 'App\\Models\\User', 418),
	(8, 'App\\Models\\User', 419),
	(8, 'App\\Models\\User', 420),
	(8, 'App\\Models\\User', 421),
	(8, 'App\\Models\\User', 422),
	(8, 'App\\Models\\User', 423),
	(8, 'App\\Models\\User', 424),
	(8, 'App\\Models\\User', 426),
	(8, 'App\\Models\\User', 427),
	(8, 'App\\Models\\User', 428),
	(8, 'App\\Models\\User', 429),
	(8, 'App\\Models\\User', 430),
	(8, 'App\\Models\\User', 431),
	(8, 'App\\Models\\User', 432),
	(8, 'App\\Models\\User', 433),
	(8, 'App\\Models\\User', 434),
	(8, 'App\\Models\\User', 435),
	(8, 'App\\Models\\User', 436),
	(8, 'App\\Models\\User', 437),
	(8, 'App\\Models\\User', 438),
	(8, 'App\\Models\\User', 440),
	(8, 'App\\Models\\User', 441),
	(8, 'App\\Models\\User', 442),
	(8, 'App\\Models\\User', 443),
	(8, 'App\\Models\\User', 444),
	(8, 'App\\Models\\User', 445),
	(8, 'App\\Models\\User', 446),
	(8, 'App\\Models\\User', 448),
	(8, 'App\\Models\\User', 449),
	(8, 'App\\Models\\User', 450),
	(8, 'App\\Models\\User', 451),
	(8, 'App\\Models\\User', 452),
	(8, 'App\\Models\\User', 453),
	(9, 'App\\Models\\User', 454),
	(8, 'App\\Models\\User', 455),
	(8, 'App\\Models\\User', 456),
	(8, 'App\\Models\\User', 457),
	(8, 'App\\Models\\User', 458),
	(8, 'App\\Models\\User', 459),
	(8, 'App\\Models\\User', 460),
	(8, 'App\\Models\\User', 461),
	(8, 'App\\Models\\User', 462),
	(8, 'App\\Models\\User', 463),
	(8, 'App\\Models\\User', 464),
	(8, 'App\\Models\\User', 465),
	(8, 'App\\Models\\User', 466),
	(8, 'App\\Models\\User', 467),
	(8, 'App\\Models\\User', 468),
	(8, 'App\\Models\\User', 469),
	(8, 'App\\Models\\User', 470),
	(8, 'App\\Models\\User', 471),
	(8, 'App\\Models\\User', 472),
	(8, 'App\\Models\\User', 473),
	(8, 'App\\Models\\User', 474),
	(8, 'App\\Models\\User', 475),
	(8, 'App\\Models\\User', 476),
	(8, 'App\\Models\\User', 477),
	(8, 'App\\Models\\User', 478),
	(8, 'App\\Models\\User', 479),
	(8, 'App\\Models\\User', 480),
	(8, 'App\\Models\\User', 481),
	(8, 'App\\Models\\User', 483),
	(8, 'App\\Models\\User', 484),
	(8, 'App\\Models\\User', 485),
	(8, 'App\\Models\\User', 486),
	(8, 'App\\Models\\User', 487),
	(8, 'App\\Models\\User', 488),
	(8, 'App\\Models\\User', 489),
	(8, 'App\\Models\\User', 490),
	(8, 'App\\Models\\User', 491),
	(8, 'App\\Models\\User', 492),
	(8, 'App\\Models\\User', 493),
	(8, 'App\\Models\\User', 494),
	(8, 'App\\Models\\User', 495),
	(8, 'App\\Models\\User', 496),
	(8, 'App\\Models\\User', 497),
	(8, 'App\\Models\\User', 498),
	(8, 'App\\Models\\User', 499),
	(8, 'App\\Models\\User', 500),
	(8, 'App\\Models\\User', 501),
	(8, 'App\\Models\\User', 502),
	(8, 'App\\Models\\User', 503),
	(8, 'App\\Models\\User', 504),
	(8, 'App\\Models\\User', 505),
	(8, 'App\\Models\\User', 506),
	(8, 'App\\Models\\User', 507),
	(8, 'App\\Models\\User', 508),
	(8, 'App\\Models\\User', 509),
	(8, 'App\\Models\\User', 510),
	(8, 'App\\Models\\User', 511),
	(8, 'App\\Models\\User', 512),
	(8, 'App\\Models\\User', 513),
	(8, 'App\\Models\\User', 514),
	(8, 'App\\Models\\User', 515),
	(8, 'App\\Models\\User', 516),
	(8, 'App\\Models\\User', 517),
	(8, 'App\\Models\\User', 518),
	(8, 'App\\Models\\User', 519),
	(8, 'App\\Models\\User', 520),
	(8, 'App\\Models\\User', 521),
	(8, 'App\\Models\\User', 522),
	(8, 'App\\Models\\User', 523),
	(8, 'App\\Models\\User', 524),
	(8, 'App\\Models\\User', 525),
	(8, 'App\\Models\\User', 526),
	(8, 'App\\Models\\User', 527),
	(8, 'App\\Models\\User', 528),
	(8, 'App\\Models\\User', 529),
	(8, 'App\\Models\\User', 530),
	(8, 'App\\Models\\User', 531),
	(8, 'App\\Models\\User', 532),
	(8, 'App\\Models\\User', 533),
	(8, 'App\\Models\\User', 534),
	(8, 'App\\Models\\User', 535),
	(9, 'App\\Models\\User', 536),
	(8, 'App\\Models\\User', 537),
	(8, 'App\\Models\\User', 538),
	(8, 'App\\Models\\User', 539),
	(8, 'App\\Models\\User', 540),
	(8, 'App\\Models\\User', 541),
	(8, 'App\\Models\\User', 542),
	(8, 'App\\Models\\User', 543),
	(8, 'App\\Models\\User', 544),
	(8, 'App\\Models\\User', 545),
	(9, 'App\\Models\\User', 546),
	(8, 'App\\Models\\User', 547),
	(8, 'App\\Models\\User', 549),
	(8, 'App\\Models\\User', 550),
	(8, 'App\\Models\\User', 551),
	(8, 'App\\Models\\User', 552),
	(8, 'App\\Models\\User', 553),
	(8, 'App\\Models\\User', 554),
	(8, 'App\\Models\\User', 555),
	(8, 'App\\Models\\User', 556),
	(8, 'App\\Models\\User', 557),
	(8, 'App\\Models\\User', 558),
	(9, 'App\\Models\\User', 559),
	(8, 'App\\Models\\User', 560),
	(3, 'App\\Models\\User', 561),
	(8, 'App\\Models\\User', 561),
	(8, 'App\\Models\\User', 562),
	(8, 'App\\Models\\User', 563),
	(8, 'App\\Models\\User', 564),
	(9, 'App\\Models\\User', 565),
	(8, 'App\\Models\\User', 566),
	(8, 'App\\Models\\User', 567),
	(8, 'App\\Models\\User', 568),
	(8, 'App\\Models\\User', 569),
	(8, 'App\\Models\\User', 570),
	(8, 'App\\Models\\User', 571),
	(8, 'App\\Models\\User', 572),
	(8, 'App\\Models\\User', 573),
	(8, 'App\\Models\\User', 574),
	(8, 'App\\Models\\User', 575),
	(8, 'App\\Models\\User', 576),
	(8, 'App\\Models\\User', 577),
	(8, 'App\\Models\\User', 578),
	(8, 'App\\Models\\User', 579),
	(8, 'App\\Models\\User', 580),
	(8, 'App\\Models\\User', 581),
	(8, 'App\\Models\\User', 582),
	(8, 'App\\Models\\User', 583),
	(8, 'App\\Models\\User', 584),
	(8, 'App\\Models\\User', 585),
	(8, 'App\\Models\\User', 586),
	(8, 'App\\Models\\User', 587),
	(8, 'App\\Models\\User', 588),
	(8, 'App\\Models\\User', 589),
	(8, 'App\\Models\\User', 590),
	(8, 'App\\Models\\User', 591),
	(8, 'App\\Models\\User', 592),
	(8, 'App\\Models\\User', 593),
	(8, 'App\\Models\\User', 594),
	(8, 'App\\Models\\User', 595),
	(8, 'App\\Models\\User', 596),
	(8, 'App\\Models\\User', 597),
	(8, 'App\\Models\\User', 598),
	(8, 'App\\Models\\User', 599),
	(8, 'App\\Models\\User', 600),
	(8, 'App\\Models\\User', 601),
	(8, 'App\\Models\\User', 602),
	(8, 'App\\Models\\User', 603),
	(8, 'App\\Models\\User', 604),
	(8, 'App\\Models\\User', 605),
	(8, 'App\\Models\\User', 606),
	(8, 'App\\Models\\User', 607),
	(8, 'App\\Models\\User', 608),
	(8, 'App\\Models\\User', 609),
	(8, 'App\\Models\\User', 610),
	(8, 'App\\Models\\User', 611),
	(8, 'App\\Models\\User', 612),
	(8, 'App\\Models\\User', 613),
	(8, 'App\\Models\\User', 614),
	(8, 'App\\Models\\User', 615),
	(8, 'App\\Models\\User', 616),
	(8, 'App\\Models\\User', 617),
	(8, 'App\\Models\\User', 618),
	(8, 'App\\Models\\User', 619),
	(8, 'App\\Models\\User', 620),
	(8, 'App\\Models\\User', 621),
	(8, 'App\\Models\\User', 622),
	(8, 'App\\Models\\User', 623),
	(8, 'App\\Models\\User', 624),
	(8, 'App\\Models\\User', 625),
	(8, 'App\\Models\\User', 626),
	(8, 'App\\Models\\User', 627),
	(8, 'App\\Models\\User', 628),
	(8, 'App\\Models\\User', 629),
	(8, 'App\\Models\\User', 630),
	(8, 'App\\Models\\User', 631),
	(8, 'App\\Models\\User', 632),
	(8, 'App\\Models\\User', 633),
	(8, 'App\\Models\\User', 634),
	(8, 'App\\Models\\User', 635),
	(8, 'App\\Models\\User', 636),
	(8, 'App\\Models\\User', 637),
	(8, 'App\\Models\\User', 638),
	(8, 'App\\Models\\User', 639),
	(8, 'App\\Models\\User', 640),
	(8, 'App\\Models\\User', 641),
	(8, 'App\\Models\\User', 642),
	(8, 'App\\Models\\User', 643),
	(8, 'App\\Models\\User', 644),
	(8, 'App\\Models\\User', 645),
	(8, 'App\\Models\\User', 646),
	(8, 'App\\Models\\User', 647),
	(8, 'App\\Models\\User', 648),
	(8, 'App\\Models\\User', 649),
	(8, 'App\\Models\\User', 650),
	(8, 'App\\Models\\User', 651),
	(8, 'App\\Models\\User', 652),
	(8, 'App\\Models\\User', 653),
	(8, 'App\\Models\\User', 654),
	(8, 'App\\Models\\User', 655),
	(9, 'App\\Models\\User', 656),
	(8, 'App\\Models\\User', 657),
	(8, 'App\\Models\\User', 658),
	(8, 'App\\Models\\User', 659),
	(8, 'App\\Models\\User', 660),
	(8, 'App\\Models\\User', 661),
	(8, 'App\\Models\\User', 662),
	(8, 'App\\Models\\User', 663),
	(8, 'App\\Models\\User', 664),
	(8, 'App\\Models\\User', 665),
	(8, 'App\\Models\\User', 666),
	(8, 'App\\Models\\User', 667),
	(8, 'App\\Models\\User', 668),
	(8, 'App\\Models\\User', 669),
	(9, 'App\\Models\\User', 670),
	(8, 'App\\Models\\User', 671),
	(8, 'App\\Models\\User', 672),
	(8, 'App\\Models\\User', 673),
	(8, 'App\\Models\\User', 674),
	(8, 'App\\Models\\User', 675),
	(8, 'App\\Models\\User', 676),
	(8, 'App\\Models\\User', 677),
	(8, 'App\\Models\\User', 678),
	(8, 'App\\Models\\User', 679),
	(8, 'App\\Models\\User', 680),
	(8, 'App\\Models\\User', 681),
	(8, 'App\\Models\\User', 682),
	(8, 'App\\Models\\User', 683),
	(8, 'App\\Models\\User', 684),
	(8, 'App\\Models\\User', 685),
	(8, 'App\\Models\\User', 686),
	(8, 'App\\Models\\User', 687),
	(8, 'App\\Models\\User', 688),
	(8, 'App\\Models\\User', 689),
	(8, 'App\\Models\\User', 690),
	(8, 'App\\Models\\User', 691),
	(8, 'App\\Models\\User', 692),
	(8, 'App\\Models\\User', 693),
	(8, 'App\\Models\\User', 694),
	(8, 'App\\Models\\User', 695),
	(8, 'App\\Models\\User', 696),
	(8, 'App\\Models\\User', 697),
	(8, 'App\\Models\\User', 698),
	(8, 'App\\Models\\User', 699),
	(8, 'App\\Models\\User', 700),
	(8, 'App\\Models\\User', 701),
	(8, 'App\\Models\\User', 702),
	(8, 'App\\Models\\User', 703),
	(8, 'App\\Models\\User', 705),
	(8, 'App\\Models\\User', 706),
	(8, 'App\\Models\\User', 707),
	(8, 'App\\Models\\User', 708),
	(8, 'App\\Models\\User', 709),
	(8, 'App\\Models\\User', 710),
	(8, 'App\\Models\\User', 711),
	(8, 'App\\Models\\User', 712),
	(8, 'App\\Models\\User', 713),
	(8, 'App\\Models\\User', 714),
	(8, 'App\\Models\\User', 715),
	(8, 'App\\Models\\User', 716),
	(8, 'App\\Models\\User', 718),
	(8, 'App\\Models\\User', 719),
	(8, 'App\\Models\\User', 720),
	(8, 'App\\Models\\User', 721),
	(8, 'App\\Models\\User', 722),
	(8, 'App\\Models\\User', 723),
	(8, 'App\\Models\\User', 724),
	(8, 'App\\Models\\User', 725),
	(8, 'App\\Models\\User', 726),
	(8, 'App\\Models\\User', 727),
	(8, 'App\\Models\\User', 728),
	(8, 'App\\Models\\User', 729),
	(8, 'App\\Models\\User', 730),
	(8, 'App\\Models\\User', 732),
	(8, 'App\\Models\\User', 733),
	(8, 'App\\Models\\User', 734),
	(8, 'App\\Models\\User', 735),
	(8, 'App\\Models\\User', 736),
	(8, 'App\\Models\\User', 737),
	(8, 'App\\Models\\User', 738),
	(8, 'App\\Models\\User', 739),
	(8, 'App\\Models\\User', 740),
	(8, 'App\\Models\\User', 741),
	(8, 'App\\Models\\User', 742),
	(8, 'App\\Models\\User', 743),
	(8, 'App\\Models\\User', 744),
	(8, 'App\\Models\\User', 745),
	(8, 'App\\Models\\User', 746),
	(8, 'App\\Models\\User', 747),
	(8, 'App\\Models\\User', 748),
	(8, 'App\\Models\\User', 749),
	(8, 'App\\Models\\User', 750),
	(8, 'App\\Models\\User', 751),
	(8, 'App\\Models\\User', 753),
	(8, 'App\\Models\\User', 754),
	(8, 'App\\Models\\User', 755),
	(8, 'App\\Models\\User', 756),
	(8, 'App\\Models\\User', 757),
	(8, 'App\\Models\\User', 758),
	(8, 'App\\Models\\User', 759),
	(8, 'App\\Models\\User', 760),
	(8, 'App\\Models\\User', 761),
	(8, 'App\\Models\\User', 762),
	(8, 'App\\Models\\User', 763),
	(8, 'App\\Models\\User', 764),
	(8, 'App\\Models\\User', 765),
	(8, 'App\\Models\\User', 766),
	(8, 'App\\Models\\User', 767),
	(8, 'App\\Models\\User', 768),
	(8, 'App\\Models\\User', 769),
	(8, 'App\\Models\\User', 771),
	(8, 'App\\Models\\User', 772),
	(8, 'App\\Models\\User', 773),
	(8, 'App\\Models\\User', 774),
	(8, 'App\\Models\\User', 775),
	(8, 'App\\Models\\User', 776),
	(8, 'App\\Models\\User', 777),
	(8, 'App\\Models\\User', 778),
	(8, 'App\\Models\\User', 779),
	(8, 'App\\Models\\User', 781),
	(8, 'App\\Models\\User', 782),
	(8, 'App\\Models\\User', 783),
	(8, 'App\\Models\\User', 784),
	(8, 'App\\Models\\User', 785),
	(8, 'App\\Models\\User', 786),
	(8, 'App\\Models\\User', 787),
	(8, 'App\\Models\\User', 788),
	(8, 'App\\Models\\User', 789),
	(8, 'App\\Models\\User', 790),
	(8, 'App\\Models\\User', 791),
	(8, 'App\\Models\\User', 792),
	(8, 'App\\Models\\User', 793),
	(8, 'App\\Models\\User', 794),
	(8, 'App\\Models\\User', 795),
	(8, 'App\\Models\\User', 796),
	(8, 'App\\Models\\User', 797),
	(8, 'App\\Models\\User', 798),
	(8, 'App\\Models\\User', 799),
	(8, 'App\\Models\\User', 800),
	(8, 'App\\Models\\User', 801),
	(8, 'App\\Models\\User', 802),
	(8, 'App\\Models\\User', 804),
	(8, 'App\\Models\\User', 805),
	(8, 'App\\Models\\User', 806),
	(8, 'App\\Models\\User', 807),
	(8, 'App\\Models\\User', 808),
	(8, 'App\\Models\\User', 809),
	(8, 'App\\Models\\User', 810),
	(8, 'App\\Models\\User', 811),
	(8, 'App\\Models\\User', 812),
	(8, 'App\\Models\\User', 813),
	(8, 'App\\Models\\User', 814),
	(8, 'App\\Models\\User', 815),
	(8, 'App\\Models\\User', 816),
	(8, 'App\\Models\\User', 817),
	(8, 'App\\Models\\User', 818),
	(8, 'App\\Models\\User', 819),
	(8, 'App\\Models\\User', 820),
	(8, 'App\\Models\\User', 821),
	(8, 'App\\Models\\User', 822),
	(8, 'App\\Models\\User', 823),
	(8, 'App\\Models\\User', 825),
	(9, 'App\\Models\\User', 826),
	(8, 'App\\Models\\User', 827),
	(8, 'App\\Models\\User', 828),
	(8, 'App\\Models\\User', 829),
	(8, 'App\\Models\\User', 830),
	(8, 'App\\Models\\User', 831),
	(8, 'App\\Models\\User', 832),
	(8, 'App\\Models\\User', 833),
	(8, 'App\\Models\\User', 834),
	(8, 'App\\Models\\User', 835),
	(8, 'App\\Models\\User', 836),
	(8, 'App\\Models\\User', 837),
	(8, 'App\\Models\\User', 838),
	(8, 'App\\Models\\User', 839),
	(8, 'App\\Models\\User', 840),
	(9, 'App\\Models\\User', 841),
	(8, 'App\\Models\\User', 842),
	(8, 'App\\Models\\User', 843),
	(8, 'App\\Models\\User', 844),
	(8, 'App\\Models\\User', 845),
	(8, 'App\\Models\\User', 846),
	(8, 'App\\Models\\User', 847),
	(8, 'App\\Models\\User', 848),
	(9, 'App\\Models\\User', 849),
	(9, 'App\\Models\\User', 850),
	(8, 'App\\Models\\User', 852),
	(8, 'App\\Models\\User', 853),
	(8, 'App\\Models\\User', 854),
	(8, 'App\\Models\\User', 855),
	(8, 'App\\Models\\User', 856),
	(8, 'App\\Models\\User', 857),
	(8, 'App\\Models\\User', 858),
	(8, 'App\\Models\\User', 859),
	(8, 'App\\Models\\User', 860),
	(8, 'App\\Models\\User', 861),
	(8, 'App\\Models\\User', 862),
	(8, 'App\\Models\\User', 863),
	(8, 'App\\Models\\User', 864),
	(8, 'App\\Models\\User', 865),
	(8, 'App\\Models\\User', 866),
	(8, 'App\\Models\\User', 867),
	(8, 'App\\Models\\User', 868),
	(8, 'App\\Models\\User', 869),
	(8, 'App\\Models\\User', 870),
	(8, 'App\\Models\\User', 871),
	(8, 'App\\Models\\User', 872),
	(8, 'App\\Models\\User', 873),
	(8, 'App\\Models\\User', 874),
	(8, 'App\\Models\\User', 875),
	(8, 'App\\Models\\User', 876),
	(8, 'App\\Models\\User', 877),
	(8, 'App\\Models\\User', 878),
	(8, 'App\\Models\\User', 879),
	(8, 'App\\Models\\User', 880),
	(8, 'App\\Models\\User', 881),
	(8, 'App\\Models\\User', 882),
	(8, 'App\\Models\\User', 883),
	(8, 'App\\Models\\User', 884),
	(8, 'App\\Models\\User', 885),
	(8, 'App\\Models\\User', 886),
	(9, 'App\\Models\\User', 887),
	(8, 'App\\Models\\User', 888),
	(8, 'App\\Models\\User', 889),
	(8, 'App\\Models\\User', 890),
	(8, 'App\\Models\\User', 891),
	(8, 'App\\Models\\User', 893),
	(8, 'App\\Models\\User', 894),
	(8, 'App\\Models\\User', 895),
	(8, 'App\\Models\\User', 896),
	(8, 'App\\Models\\User', 897),
	(8, 'App\\Models\\User', 898),
	(8, 'App\\Models\\User', 899),
	(8, 'App\\Models\\User', 900),
	(8, 'App\\Models\\User', 901),
	(9, 'App\\Models\\User', 902),
	(8, 'App\\Models\\User', 903),
	(8, 'App\\Models\\User', 904),
	(8, 'App\\Models\\User', 905),
	(8, 'App\\Models\\User', 906),
	(8, 'App\\Models\\User', 907),
	(8, 'App\\Models\\User', 908),
	(8, 'App\\Models\\User', 909),
	(8, 'App\\Models\\User', 910),
	(8, 'App\\Models\\User', 911),
	(8, 'App\\Models\\User', 912),
	(8, 'App\\Models\\User', 913),
	(8, 'App\\Models\\User', 914),
	(9, 'App\\Models\\User', 915),
	(8, 'App\\Models\\User', 916),
	(8, 'App\\Models\\User', 917),
	(8, 'App\\Models\\User', 918),
	(8, 'App\\Models\\User', 919),
	(8, 'App\\Models\\User', 920),
	(8, 'App\\Models\\User', 921),
	(8, 'App\\Models\\User', 922),
	(8, 'App\\Models\\User', 923),
	(8, 'App\\Models\\User', 924),
	(8, 'App\\Models\\User', 925),
	(8, 'App\\Models\\User', 926),
	(8, 'App\\Models\\User', 927),
	(8, 'App\\Models\\User', 928),
	(8, 'App\\Models\\User', 929),
	(8, 'App\\Models\\User', 930),
	(8, 'App\\Models\\User', 931),
	(9, 'App\\Models\\User', 932),
	(9, 'App\\Models\\User', 933),
	(8, 'App\\Models\\User', 934),
	(8, 'App\\Models\\User', 935),
	(8, 'App\\Models\\User', 936),
	(8, 'App\\Models\\User', 937),
	(8, 'App\\Models\\User', 938),
	(8, 'App\\Models\\User', 940),
	(8, 'App\\Models\\User', 941),
	(8, 'App\\Models\\User', 942),
	(8, 'App\\Models\\User', 943),
	(8, 'App\\Models\\User', 944),
	(8, 'App\\Models\\User', 945),
	(8, 'App\\Models\\User', 946),
	(8, 'App\\Models\\User', 947),
	(8, 'App\\Models\\User', 948),
	(8, 'App\\Models\\User', 949),
	(8, 'App\\Models\\User', 950),
	(8, 'App\\Models\\User', 951),
	(8, 'App\\Models\\User', 952),
	(8, 'App\\Models\\User', 953),
	(8, 'App\\Models\\User', 954),
	(8, 'App\\Models\\User', 955),
	(8, 'App\\Models\\User', 956),
	(8, 'App\\Models\\User', 957),
	(8, 'App\\Models\\User', 959),
	(8, 'App\\Models\\User', 960),
	(8, 'App\\Models\\User', 961),
	(8, 'App\\Models\\User', 962),
	(8, 'App\\Models\\User', 963),
	(8, 'App\\Models\\User', 964),
	(8, 'App\\Models\\User', 966),
	(8, 'App\\Models\\User', 967),
	(8, 'App\\Models\\User', 968),
	(8, 'App\\Models\\User', 969),
	(8, 'App\\Models\\User', 970),
	(8, 'App\\Models\\User', 971),
	(8, 'App\\Models\\User', 972),
	(8, 'App\\Models\\User', 973),
	(8, 'App\\Models\\User', 974),
	(8, 'App\\Models\\User', 975),
	(8, 'App\\Models\\User', 976),
	(8, 'App\\Models\\User', 977),
	(8, 'App\\Models\\User', 978),
	(8, 'App\\Models\\User', 979),
	(8, 'App\\Models\\User', 980),
	(8, 'App\\Models\\User', 981),
	(8, 'App\\Models\\User', 982),
	(9, 'App\\Models\\User', 983),
	(8, 'App\\Models\\User', 984),
	(8, 'App\\Models\\User', 985),
	(8, 'App\\Models\\User', 986),
	(8, 'App\\Models\\User', 987),
	(8, 'App\\Models\\User', 988),
	(8, 'App\\Models\\User', 989),
	(8, 'App\\Models\\User', 990),
	(8, 'App\\Models\\User', 991),
	(8, 'App\\Models\\User', 992),
	(8, 'App\\Models\\User', 993),
	(8, 'App\\Models\\User', 994),
	(8, 'App\\Models\\User', 996),
	(8, 'App\\Models\\User', 997),
	(8, 'App\\Models\\User', 998),
	(8, 'App\\Models\\User', 999),
	(8, 'App\\Models\\User', 1000),
	(8, 'App\\Models\\User', 1001),
	(8, 'App\\Models\\User', 1002),
	(8, 'App\\Models\\User', 1003),
	(8, 'App\\Models\\User', 1004),
	(8, 'App\\Models\\User', 1005),
	(8, 'App\\Models\\User', 1006),
	(8, 'App\\Models\\User', 1007),
	(8, 'App\\Models\\User', 1008),
	(9, 'App\\Models\\User', 1009),
	(8, 'App\\Models\\User', 1010),
	(8, 'App\\Models\\User', 1011),
	(8, 'App\\Models\\User', 1012),
	(8, 'App\\Models\\User', 1013),
	(8, 'App\\Models\\User', 1014),
	(8, 'App\\Models\\User', 1015),
	(8, 'App\\Models\\User', 1016),
	(8, 'App\\Models\\User', 1017),
	(8, 'App\\Models\\User', 1018),
	(8, 'App\\Models\\User', 1020),
	(8, 'App\\Models\\User', 1021),
	(8, 'App\\Models\\User', 1022),
	(8, 'App\\Models\\User', 1023),
	(8, 'App\\Models\\User', 1024),
	(8, 'App\\Models\\User', 1025),
	(9, 'App\\Models\\User', 1026),
	(8, 'App\\Models\\User', 1028),
	(8, 'App\\Models\\User', 1029),
	(8, 'App\\Models\\User', 1030),
	(8, 'App\\Models\\User', 1031),
	(8, 'App\\Models\\User', 1032),
	(8, 'App\\Models\\User', 1033),
	(8, 'App\\Models\\User', 1034),
	(8, 'App\\Models\\User', 1035),
	(8, 'App\\Models\\User', 1036),
	(8, 'App\\Models\\User', 1037),
	(8, 'App\\Models\\User', 1038),
	(8, 'App\\Models\\User', 1039),
	(8, 'App\\Models\\User', 1040),
	(8, 'App\\Models\\User', 1041),
	(8, 'App\\Models\\User', 1042),
	(8, 'App\\Models\\User', 1043),
	(8, 'App\\Models\\User', 1044),
	(8, 'App\\Models\\User', 1045),
	(8, 'App\\Models\\User', 1046),
	(8, 'App\\Models\\User', 1047),
	(8, 'App\\Models\\User', 1048),
	(8, 'App\\Models\\User', 1049),
	(8, 'App\\Models\\User', 1050),
	(8, 'App\\Models\\User', 1051),
	(8, 'App\\Models\\User', 1052),
	(8, 'App\\Models\\User', 1053),
	(8, 'App\\Models\\User', 1054),
	(9, 'App\\Models\\User', 1055),
	(8, 'App\\Models\\User', 1056),
	(8, 'App\\Models\\User', 1057),
	(8, 'App\\Models\\User', 1058),
	(8, 'App\\Models\\User', 1059),
	(8, 'App\\Models\\User', 1060),
	(8, 'App\\Models\\User', 1061),
	(8, 'App\\Models\\User', 1062),
	(8, 'App\\Models\\User', 1063),
	(8, 'App\\Models\\User', 1064),
	(8, 'App\\Models\\User', 1065),
	(8, 'App\\Models\\User', 1066),
	(8, 'App\\Models\\User', 1067),
	(9, 'App\\Models\\User', 1068),
	(8, 'App\\Models\\User', 1069),
	(8, 'App\\Models\\User', 1070),
	(8, 'App\\Models\\User', 1071),
	(8, 'App\\Models\\User', 1072),
	(8, 'App\\Models\\User', 1073),
	(8, 'App\\Models\\User', 1074),
	(8, 'App\\Models\\User', 1075),
	(9, 'App\\Models\\User', 1076),
	(8, 'App\\Models\\User', 1078),
	(8, 'App\\Models\\User', 1079),
	(8, 'App\\Models\\User', 1080),
	(8, 'App\\Models\\User', 1081),
	(9, 'App\\Models\\User', 1082),
	(8, 'App\\Models\\User', 1083),
	(8, 'App\\Models\\User', 1084),
	(8, 'App\\Models\\User', 1085),
	(8, 'App\\Models\\User', 1086),
	(8, 'App\\Models\\User', 1087),
	(9, 'App\\Models\\User', 1088),
	(8, 'App\\Models\\User', 1089),
	(8, 'App\\Models\\User', 1090),
	(9, 'App\\Models\\User', 1091),
	(8, 'App\\Models\\User', 1093),
	(3, 'App\\Models\\User', 700002),
	(3, 'App\\Models\\User', 700003),
	(3, 'App\\Models\\User', 700004),
	(3, 'App\\Models\\User', 700005),
	(3, 'App\\Models\\User', 700006),
	(4, 'App\\Models\\User', 800002),
	(4, 'App\\Models\\User', 800004),
	(4, 'App\\Models\\User', 800009),
	(4, 'App\\Models\\User', 800011),
	(4, 'App\\Models\\User', 800014),
	(4, 'App\\Models\\User', 800017),
	(4, 'App\\Models\\User', 800018),
	(4, 'App\\Models\\User', 800019),
	(4, 'App\\Models\\User', 800020);


-- Volcando datos para la tabla mtiadmin_portal.permissions: ~0 rows (aproximadamente)
REPLACE INTO `permissions` (`id`, `name`, `nombre`, `orden`, `permission_type_id`, `guard_name`, `created_at`, `updated_at`) VALUES
	(1, 'manage users', NULL, NULL, NULL, 'web', '2025-05-07 10:49:09', '2025-05-07 10:49:09'),
	(2, 'edit profile', NULL, NULL, NULL, 'web', '2025-05-07 10:49:09', '2025-05-07 10:49:09'),
	(3, 'view_users', NULL, NULL, NULL, 'web', '2025-05-07 10:49:20', '2025-05-07 10:49:20'),
	(4, 'edit_users', NULL, NULL, NULL, 'web', '2025-05-07 10:49:20', '2025-05-07 10:49:20'),
	(5, 'delete_users', NULL, NULL, NULL, 'web', '2025-05-07 10:49:20', '2025-05-07 10:49:20'),
	(6, 'create_users', NULL, NULL, NULL, 'web', '2025-05-07 10:49:20', '2025-05-07 10:49:20'),
	(7, 'manage_orders', NULL, NULL, NULL, 'web', '2025-05-07 10:49:20', '2025-05-07 10:49:20'),
	(8, 'view_reports', NULL, NULL, NULL, 'web', '2025-05-07 10:49:20', '2025-05-07 10:49:20'),
	(9, 'test', NULL, NULL, NULL, 'web', '2025-05-16 05:12:48', '2025-05-16 05:12:48'),
	(10, 'vistapreproyectosdashboard', NULL, NULL, NULL, 'web', '2025-05-16 10:17:36', '2025-05-16 10:17:36'),
	(11, 'vistaproyectosdashboard', NULL, NULL, NULL, 'web', '2025-05-16 10:17:53', '2025-05-16 10:17:53'),
	(12, 'vistapedidosdashboardcliente', NULL, NULL, NULL, 'web', '2025-05-16 10:18:24', '2025-05-16 10:18:24'),
	(13, 'dashboardclienteproyectos', NULL, NULL, NULL, 'web', '2025-05-16 10:21:01', '2025-05-16 10:21:01'),
	(14, 'dashboardclientepedidos', 'Ver Pedidos En dashboard ', NULL, NULL, 'web', '2025-05-16 10:23:43', '2025-11-04 23:18:35'),
	(15, 'dashboardclientepreproyectos', 'Ver Preproyectos en dashboard', 0, 1, 'web', '2025-05-16 10:24:20', '2025-11-04 23:17:16'),
	(16, 'asidedashboard', 'Ver Dashboard', 1, 1, 'web', '2025-05-16 11:30:28', '2025-11-03 19:11:01'),
	(17, 'asidepreproyectos', 'Ver Pre proyectos', 1, 1, 'web', '2025-05-16 11:31:06', '2025-11-03 19:10:30'),
	(18, 'asideproyectos', 'Ver Proyectos', 1, 2, 'web', '2025-05-16 11:32:14', '2025-10-31 23:11:40'),
	(19, 'asidediseniodesplegable', 'Ver Diseños', NULL, NULL, 'web', '2025-05-16 11:40:04', '2025-11-03 21:33:39'),
	(20, 'asideproducciondesplegable', 'Menu Principal  Producción ', 1, 1, 'web', '2025-05-16 11:43:38', '2025-11-03 19:06:58'),
	(21, 'asideusuariosdesplegable', 'Ver Usuarios', 1, 1, 'web', '2025-05-16 11:53:33', '2025-11-03 19:12:13'),
	(22, 'proyectopedidoscolumnafechaenbarque', 'Columna Fecha de embarque', 2, 1, 'web', '2025-05-20 07:03:51', '2025-11-04 17:02:28'),
	(23, 'proyectopedidoscolumnafechaEntrega', 'Columna Fecha de entrega', 2, 1, 'web', '2025-05-20 07:04:03', '2025-11-04 17:08:44'),
	(24, 'proyectopedidoscolumnafechaproduccion', 'Columna Fecha de Produccion', 2, 1, 'web', '2025-05-20 07:04:13', '2025-11-04 17:02:59'),
	(25, 'proyectopedidosEditarinputTipo', NULL, NULL, NULL, 'web', '2025-05-20 11:24:16', '2025-05-20 11:24:16'),
	(26, 'proyectopedidosEditarInputEstado', NULL, NULL, NULL, 'web', '2025-05-20 11:29:35', '2025-05-20 11:29:35'),
	(27, 'proyectopedidosEditarinputFechaproduccion', 'Editar Fecha de Producción ', 3, 1, 'web', '2025-05-20 11:58:26', '2025-11-04 17:04:27'),
	(28, 'proyectopedidosEditarinputFechaEmbarque', 'Editar fecha de embarque', 3, 1, 'web', '2025-05-20 11:58:43', '2025-11-04 17:03:50'),
	(29, 'proyectopedidosEditarinputFechaEntrega', 'Editar fecha de entrega', 3, 1, 'web', '2025-05-20 12:01:17', '2025-11-04 17:06:09'),
	(30, 'vistaproyectoSeccionPedidos', 'Ver seccion de pedidos/Muestras', 1, 1, 'web', '2025-05-21 07:03:03', '2025-11-04 00:21:34'),
	(31, 'Jefe Diseñador', NULL, NULL, NULL, 'web', '2025-05-21 11:13:34', '2025-05-21 11:13:34'),
	(32, 'asidediseniodesplegableTareas', 'Ver Tareas', 1, 1, 'web', '2025-05-21 12:09:50', '2025-11-03 21:32:08'),
	(33, 'asidediseniodesplegableAdminTareas', 'Ver Administración de tareas', 1, 1, 'web', '2025-05-21 12:11:14', '2025-11-03 19:33:16'),
	(34, 'ver-todos-los-preproyectos', NULL, NULL, NULL, 'web', '2025-05-23 06:40:41', '2025-05-23 06:40:41'),
	(35, 'tablaPreproyectos-ver-todos-los-preproyectos', NULL, NULL, NULL, 'web', '2025-05-23 06:45:24', '2025-05-23 06:45:24'),
	(36, 'tablaProyectos-ver-todos-los-proyectos', NULL, NULL, NULL, 'web', '2025-05-23 08:36:01', '2025-05-23 08:36:01'),
	(37, 'tablaPedidos-ver-todos-los-pedidos', NULL, NULL, NULL, 'web', '2025-05-23 10:04:57', '2025-05-23 10:04:57'),
	(38, 'ver-todas-notificaciones-del-sistema', NULL, NULL, NULL, 'web', '2025-05-23 10:15:13', '2025-05-23 10:15:13'),
	(39, 'proyectodiseñoAprobarDiseño', 'Boton Aprobar Diseño', 1, 1, 'web', '2025-06-13 10:20:54', '2025-11-04 00:36:45'),
	(40, 'proyectodiseñoRechazarDiseño', 'Botón Rechazar Diseño', 1, NULL, 'web', '2025-06-13 10:22:10', '2025-11-04 00:42:47'),
	(41, 'proyectodiseñoCrearMuestra', 'Boton Crear Muestra', 1, 3, 'web', '2025-06-13 10:22:25', '2025-11-04 00:43:26'),
	(42, 'proyectodiseñoSubirArchivoDiseño', 'Boton Cargar Archivo Diseño', NULL, NULL, 'web', '2025-06-13 10:46:27', '2025-11-04 00:42:15'),
	(43, ' proyectodiseñoSubirArte', 'Boton Cargar Arte', 1, 3, 'web', '2025-06-13 10:50:24', '2025-11-04 00:43:50'),
	(44, 'proyectodiseñopestañaTareasDelProyecto', 'Ver sección de tareas', 1, 1, 'web', '2025-06-20 03:26:52', '2025-11-04 00:19:25'),
	(45, 'dashboardjefediseñadorproyectos', NULL, NULL, NULL, 'web', '2025-06-24 08:17:07', '2025-06-24 08:17:07'),
	(46, 'tablaProyectos-ver-columna-pedidos', 'Ver Columna de  Pedidos', 1, 1, 'web', '2025-06-27 02:37:16', '2025-11-04 17:51:24'),
	(47, 'asideAprobacionesEspeciales', 'Ver Aprobaciones especiales ', 1, 1, 'web', '2025-08-19 05:59:05', '2025-11-03 19:10:03'),
	(48, 'asideAdministraciónMuestras', 'Ver Administracion de Muestras', 1, 2, 'web', '2025-08-19 05:59:14', '2025-11-03 22:43:38'),
	(49, 'asideAdministraciónPedidos', 'Ver Administración de Pedidos', NULL, 1, 'web', '2025-08-19 05:59:20', '2025-11-03 21:32:56'),
	(50, 'asideAdministraciónMuestrasTabPendiente', 'Ver tab Muestras Pendientes', 1, 1, 'web', '2025-08-19 23:26:24', '2025-11-03 19:35:27'),
	(51, 'asideAdministraciónMuestrasTabSoliocitada', 'Ver Tab Muestra Solicitadas', 1, 1, 'web', '2025-08-19 23:26:30', '2025-11-03 19:33:53'),
	(52, 'asideAdministraciónMuestrasTabMuestraLista', 'Ver Tab Muestra Lista', 1, 1, 'web', '2025-08-19 23:26:38', '2025-11-03 19:34:22'),
	(53, 'asideAdministraciónMuestrasTabEntregada', 'Ver Tab Muestra Entregada', 1, 1, 'web', '2025-08-19 23:26:45', '2025-11-03 19:35:03'),
	(54, 'asideAdministraciónMuestrasTabCancelada', 'Columna de muestras canceladas', 1, 1, 'web', '2025-08-19 23:26:51', '2025-11-03 19:08:11'),
	(55, 'Testb', 'test B', 1, 1, 'web', '2025-10-31 00:01:58', '2025-10-31 00:01:58'),
	(56, 'testVISTAF', 'testVISTAF', 1, 1, 'web', '2025-10-31 18:57:44', '2025-10-31 18:57:44'),
	(57, 'editar', 'Editar', 1, 1, 'web', '2025-10-31 19:00:19', '2025-10-31 19:00:19'),
	(58, 'Crear', 'Crear', 0, 3, 'web', '2025-10-31 19:17:47', '2025-10-31 19:17:47'),
	(59, 'Eliminar', 'Eliminar', 1, 3, 'web', '2025-10-31 19:18:27', '2025-10-31 19:18:27'),
	(60, 'Ver', 'Ver', 1, 3, 'web', '2025-10-31 19:22:36', '2025-10-31 19:22:36'),
	(61, 'asidedisenioAdministracion', 'Ver Administracion de Diseños', 1, 1, 'web', '2025-11-03 22:29:11', '2025-11-03 22:29:11'),
	(62, 'asidedisenioTareas', 'Ver Tareas de Diseño', 1, 1, 'web', '2025-11-03 22:32:13', '2025-11-03 22:32:13'),
	(63, 'asideAdministraciónReconfiguracion', 'Ver Administración Reconfiguración', 1, 1, 'web', '2025-11-03 22:47:58', '2025-11-03 22:47:58'),
	(64, 'asideEntrega', 'Ver Entregas', 1, 1, 'web', '2025-11-03 23:15:40', '2025-11-03 23:15:40'),
	(65, 'asideFacturacion', 'Ver Facturacion', 1, 1, 'web', '2025-11-03 23:17:23', '2025-11-03 23:17:23'),
	(66, 'notificaralclienteproyecto', 'Boton Notificar Estatus', 1, 3, 'web', '2025-11-04 00:32:42', '2025-11-04 00:32:42'),
	(67, 'proyectodiseñoconfirmarSolicitudReconfiguracion', 'Boton Solicitar Reconfiguracion', 1, 1, 'web', '2025-11-04 00:39:56', '2025-11-04 00:39:56'),
	(68, 'proyectodiseñoreconfigurarproyecto', 'Boton Reconfigurar Proyecto', 1, 1, 'web', '2025-11-04 00:41:11', '2025-11-04 00:41:11'),
	(69, 'dashboardDiseñosColumnaHistorial', 'Ver Columna De historial', 2, 1, 'web', '2025-11-04 17:45:32', '2025-11-04 17:45:32'),
	(70, 'dashboardDiseñosColumnaTareas', 'Ver columna de Tareas', 2, 1, 'web', '2025-11-04 17:46:17', '2025-11-04 17:46:17'),
	(71, 'dashboardDiseñosBotonAsignarTarea', 'Botón Asignar Tarea', 3, 3, 'web', '2025-11-04 17:47:25', '2025-11-04 17:47:25'),
	(72, 'tablaReconfigurarar-ver-todos-los-proyectos', 'Ver todos los proyectos', 1, 1, 'web', '2025-11-04 19:03:27', '2025-11-04 19:03:27'),
	(73, 'tablaReconfigurarar-ver-columna-pedidos', 'Ver columna pedidos', 1, 1, 'web', '2025-11-04 19:04:12', '2025-11-04 19:04:12'),
	(74, 'tablaReconfigurarar-columna-tareas', 'Ver columna Tareas', 1, 1, 'web', '2025-11-04 19:06:24', '2025-11-04 19:06:24'),
	(75, 'tablaReconfigurarar-columna-historial', 'Ver Columna Historial', 1, 1, 'web', '2025-11-04 19:06:56', '2025-11-04 19:06:56'),
	(76, 'admin-disenio-cambiar-estado-tarea', 'Admin Ver bonton cambio de estado ', 1, 3, 'web', '2025-11-04 21:13:20', '2025-11-04 21:13:20'),
	(77, 'edit-pre-project-fecha-produccion', 'Ver fecha de Produccion', 1, 1, 'web', '2025-11-05 17:39:53', '2025-11-05 17:39:53'),
	(78, 'edit-pre-project-fecha-embarque', 'Ver fecha de Embarque', 1, 1, 'web', '2025-11-05 17:40:41', '2025-11-05 17:40:41'),
	(79, 'edit-pre-project-fecha-entrega', 'Ver Fecha de Entrega', 1, 1, 'web', '2025-11-05 17:46:18', '2025-11-05 17:46:18'),
	(80, 'edit-pre-project--boton-guardar-cambios', 'Guardar Cambios', 1, 1, 'web', '2025-11-05 17:47:07', '2025-11-05 17:47:07'),
	(81, 'edit-pre-project--Pre-Aprobar-proyecto', 'Botón Aprobar Pre proyecto', 1, 3, 'web', '2025-11-05 17:47:59', '2025-11-05 17:47:59');


-- Volcando datos para la tabla mtiadmin_portal.permission_types: ~3 rows (aproximadamente)
REPLACE INTO `permission_types` (`id`, `slug`, `nombre`, `orden`, `created_at`, `updated_at`) VALUES
	(1, 'sistema', 'Sistema', 1, '2025-11-20 18:06:10', '2025-11-20 18:06:10'),
	(2, 'modulo', 'Módulo', 2, '2025-11-20 18:06:10', '2025-11-20 18:06:10'),
	(3, 'accion', 'Acción', 3, '2025-11-20 18:06:10', '2025-11-20 18:06:10');


-- Volcando datos para la tabla mtiadmin_portal.roles: ~0 rows (aproximadamente)
REPLACE INTO `roles` (`id`, `name`, `guard_name`, `tipo`, `created_at`, `updated_at`) VALUES
	(1, 'admin', 'web', NULL, '2025-06-10 05:36:06', '2025-06-10 05:36:06'),
	(3, 'proveedor', 'web', NULL, '2025-06-10 05:36:06', '2025-06-10 05:36:06'),
	(4, 'staff', 'web', NULL, '2025-06-10 05:36:06', '2025-11-03 18:59:40'),
	(5, 'diseñador', 'web', NULL, '2025-06-10 05:36:06', '2025-06-10 05:36:06'),
	(6, 'jefediseñador', 'web', NULL, '2025-06-10 05:36:06', '2025-06-10 05:36:06'),
	(7, 'operador', 'web', NULL, '2025-06-10 05:36:06', '2025-06-10 05:36:06'),
	(8, 'cliente_principal', 'web', NULL, '2025-06-10 05:36:06', '2025-06-10 05:36:06'),
	(9, 'cliente_subordinado', 'web', NULL, '2025-06-10 05:36:06', '2025-06-10 05:36:06');

-- Volcando datos para la tabla mtiadmin_portal.role_has_permissions: ~0 rows (aproximadamente)
REPLACE INTO `role_has_permissions` (`permission_id`, `role_id`) VALUES
	(1, 1),
	(2, 1),
	(3, 1),
	(4, 1),
	(5, 1),
	(6, 1),
	(7, 1),
	(8, 1),
	(9, 1),
	(10, 1),
	(11, 1),
	(12, 1),
	(13, 1),
	(14, 1),
	(15, 1),
	(16, 1),
	(17, 1),
	(18, 1),
	(19, 1),
	(20, 1),
	(21, 1),
	(22, 1),
	(23, 1),
	(24, 1),
	(25, 1),
	(26, 1),
	(27, 1),
	(28, 1),
	(29, 1),
	(30, 1),
	(31, 1),
	(32, 1),
	(33, 1),
	(34, 1),
	(35, 1),
	(36, 1),
	(37, 1),
	(38, 1),
	(39, 1),
	(40, 1),
	(41, 1),
	(42, 1),
	(43, 1),
	(44, 1),
	(46, 1),
	(47, 1),
	(48, 1),
	(49, 1),
	(50, 1),
	(51, 1),
	(52, 1),
	(53, 1),
	(54, 1),
	(57, 1),
	(58, 1),
	(59, 1),
	(60, 1),
	(61, 1),
	(62, 1),
	(63, 1),
	(64, 1),
	(65, 1),
	(66, 1),
	(67, 1),
	(68, 1),
	(69, 1),
	(70, 1),
	(71, 1),
	(72, 1),
	(73, 1),
	(74, 1),
	(75, 1),
	(76, 1),
	(77, 1),
	(78, 1),
	(79, 1),
	(80, 1),
	(81, 1),
	(10, 4),
	(15, 4),
	(17, 4),
	(18, 4),
	(19, 4),
	(34, 4),
	(35, 4),
	(47, 4),
	(48, 4),
	(50, 4),
	(51, 4),
	(52, 4),
	(53, 4),
	(54, 4),
	(63, 4),
	(72, 4),
	(73, 4),
	(74, 4),
	(75, 4),
	(77, 4),
	(78, 4),
	(79, 4),
	(81, 4),
	(16, 5),
	(19, 5),
	(32, 5),
	(42, 5),
	(46, 5),
	(51, 5),
	(53, 5),
	(57, 5),
	(58, 5),
	(60, 5),
	(69, 5),
	(70, 5),
	(16, 6),
	(19, 6),
	(32, 6),
	(33, 6),
	(42, 6),
	(44, 6),
	(50, 6),
	(51, 6),
	(52, 6),
	(53, 6),
	(57, 6),
	(58, 6),
	(59, 6),
	(60, 6),
	(66, 6),
	(68, 6),
	(2, 7),
	(10, 8),
	(12, 8),
	(13, 8),
	(14, 8),
	(15, 8),
	(16, 8),
	(17, 8),
	(18, 8),
	(19, 8),
	(21, 8),
	(23, 8),
	(29, 8),
	(30, 8),
	(39, 8),
	(40, 8),
	(41, 8),
	(46, 8),
	(57, 8),
	(58, 8),
	(60, 8),
	(67, 8),
	(79, 8),
	(80, 8),
	(2, 9),
	(10, 9),
	(12, 9),
	(13, 9),
	(14, 9),
	(15, 9),
	(16, 9),
	(17, 9),
	(18, 9),
	(19, 9),
	(21, 9),
	(23, 9),
	(24, 9),
	(29, 9),
	(30, 9),
	(39, 9),
	(40, 9),
	(41, 9),
	(57, 9),
	(58, 9),
	(60, 9),
	(67, 9),
	(79, 9),
	(80, 9);

