
--
-- Volcado de datos para la tabla `caracteristicas`
--

REPLACE INTO `caracteristicas` (`id`, `nombre`, `flag_seleccion_multiple`, `created_at`, `updated_at`, `ind_activo`) VALUES
(1, 'Tipo de Tela', 0, '2025-04-25 22:33:14', '2025-04-25 23:43:57', 1),
(2, 'Tipo de Cinta', 0, '2025-04-25 22:33:27', '2025-04-25 23:43:50', 1),
(3, 'Impresion', 0, '2025-04-25 22:34:21', '2025-05-06 21:42:47', 1),
(4, 'Material', 0, '2025-04-25 22:34:46', '2025-04-25 23:43:32', 1),
(5, 'Medida', 0, '2025-04-25 22:36:14', '2025-04-25 23:43:23', 1),
(6, 'Tamaño', 0, '2025-04-25 22:36:33', '2025-04-25 23:43:17', 1),
(7, 'Hebilla Frontal', 0, '2025-04-25 22:37:19', '2025-04-25 23:43:07', 1),
(8, 'Broche de Seguridad', 0, '2025-04-25 22:37:46', '2025-04-25 23:42:59', 1),
(9, 'Herraje', 0, '2025-04-25 22:38:23', '2025-05-06 22:22:05', 1),
(10, 'Broche Inviolable', 0, '2025-04-25 22:38:46', '2025-04-25 23:42:39', 1),
(11, 'Terminado', 0, '2025-04-25 22:40:52', '2025-04-26 00:17:59', 1),
(12, 'Acabado', 0, '2025-04-25 22:41:02', '2025-04-25 23:42:32', 1),
(13, 'Herraje Doble', 0, '2025-04-25 22:45:50', '2025-04-25 23:42:22', 1),
(14, 'Herraje Extra', 0, '2025-04-25 22:56:05', '2025-04-25 23:42:16', 1),
(15, 'Pintada', 0, '2025-04-25 23:02:44', '2025-04-25 23:42:10', 1),
(16, 'Elastico', 0, '2025-04-25 23:44:28', '2025-04-25 23:45:51', 1),
(17, 'Jareta', 0, '2025-04-25 23:55:39', '2025-04-25 23:56:28', 1),
(18, 'Materiales', 0, '2025-04-26 00:16:59', '2025-04-26 00:16:59', 1),
(19, 'Presentación', 0, '2025-04-26 00:19:47', '2025-04-26 00:19:47', 1),
(20, 'Armado', 0, '2025-04-26 00:25:50', '2025-04-26 00:25:50', 1),
(21, 'Tipo de Cuello', 0, '2025-05-06 21:53:22', '2025-05-06 21:53:22', 1),
(22, 'Yoyo Personalisado', 0, '2025-05-06 22:22:44', '2025-05-06 22:22:44', 1),
(23, 'Medida Yoyo', 0, '2025-05-06 22:24:46', '2025-05-06 22:24:46', 1),
(24, 'Tipo Cinta Superior', 0, '2025-05-06 23:09:48', '2025-05-06 23:10:09', 1),
(25, 'Medida Cinta Superior', 0, '2025-05-06 23:10:57', '2025-05-06 23:10:57', 1),
(26, 'Medida Cinta Inferior', 0, '2025-05-06 23:11:14', '2025-05-06 23:11:14', 1),
(27, 'Tipo Cinta Inferior', 0, '2025-05-06 23:11:35', '2025-05-06 23:11:35', 1);

--
-- Volcado de datos para la tabla `caracteristica_opcion`
--

REPLACE INTO `caracteristica_opcion` (`id`, `caracteristica_id`, `opcion_id`, `created_at`, `updated_at`) VALUES
(14, 9, 2, NULL, NULL),
(15, 13, 2, NULL, NULL),
(16, 9, 3, NULL, NULL),
(17, 13, 3, NULL, NULL),
(18, 9, 5, NULL, NULL),
(19, 13, 5, NULL, NULL),
(20, 9, 7, NULL, NULL),
(21, 13, 7, NULL, NULL),
(23, 14, 8, NULL, NULL),
(24, 14, 9, NULL, NULL),
(25, 14, 10, NULL, NULL),
(26, 9, 10, NULL, NULL),
(27, 14, 11, NULL, NULL),
(28, 9, 12, NULL, NULL),
(29, 13, 12, NULL, NULL),
(31, 15, 13, NULL, NULL),
(32, 15, 14, NULL, NULL),
(33, 15, 15, NULL, NULL),
(34, 15, 16, NULL, NULL),
(35, 15, 18, NULL, NULL),
(36, 12, 19, NULL, NULL),
(37, 12, 20, NULL, NULL),
(38, 12, 21, NULL, NULL),
(39, 11, 22, NULL, NULL),
(40, 11, 23, NULL, NULL),
(41, 11, 24, NULL, NULL),
(42, 1, 25, NULL, NULL),
(43, 2, 26, NULL, NULL),
(44, 2, 27, NULL, NULL),
(45, 2, 28, NULL, NULL),
(46, 2, 29, NULL, NULL),
(47, 2, 30, NULL, NULL),
(48, 2, 31, NULL, NULL),
(49, 12, 32, NULL, NULL),
(50, 10, 33, NULL, NULL),
(51, 10, 34, NULL, NULL),
(52, 10, 35, NULL, NULL),
(53, 8, 36, NULL, NULL),
(54, 7, 37, NULL, NULL),
(56, 6, 39, NULL, NULL),
(57, 6, 40, NULL, NULL),
(58, 6, 41, NULL, NULL),
(59, 6, 42, NULL, NULL),
(60, 6, 43, NULL, NULL),
(61, 6, 44, NULL, NULL),
(62, 6, 45, NULL, NULL),
(63, 6, 46, NULL, NULL),
(64, 6, 47, NULL, NULL),
(65, 6, 48, NULL, NULL),
(66, 6, 49, NULL, NULL),
(67, 5, 50, NULL, NULL),
(68, 5, 51, NULL, NULL),
(69, 5, 52, NULL, NULL),
(70, 5, 53, NULL, NULL),
(71, 5, 54, NULL, NULL),
(72, 5, 55, NULL, NULL),
(73, 5, 56, NULL, NULL),
(74, 5, 57, NULL, NULL),
(75, 5, 58, NULL, NULL),
(76, 4, 59, NULL, NULL),
(77, 3, 60, NULL, NULL),
(78, 3, 61, NULL, NULL),
(80, 16, 62, NULL, NULL),
(81, 16, 63, NULL, NULL),
(82, 16, 64, NULL, NULL),
(84, 17, 65, NULL, NULL),
(85, 17, 66, NULL, NULL),
(87, 18, 68, NULL, NULL),
(88, 18, 69, NULL, NULL),
(89, 18, 70, NULL, NULL),
(90, 19, 67, NULL, NULL),
(91, 19, 71, NULL, NULL),
(92, 20, 1, NULL, NULL),
(93, 20, 72, NULL, NULL),
(94, 20, 73, NULL, NULL),
(95, 20, 74, NULL, NULL),
(96, 19, 75, NULL, NULL),
(97, 3, 76, NULL, NULL),
(98, 1, 77, NULL, NULL),
(99, 1, 78, NULL, NULL),
(100, 1, 79, NULL, NULL),
(101, 1, 80, NULL, NULL),
(102, 21, 81, NULL, NULL),
(103, 21, 82, NULL, NULL),
(104, 22, 38, NULL, NULL),
(105, 23, 53, NULL, NULL),
(107, 24, 29, NULL, NULL),
(108, 24, 26, NULL, NULL),
(109, 25, 53, NULL, NULL),
(110, 26, 54, NULL, NULL),
(111, 27, 26, NULL, NULL),
(112, 27, 29, NULL, NULL);

--
-- Volcado de datos para la tabla `categorias`
--

REPLACE INTO `categorias` (`id`, `nombre`, `created_at`, `updated_at`, `flag_tallas`, `ind_activo`) VALUES
(1, 'Playera', '2025-04-25 21:51:01', '2025-05-06 22:42:27', 1, 1),
(2, 'Jersey', '2025-04-25 21:51:55', '2025-04-25 22:09:02', 1, 1),
(3, 'Polo', '2025-04-25 21:52:15', '2025-04-25 22:09:05', 1, 1),
(4, 'Chamarra', '2025-04-25 21:52:26', '2025-04-25 22:09:08', 1, 1),
(5, 'Tank Top', '2025-04-25 21:52:40', '2025-04-25 22:09:11', 1, 1),
(6, 'Bandana', '2025-04-25 22:02:34', '2025-04-25 22:02:34', 0, 1),
(7, 'Portanumero', '2025-04-25 22:03:07', '2025-04-25 22:03:07', 0, 1),
(8, 'Cinta Sublimada', '2025-04-25 22:04:21', '2025-04-26 00:33:49', 0, 1),
(9, 'Portagafete', '2025-04-25 22:04:33', '2025-05-06 23:13:12', 0, 1),
(10, 'Otras Cintas y Listones', '2025-04-25 22:08:16', '2025-05-06 21:45:20', 0, 1),
(11, 'Pulseras', '2025-04-25 22:16:37', '2025-04-26 00:06:16', 0, 1),
(12, 'Medallas y Fundicion Varios', '2025-04-25 22:18:39', '2025-04-26 00:01:18', 0, 1),
(13, 'Gorras', '2025-04-25 22:19:19', '2025-04-25 22:19:19', 0, 1),
(14, 'Morrales', '2025-04-25 22:20:03', '2025-04-25 23:56:42', 0, 1),
(15, 'Tarjetas y Tags', '2025-04-25 22:21:17', '2025-05-06 21:41:39', 0, 1),
(16, 'Numeros de Competidor', '2025-04-25 22:21:28', '2025-04-25 23:54:11', 0, 1),
(17, 'Textil Cortado Varios', '2025-04-25 22:31:53', '2025-04-25 23:53:15', 0, 1);

--
-- Volcado de datos para la tabla `categoria_caracteristica`
--

REPLACE INTO `categoria_caracteristica` (`id`, `categoria_id`, `caracteristica_id`, `created_at`, `updated_at`) VALUES
(1, 17, 1, NULL, NULL),
(2, 16, 4, NULL, NULL),
(3, 14, 1, NULL, NULL),
(4, 14, 17, NULL, NULL),
(5, 12, 5, NULL, NULL),
(6, 12, 12, NULL, NULL),
(7, 12, 15, NULL, NULL),
(8, 11, 2, NULL, NULL),
(9, 11, 3, NULL, NULL),
(10, 11, 5, NULL, NULL),
(11, 11, 10, NULL, NULL),
(12, 11, 11, NULL, NULL),
(13, 8, 2, NULL, NULL),
(14, 8, 3, NULL, NULL),
(15, 8, 5, NULL, NULL),
(16, 8, 19, NULL, NULL),
(17, 8, 20, NULL, NULL),
(18, 15, 18, NULL, NULL),
(19, 15, 3, NULL, NULL),
(20, 10, 3, NULL, NULL),
(21, 10, 4, NULL, NULL),
(22, 10, 5, NULL, NULL),
(23, 10, 19, NULL, NULL),
(24, 9, 2, NULL, NULL),
(25, 9, 3, NULL, NULL),
(26, 9, 5, NULL, NULL),
(27, 9, 7, NULL, NULL),
(28, 9, 8, NULL, NULL),
(29, 9, 9, NULL, NULL),
(30, 9, 10, NULL, NULL),
(31, 9, 13, NULL, NULL),
(32, 9, 14, NULL, NULL),
(33, 1, 1, NULL, NULL),
(34, 9, 11, NULL, NULL),
(35, 9, 22, NULL, NULL),
(36, 9, 23, NULL, NULL),
(37, 1, 21, NULL, NULL),
(38, 9, 24, NULL, NULL),
(39, 9, 25, NULL, NULL),
(40, 9, 26, NULL, NULL),
(41, 9, 27, NULL, NULL);


--
-- Volcado de datos para la tabla `ciudades`
--

REPLACE INTO `ciudades` (`id`, `estado_id`, `nombre`, `created_at`, `updated_at`) VALUES
(1, 1, 'Álvaro Obregón', '2025-06-09 21:24:27', '2025-06-09 21:24:27'),
(2, 1, 'Coyoacán', '2025-06-09 21:24:27', '2025-06-09 21:24:27'),
(3, 1, 'Tlalpan', '2025-06-09 21:24:27', '2025-06-09 21:24:27'),
(4, 2, 'Guadalajara', '2025-06-09 21:24:27', '2025-06-09 21:24:27'),
(5, 2, 'Zapopan', '2025-06-09 21:24:27', '2025-06-09 21:24:27'),
(6, 2, 'Tlaquepaque', '2025-06-09 21:24:27', '2025-06-09 21:24:27'),
(7, 3, 'Monterrey', '2025-06-09 21:24:27', '2025-06-09 21:24:27'),
(8, 3, 'San Pedro Garza García', '2025-06-09 21:24:27', '2025-06-09 21:24:27'),
(9, 3, 'Guadalupe', '2025-06-09 21:24:27', '2025-06-09 21:24:27'),
(10, 4, 'Mérida', '2025-06-09 21:24:27', '2025-06-09 21:24:27'),
(11, 4, 'Valladolid', '2025-06-09 21:24:27', '2025-06-09 21:24:27'),
(12, 4, 'Progreso', '2025-06-09 21:24:27', '2025-06-09 21:24:27'),
(13, 5, 'Los Ángeles', '2025-06-09 21:24:27', '2025-06-09 21:24:27'),
(14, 5, 'San Francisco', '2025-06-09 21:24:27', '2025-06-09 21:24:27'),
(15, 5, 'San Diego', '2025-06-09 21:24:27', '2025-06-09 21:24:27'),
(16, 6, 'Houston', '2025-06-09 21:24:27', '2025-06-09 21:24:27'),
(17, 6, 'Dallas', '2025-06-09 21:24:27', '2025-06-09 21:24:27'),
(18, 6, 'Austin', '2025-06-09 21:24:27', '2025-06-09 21:24:27'),
(19, 7, 'Nueva York', '2025-06-09 21:24:27', '2025-06-09 21:24:27'),
(20, 7, 'Buffalo', '2025-06-09 21:24:27', '2025-06-09 21:24:27'),
(21, 7, 'Rochester', '2025-06-09 21:24:27', '2025-06-09 21:24:27'),
(22, 8, 'Miami', '2025-06-09 21:24:27', '2025-06-09 21:24:27'),
(23, 8, 'Orlando', '2025-06-09 21:24:27', '2025-06-09 21:24:27'),
(24, 8, 'Tampa', '2025-06-09 21:24:27', '2025-06-09 21:24:27');

--
-- Volcado de datos para la tabla `ciudades_tipo_envio`
--

REPLACE INTO `ciudades_tipo_envio` (`id`, `ciudad_id`, `tipo_envio_id`, `created_at`, `updated_at`) VALUES
(1, 1, 1, '2025-06-09 21:24:27', '2025-06-09 21:24:27'),
(2, 1, 2, '2025-06-09 21:24:27', '2025-06-09 21:24:27'),
(3, 1, 3, '2025-06-09 21:24:27', '2025-06-09 21:24:27'),
(4, 1, 4, '2025-06-09 21:24:27', '2025-06-09 21:24:27'),
(5, 1, 5, '2025-06-09 21:24:27', '2025-06-09 21:24:27'),
(6, 2, 1, '2025-06-09 21:24:27', '2025-06-09 21:24:27'),
(7, 2, 2, '2025-06-09 21:24:27', '2025-06-09 21:24:27'),
(8, 2, 3, '2025-06-09 21:24:27', '2025-06-09 21:24:27'),
(9, 2, 4, '2025-06-09 21:24:27', '2025-06-09 21:24:27'),
(10, 2, 5, '2025-06-09 21:24:27', '2025-06-09 21:24:27'),
(11, 3, 1, '2025-06-09 21:24:27', '2025-06-09 21:24:27'),
(12, 3, 2, '2025-06-09 21:24:27', '2025-06-09 21:24:27'),
(13, 3, 3, '2025-06-09 21:24:27', '2025-06-09 21:24:27'),
(14, 3, 4, '2025-06-09 21:24:27', '2025-06-09 21:24:27'),
(15, 3, 5, '2025-06-09 21:24:27', '2025-06-09 21:24:27'),
(16, 4, 1, '2025-06-09 21:24:27', '2025-06-09 21:24:27'),
(17, 4, 2, '2025-06-09 21:24:27', '2025-06-09 21:24:27'),
(18, 4, 3, '2025-06-09 21:24:27', '2025-06-09 21:24:27'),
(19, 4, 4, '2025-06-09 21:24:27', '2025-06-09 21:24:27'),
(20, 4, 5, '2025-06-09 21:24:27', '2025-06-09 21:24:27'),
(21, 5, 1, '2025-06-09 21:24:27', '2025-06-09 21:24:27'),
(22, 5, 2, '2025-06-09 21:24:27', '2025-06-09 21:24:27'),
(23, 5, 3, '2025-06-09 21:24:27', '2025-06-09 21:24:27'),
(24, 5, 4, '2025-06-09 21:24:27', '2025-06-09 21:24:27'),
(25, 5, 5, '2025-06-09 21:24:27', '2025-06-09 21:24:27'),
(26, 6, 1, '2025-06-09 21:24:27', '2025-06-09 21:24:27'),
(27, 6, 2, '2025-06-09 21:24:27', '2025-06-09 21:24:27'),
(28, 6, 3, '2025-06-09 21:24:27', '2025-06-09 21:24:27'),
(29, 6, 4, '2025-06-09 21:24:27', '2025-06-09 21:24:27'),
(30, 6, 5, '2025-06-09 21:24:27', '2025-06-09 21:24:27'),
(31, 7, 1, '2025-06-09 21:24:27', '2025-06-09 21:24:27'),
(32, 7, 2, '2025-06-09 21:24:27', '2025-06-09 21:24:27'),
(33, 7, 3, '2025-06-09 21:24:27', '2025-06-09 21:24:27'),
(34, 7, 4, '2025-06-09 21:24:27', '2025-06-09 21:24:27'),
(35, 7, 5, '2025-06-09 21:24:27', '2025-06-09 21:24:27'),
(36, 8, 1, '2025-06-09 21:24:27', '2025-06-09 21:24:27'),
(37, 8, 2, '2025-06-09 21:24:27', '2025-06-09 21:24:27'),
(38, 8, 3, '2025-06-09 21:24:27', '2025-06-09 21:24:27'),
(39, 8, 4, '2025-06-09 21:24:27', '2025-06-09 21:24:27'),
(40, 8, 5, '2025-06-09 21:24:27', '2025-06-09 21:24:27'),
(41, 9, 1, '2025-06-09 21:24:27', '2025-06-09 21:24:27'),
(42, 9, 2, '2025-06-09 21:24:27', '2025-06-09 21:24:27'),
(43, 9, 3, '2025-06-09 21:24:27', '2025-06-09 21:24:27'),
(44, 9, 4, '2025-06-09 21:24:27', '2025-06-09 21:24:27'),
(45, 9, 5, '2025-06-09 21:24:27', '2025-06-09 21:24:27'),
(46, 10, 1, '2025-06-09 21:24:27', '2025-06-09 21:24:27'),
(47, 10, 2, '2025-06-09 21:24:27', '2025-06-09 21:24:27'),
(48, 10, 3, '2025-06-09 21:24:27', '2025-06-09 21:24:27'),
(49, 10, 4, '2025-06-09 21:24:27', '2025-06-09 21:24:27'),
(50, 10, 5, '2025-06-09 21:24:27', '2025-06-09 21:24:27'),
(51, 11, 1, '2025-06-09 21:24:27', '2025-06-09 21:24:27'),
(52, 11, 2, '2025-06-09 21:24:27', '2025-06-09 21:24:27'),
(53, 11, 3, '2025-06-09 21:24:27', '2025-06-09 21:24:27'),
(54, 11, 4, '2025-06-09 21:24:27', '2025-06-09 21:24:27'),
(55, 11, 5, '2025-06-09 21:24:27', '2025-06-09 21:24:27'),
(56, 12, 1, '2025-06-09 21:24:27', '2025-06-09 21:24:27'),
(57, 12, 2, '2025-06-09 21:24:27', '2025-06-09 21:24:27'),
(58, 12, 3, '2025-06-09 21:24:27', '2025-06-09 21:24:27'),
(59, 12, 4, '2025-06-09 21:24:27', '2025-06-09 21:24:27'),
(60, 12, 5, '2025-06-09 21:24:27', '2025-06-09 21:24:27'),
(61, 13, 1, '2025-06-09 21:24:27', '2025-06-09 21:24:27'),
(62, 13, 2, '2025-06-09 21:24:27', '2025-06-09 21:24:27'),
(63, 13, 3, '2025-06-09 21:24:27', '2025-06-09 21:24:27'),
(64, 13, 4, '2025-06-09 21:24:27', '2025-06-09 21:24:27'),
(65, 13, 5, '2025-06-09 21:24:27', '2025-06-09 21:24:27'),
(66, 14, 1, '2025-06-09 21:24:27', '2025-06-09 21:24:27'),
(67, 14, 2, '2025-06-09 21:24:27', '2025-06-09 21:24:27'),
(68, 14, 3, '2025-06-09 21:24:27', '2025-06-09 21:24:27'),
(69, 14, 4, '2025-06-09 21:24:27', '2025-06-09 21:24:27'),
(70, 14, 5, '2025-06-09 21:24:27', '2025-06-09 21:24:27'),
(71, 15, 1, '2025-06-09 21:24:27', '2025-06-09 21:24:27'),
(72, 15, 2, '2025-06-09 21:24:27', '2025-06-09 21:24:27'),
(73, 15, 3, '2025-06-09 21:24:27', '2025-06-09 21:24:27'),
(74, 15, 4, '2025-06-09 21:24:27', '2025-06-09 21:24:27'),
(75, 15, 5, '2025-06-09 21:24:27', '2025-06-09 21:24:27'),
(76, 16, 1, '2025-06-09 21:24:27', '2025-06-09 21:24:27'),
(77, 16, 2, '2025-06-09 21:24:27', '2025-06-09 21:24:27'),
(78, 16, 3, '2025-06-09 21:24:27', '2025-06-09 21:24:27'),
(79, 16, 4, '2025-06-09 21:24:27', '2025-06-09 21:24:27'),
(80, 16, 5, '2025-06-09 21:24:27', '2025-06-09 21:24:27'),
(81, 17, 1, '2025-06-09 21:24:27', '2025-06-09 21:24:27'),
(82, 17, 2, '2025-06-09 21:24:27', '2025-06-09 21:24:27'),
(83, 17, 3, '2025-06-09 21:24:27', '2025-06-09 21:24:27'),
(84, 17, 4, '2025-06-09 21:24:27', '2025-06-09 21:24:27'),
(85, 17, 5, '2025-06-09 21:24:27', '2025-06-09 21:24:27'),
(86, 18, 1, '2025-06-09 21:24:27', '2025-06-09 21:24:27'),
(87, 18, 2, '2025-06-09 21:24:27', '2025-06-09 21:24:27'),
(88, 18, 3, '2025-06-09 21:24:27', '2025-06-09 21:24:27'),
(89, 18, 4, '2025-06-09 21:24:27', '2025-06-09 21:24:27'),
(90, 18, 5, '2025-06-09 21:24:27', '2025-06-09 21:24:27'),
(91, 19, 1, '2025-06-09 21:24:27', '2025-06-09 21:24:27'),
(92, 19, 2, '2025-06-09 21:24:27', '2025-06-09 21:24:27'),
(93, 19, 3, '2025-06-09 21:24:27', '2025-06-09 21:24:27'),
(94, 19, 4, '2025-06-09 21:24:27', '2025-06-09 21:24:27'),
(95, 19, 5, '2025-06-09 21:24:27', '2025-06-09 21:24:27'),
(96, 20, 1, '2025-06-09 21:24:27', '2025-06-09 21:24:27'),
(97, 20, 2, '2025-06-09 21:24:27', '2025-06-09 21:24:27'),
(98, 20, 3, '2025-06-09 21:24:27', '2025-06-09 21:24:27'),
(99, 20, 4, '2025-06-09 21:24:27', '2025-06-09 21:24:27'),
(100, 20, 5, '2025-06-09 21:24:27', '2025-06-09 21:24:27'),
(101, 21, 1, '2025-06-09 21:24:27', '2025-06-09 21:24:27'),
(102, 21, 2, '2025-06-09 21:24:27', '2025-06-09 21:24:27'),
(103, 21, 3, '2025-06-09 21:24:27', '2025-06-09 21:24:27'),
(104, 21, 4, '2025-06-09 21:24:27', '2025-06-09 21:24:27'),
(105, 21, 5, '2025-06-09 21:24:27', '2025-06-09 21:24:27'),
(106, 22, 1, '2025-06-09 21:24:27', '2025-06-09 21:24:27'),
(107, 22, 2, '2025-06-09 21:24:27', '2025-06-09 21:24:27'),
(108, 22, 3, '2025-06-09 21:24:27', '2025-06-09 21:24:27'),
(109, 22, 4, '2025-06-09 21:24:27', '2025-06-09 21:24:27'),
(110, 22, 5, '2025-06-09 21:24:27', '2025-06-09 21:24:27'),
(111, 23, 1, '2025-06-09 21:24:27', '2025-06-09 21:24:27'),
(112, 23, 2, '2025-06-09 21:24:27', '2025-06-09 21:24:27'),
(113, 23, 3, '2025-06-09 21:24:27', '2025-06-09 21:24:27'),
(114, 23, 4, '2025-06-09 21:24:27', '2025-06-09 21:24:27'),
(115, 23, 5, '2025-06-09 21:24:27', '2025-06-09 21:24:27'),
(116, 24, 1, '2025-06-09 21:24:27', '2025-06-09 21:24:27'),
(117, 24, 2, '2025-06-09 21:24:27', '2025-06-09 21:24:27'),
(118, 24, 3, '2025-06-09 21:24:27', '2025-06-09 21:24:27'),
(119, 24, 4, '2025-06-09 21:24:27', '2025-06-09 21:24:27'),
(120, 24, 5, '2025-06-09 21:24:27', '2025-06-09 21:24:27');




REPLACE INTO `estados` (`id`, `pais_id`, `nombre`, `created_at`, `updated_at`) VALUES
(1, 1, 'Ciudad de México', '2025-06-09 21:24:27', '2025-06-09 21:24:27'),
(2, 1, 'Jalisco', '2025-06-09 21:24:27', '2025-06-09 21:24:27'),
(3, 1, 'Nuevo León', '2025-06-09 21:24:27', '2025-06-09 21:24:27'),
(4, 1, 'Yucatán', '2025-06-09 21:24:27', '2025-06-09 21:24:27'),
(5, 2, 'California', '2025-06-09 21:24:27', '2025-06-09 21:24:27'),
(6, 2, 'Texas', '2025-06-09 21:24:27', '2025-06-09 21:24:27'),
(7, 2, 'Nueva York', '2025-06-09 21:24:27', '2025-06-09 21:24:27'),
(8, 2, 'Florida', '2025-06-09 21:24:27', '2025-06-09 21:24:27');

--
-- Volcado de datos para la tabla `grupos_orden`
--

REPLACE INTO `grupos_orden` (`id`, `nombre`, `created_at`, `updated_at`) VALUES
(1, 'Preproyecto', '2025-05-15 18:36:50', '2025-05-15 18:36:50'),
(2, 'Test', '2025-05-15 19:36:36', '2025-05-15 19:36:36'),
(3, 'DashboardCliente', '2025-05-15 22:15:13', '2025-05-15 22:15:13'),
(4, 'AsideNav', '2025-05-15 23:28:02', '2025-05-15 23:28:02'),
(5, 'Admin', '2025-05-19 17:52:21', '2025-05-19 17:52:21'),
(6, 'vistaproyecto', '2025-05-19 19:03:39', '2025-05-19 19:03:39'),
(7, 'VistaProyectoCliente', '2025-05-20 17:35:20', '2025-05-20 17:35:20'),
(8, 'VistaProyectoDiseñador', '2025-05-20 19:03:46', '2025-05-20 19:03:46'),
(9, 'JefeDiseñador', '2025-05-20 23:13:55', '2025-05-20 23:13:55'),
(10, 'Diseñador', '2025-05-21 21:41:15', '2025-05-21 21:41:15');

--
-- Volcado de datos para la tabla `grupos_tallas`
--

REPLACE INTO `grupos_tallas` (`id`, `nombre`, `created_at`, `updated_at`, `ind_activo`) VALUES
(1, 'Hombre', '2025-05-06 22:38:48', '2025-05-06 22:39:33', 1),
(2, 'Mujer', '2025-05-06 22:39:52', '2025-05-06 22:39:52', 1);

--
-- Volcado de datos para la tabla `grupo_orden_permission`
--

REPLACE INTO `grupo_orden_permission` (`id`, `grupo_orden_id`, `permission_id`, `orden`, `created_at`, `updated_at`) VALUES
(12, 3, 14, 1, '2025-05-15 22:59:33', '2025-06-27 18:09:21'),
(13, 3, 13, 2, '2025-05-15 22:59:33', '2025-06-27 18:09:21'),
(16, 3, 15, 3, '2025-05-15 23:12:16', '2025-06-27 18:09:21'),
(17, 4, 16, 1, '2025-05-16 00:09:55', '2025-05-16 00:09:55'),
(18, 4, 17, 2, '2025-05-16 00:09:55', '2025-05-16 00:09:55'),
(20, 4, 18, 4, '2025-05-16 00:09:55', '2025-05-16 00:09:55'),
(21, 5, 16, 1, '2025-05-19 17:52:21', '2025-06-26 14:45:31'),
(22, 5, 20, 2, '2025-05-19 17:52:21', '2025-06-26 14:45:31'),
(23, 5, 6, 3, '2025-05-19 17:52:21', '2025-06-26 14:45:31'),
(24, 5, 13, 4, '2025-05-19 17:52:21', '2025-06-26 14:45:31'),
(25, 5, 4, 5, '2025-05-19 17:52:21', '2025-06-26 14:45:31'),
(26, 5, 9, 6, '2025-05-19 17:52:21', '2025-06-26 14:45:31'),
(27, 5, 12, 7, '2025-05-19 17:52:21', '2025-06-26 14:45:31'),
(28, 5, 19, 8, '2025-05-19 17:52:21', '2025-06-26 14:45:31'),
(29, 5, 18, 9, '2025-05-19 17:52:21', '2025-06-26 14:45:31'),
(30, 5, 14, 10, '2025-05-19 17:52:21', '2025-06-26 14:45:31'),
(31, 5, 5, 11, '2025-05-19 17:52:21', '2025-06-26 14:45:31'),
(32, 5, 1, 12, '2025-05-19 17:52:21', '2025-06-26 14:45:31'),
(33, 5, 8, 13, '2025-05-19 17:52:21', '2025-06-26 14:45:31'),
(34, 5, 10, 14, '2025-05-19 17:52:21', '2025-06-26 14:45:31'),
(35, 5, 17, 15, '2025-05-19 17:52:21', '2025-06-26 14:45:31'),
(36, 5, 21, 16, '2025-05-19 17:52:21', '2025-06-26 14:45:31'),
(37, 5, 15, 17, '2025-05-19 17:52:21', '2025-06-26 14:45:31'),
(38, 5, 2, 18, '2025-05-19 17:52:21', '2025-06-26 14:45:31'),
(39, 5, 7, 19, '2025-05-19 17:52:21', '2025-06-26 14:45:31'),
(40, 5, 3, 20, '2025-05-19 17:52:21', '2025-06-26 14:45:31'),
(41, 5, 11, 21, '2025-05-19 17:52:21', '2025-06-26 14:45:31'),
(42, 6, 22, 1, '2025-05-19 19:04:28', '2025-05-20 00:32:38'),
(43, 6, 23, 2, '2025-05-19 19:04:28', '2025-05-20 00:32:38'),
(44, 6, 24, 3, '2025-05-19 19:04:28', '2025-05-20 00:32:38'),
(48, 6, 29, 4, '2025-05-20 00:02:26', '2025-05-20 00:32:38'),
(50, 7, 23, 2, '2025-05-20 17:35:20', '2025-06-17 18:00:24'),
(52, 7, 29, 1, '2025-05-20 17:35:20', '2025-06-17 18:00:24'),
(56, 7, 30, 3, '2025-05-20 19:09:34', '2025-06-17 18:00:24'),
(57, 8, 16, 1, '2025-05-20 23:14:08', '2025-05-21 00:46:56'),
(58, 8, 19, 2, '2025-05-20 23:15:55', '2025-05-21 00:46:56'),
(59, 8, 33, 3, '2025-05-21 00:11:26', '2025-05-21 00:46:56'),
(60, 8, 32, 4, '2025-05-21 00:11:26', '2025-05-21 00:46:56'),
(61, 5, 24, 22, '2025-05-21 18:01:33', '2025-06-26 14:45:31'),
(62, 5, 27, 23, '2025-05-21 18:01:33', '2025-06-26 14:45:31'),
(63, 5, 30, 24, '2025-05-21 18:01:33', '2025-06-26 14:45:31'),
(64, 5, 25, 25, '2025-05-21 18:01:33', '2025-06-26 14:45:31'),
(65, 5, 26, 26, '2025-05-21 18:01:33', '2025-06-26 14:45:31'),
(66, 5, 28, 27, '2025-05-21 18:01:33', '2025-06-26 14:45:31'),
(67, 5, 22, 28, '2025-05-21 18:01:33', '2025-06-26 14:45:31'),
(68, 5, 33, 29, '2025-05-21 18:01:33', '2025-06-26 14:45:31'),
(69, 5, 32, 30, '2025-05-21 18:01:33', '2025-06-26 14:45:31'),
(70, 5, 29, 31, '2025-05-21 18:01:33', '2025-06-26 14:45:31'),
(71, 5, 23, 32, '2025-05-21 18:01:33', '2025-06-26 14:45:31'),
(72, 5, 31, 33, '2025-05-21 18:01:33', '2025-06-26 14:45:31'),
(73, 10, 32, 1, '2025-05-21 21:41:15', '2025-06-19 16:02:38'),
(75, 10, 19, 2, '2025-05-21 21:42:48', '2025-06-19 16:02:38'),
(76, 10, 16, 3, '2025-05-21 22:32:05', '2025-06-19 16:02:38'),
(77, 5, 35, 34, '2025-05-22 18:45:48', '2025-06-26 14:45:31'),
(78, 5, 34, 35, '2025-05-22 20:32:25', '2025-06-26 14:45:31'),
(79, 5, 36, 36, '2025-05-22 20:38:02', '2025-06-26 14:45:31'),
(80, 3, 18, 4, '2025-05-22 21:36:26', '2025-06-27 18:09:21'),
(81, 3, 17, 5, '2025-05-22 21:36:26', '2025-06-27 18:09:21'),
(82, 3, 16, 6, '2025-05-22 21:36:26', '2025-06-27 18:09:21'),
(83, 5, 37, 37, '2025-05-22 22:05:07', '2025-06-26 14:45:31'),
(84, 5, 38, 38, '2025-05-22 22:15:25', '2025-06-26 14:45:31'),
(85, 3, 30, 7, '2025-05-22 22:23:54', '2025-06-27 18:09:21'),
(86, 3, 12, 8, '2025-05-22 22:26:30', '2025-06-27 18:09:21'),
(87, 3, 29, 9, '2025-05-22 22:27:28', '2025-06-27 18:09:21'),
(88, 3, 23, 10, '2025-05-22 22:27:45', '2025-06-27 18:09:21'),
(89, 7, 40, 4, '2025-06-12 22:25:07', '2025-06-17 18:00:24'),
(90, 7, 39, 5, '2025-06-12 22:25:07', '2025-06-17 18:00:24'),
(91, 7, 41, 6, '2025-06-12 22:25:07', '2025-06-17 18:00:24'),
(92, 5, 40, 39, '2025-06-12 22:31:44', '2025-06-26 14:45:31'),
(93, 5, 39, 40, '2025-06-12 22:31:44', '2025-06-26 14:45:31'),
(94, 5, 41, 41, '2025-06-12 22:31:44', '2025-06-26 14:45:31'),
(95, 10, 42, 4, '2025-06-12 22:49:17', '2025-06-19 16:02:38'),
(96, 5, 43, 42, '2025-06-12 22:58:49', '2025-06-26 14:45:31'),
(97, 5, 42, 43, '2025-06-12 22:58:49', '2025-06-26 14:45:31'),
(98, 3, 39, 11, '2025-06-17 17:19:53', '2025-06-27 18:09:21'),
(99, 10, 44, 5, '2025-06-19 15:27:08', '2025-06-19 16:02:38'),
(100, 5, 44, 44, '2025-06-19 15:54:10', '2025-06-26 14:45:31'),
(101, 9, 32, 1, '2025-06-19 16:04:46', '2025-06-19 16:04:46'),
(102, 9, 21, 2, '2025-06-19 16:04:46', '2025-06-19 16:04:46'),
(103, 9, 16, 3, '2025-06-19 16:04:46', '2025-06-19 16:04:46'),
(104, 9, 31, 4, '2025-06-19 16:04:46', '2025-06-19 16:04:46'),
(105, 9, 44, 5, '2025-06-19 16:04:46', '2025-06-19 16:04:46'),
(106, 5, 46, 45, '2025-06-26 14:37:22', '2025-06-26 14:45:31'),
(107, 5, 45, 46, '2025-06-26 14:45:31', '2025-06-26 14:45:31'),
(108, 3, 46, 12, '2025-06-26 14:45:40', '2025-06-27 18:09:21');

--
-- Volcado de datos para la tabla `grupo_tallas_detalle`
--

REPLACE INTO `grupo_tallas_detalle` (`id`, `grupo_talla_id`, `talla_id`, `created_at`, `updated_at`) VALUES
(7, 1, 1, NULL, NULL),
(8, 1, 2, NULL, NULL),
(9, 1, 3, NULL, NULL),
(10, 1, 4, NULL, NULL),
(11, 1, 5, NULL, NULL),
(12, 1, 6, NULL, NULL),
(13, 1, 7, NULL, NULL),
(14, 2, 1, NULL, NULL),
(15, 2, 2, NULL, NULL),
(16, 2, 3, NULL, NULL),
(17, 2, 4, NULL, NULL),
(18, 2, 5, NULL, NULL),
(19, 2, 6, NULL, NULL);


--
-- Volcado de datos para la tabla `migrations`
--

REPLACE INTO `migrations` (`id`, `migration`, `batch`) VALUES
(232, '2025_04_22_133524_create_ordenes_produccion_table', 1),
(283, '0000_00_00_000000_create_websockets_statistics_entries_table', 1),
(284, '2013_12_05_003039_create_permission_tables', 1),
(285, '2014_10_12_000000_create_users_table', 1),
(286, '2014_10_12_100000_create_password_reset_tokens_table', 1),
(287, '2019_08_19_000000_create_failed_jobs_table', 1),
(288, '2019_12_14_000001_create_personal_access_tokens_table', 1),
(289, '2024_12_09_183955_add_role_id_to_users_table', 1),
(290, '2024_12_13_211123_create_categorias_table', 1),
(291, '2024_12_13_211144_create_productos_table', 1),
(292, '2024_12_13_211250_create_caracteristicas_table', 1),
(293, '2024_12_13_211339_create_opciones_table', 1),
(294, '2024_12_18_225845_create_clientes_table', 1),
(295, '2024_12_18_225935_create_proveedores_table', 1),
(296, '2024_12_18_231531_create_proyectos_table', 1),
(297, '2024_12_18_231651_create_tareas_table', 1),
(298, '2024_12_18_231652_create_pedido_table', 1),
(299, '2024_12_18_233613_create_tallas_table', 1),
(300, '2024_12_18_233732_create_pedido_tallas_table', 1),
(301, '2024_12_18_234429_create_pedido_caracteristicas_table', 1),
(302, '2024_12_18_234524_create_pedido_opciones_table', 1),
(303, '2025_01_07_195750_create_chats_table', 1),
(304, '2025_01_07_195826_create_mensajes_chat_table', 1),
(305, '2025_01_07_233251_create_archivos_proyecto_table', 1),
(306, '2025_01_17_163731_create_pre_proyectos_table', 1),
(307, '2025_01_17_194537_create_proyecto_estados_table', 1),
(308, '2025_01_17_195315_create_proyecto_referencias_table', 1),
(309, '2025_01_17_210958_modify_pedido_add_pre', 1),
(310, '2025_01_17_211530_modify_archivos_proyecto_add_pre', 1),
(311, '2025_01_20_202849_create_paises_table', 1),
(312, '2025_01_21_194214_create_estados_table', 1),
(313, '2025_01_21_194236_create_ciudades_table', 1),
(314, '2025_01_21_194349_create_tipo_envio_table', 1),
(315, '2025_01_21_194411_create_ciudades_tipo_envio_table', 1),
(316, '2025_01_22_222747_create_direcciones_fiscales_table', 1),
(317, '2025_01_22_222820_create_direcciones_entrega_table', 1),
(318, '2025_01_27_163644_create_categoria_producto_table', 1),
(319, '2025_01_27_164133_create_producto_caracteristica_table', 1),
(320, '2025_01_27_172946_create_caracteristica_opcion_table', 1),
(321, '2025_02_25_160900_create_notifications_table', 1),
(322, '2025_02_27_160642_add_categoria_id_to_productos_table', 1),
(323, '2025_02_27_183236_add_flag_tallas_table', 1),
(324, '2025_02_27_205901_add_name_id_contacto_direcciones_entrega_table', 1),
(325, '2025_03_03_163637_add_ind_activo_categorias_table', 1),
(326, '2025_03_03_181627_grupos_tallas_table', 1),
(327, '2025_03_03_181722_grupo_tallas_detalle', 1),
(328, '2025_03_03_182222_producto_grupo_talla_detalle', 1),
(329, '2025_03_04_165806_create_categoria_caracteristica_table', 1),
(330, '2025_03_04_234610_add_pedido_table', 1),
(331, '2025_03_05_163008_pedido_estados', 1),
(332, '2025_03_05_170344_modify_proyectos_table', 1),
(333, '2025_03_13_232615_add_grupo_talla_id_to_pedido_tallas', 1),
(334, '2025_03_14_180235_modify_cliente_id_and_add_user_id_to_pedido_table', 1),
(335, '2025_03_14_211912_add_id_pedido_tallas_table', 1),
(336, '2025_03_18_225731_add_cliente_id_to_pre_proyectos_table', 1),
(337, '2025_03_18_233930_modify_usuario_id_in_proyectos_table', 1),
(338, '2025_03_19_160433_modify_estado_in_proyectos_table', 1),
(339, '2025_03_20_164204_add_proceso_status_to_proyectos_table', 1),
(340, '2025_03_20_193555_add_rechazado_cancelado_status_to_tareas_table', 1),
(341, '2025_03_20_231705_add_comentario_url_to_proyecto_estados_table', 1),
(342, '2025_03_20_235020_add_disenio_flag_first_proceso_to_tareas_table', 1),
(343, '2025_03_24_172359_add_tipo_to_mensajes_chat_table', 1),
(344, '2025_03_25_182018_add_url_and_last_uploaded_file_id_to_pedido_table', 1),
(345, '2025_03_31_164135_add_ind_activo_to_table_productos', 1),
(346, '2025_03_31_165228_add_ind_activo_to_table_caracteristicas', 1),
(347, '2025_03_31_165755_add_ind_activo_to_table_opciones', 1),
(348, '2025_03_31_170727_add_ind_activo_to_table_tallas', 1),
(349, '2025_03_31_205320_add_ind_activo_to_table_grupos_tallas', 1),
(350, '2025_04_04_191754_add_flag_aprobar_sin_fechas_to_pedido_table', 1),
(351, '2025_04_07_180239_add_tipo_to_tareas_table', 1),
(352, '2025_04_11_122148_update_pasos_and_minutopaso_to_float_in_opciones_table', 1),
(353, '2025_04_11_124736_add_total_minutos_and_total_pasos_to_pedido_table', 1),
(354, '2025_04_11_170055_change_minutopaso_to_time_in_opciones_table', 1),
(355, '2025_04_16_122134_add_flag_armado_to_producto_caracteristica_table', 1),
(356, '2025_04_21_113305_add_flag_armado_proyecto_pedido', 1),
(357, '2025_04_21_113914_add_flag_armado_preproyecto', 1),
(358, '2025_04_22_133553_tareas_produccion', 1),
(359, '2025_04_22_134554_create_pedido_tarea_table', 1),
(360, '2025_04_29_162625_create_ordenes_produccion_table', 1),
(361, '2025_04_29_162846_create_pedido_orden_produccion_table', 1),
(362, '2025_04_29_162858_create_orden_corte_table', 1),
(363, '2025_05_02_144315_create_layouts_table', 1),
(364, '2025_05_02_144452_create_layout_elementos_table', 1),
(365, '2025_05_05_155820_add_letra_to_layout_elementos_table', 1),
(366, '2025_05_15_114352_create_grupos_orden_table', 1),
(367, '2025_05_15_114451_create_grupo_orden_permission_table', 1),
(368, '2025_05_27_151849_add_tipo_carga_to_archivos_proyecto_table', 1),
(369, '2025_05_27_154643_add_flag_descarga_to_archivos_proyecto_table', 1),
(370, '2025_05_28_131605_add_config_to_users_table', 1),
(371, '2025_05_29_115832_add_user_can_sel_preproyectos_to_users_table', 1),
(372, '2025_06_03_131351_create_empresas_table', 1),
(373, '2025_06_03_131352_create_sucursales_table', 1),
(374, '2025_06_03_131353_add_rol_empresa_sucursal_to_users_table', 1),
(375, '2025_06_03_152200_create_sucursal_user_table', 1),
(376, '2025_06_05_155410_add_subordinados_to_users_table', 1),
(377, '2025_06_13_120944_alter_pedido_table_make_id_tipo_envio_nullable', 2),
(911, '0000_00_00_000000_create_websockets_statistics_entries_table', 2),
(912, '2013_12_05_003039_create_permission_tables', 2),
(913, '2014_10_12_000000_create_users_table', 2),
(914, '2014_10_12_100000_create_password_reset_tokens_table', 2),
(915, '2019_08_19_000000_create_failed_jobs_table', 2),
(916, '2019_12_14_000001_create_personal_access_tokens_table', 2),
(917, '2024_12_09_183955_add_role_id_to_users_table', 2),
(918, '2024_12_13_211123_create_categorias_table', 2),
(919, '2024_12_13_211144_create_productos_table', 2),
(920, '2024_12_13_211250_create_caracteristicas_table', 2),
(921, '2024_12_13_211339_create_opciones_table', 2),
(922, '2024_12_18_225845_create_clientes_table', 2),
(923, '2024_12_18_225935_create_proveedores_table', 2),
(924, '2024_12_18_231531_create_proyectos_table', 2),
(925, '2024_12_18_231651_create_tareas_table', 2),
(926, '2024_12_18_231652_create_pedido_table', 2),
(927, '2024_12_18_233613_create_tallas_table', 2),
(928, '2024_12_18_233732_create_pedido_tallas_table', 2),
(929, '2024_12_18_234429_create_pedido_caracteristicas_table', 2),
(930, '2024_12_18_234524_create_pedido_opciones_table', 2),
(931, '2025_01_07_195750_create_chats_table', 2),
(932, '2025_01_07_195826_create_mensajes_chat_table', 2),
(933, '2025_01_07_233251_create_archivos_proyecto_table', 2),
(934, '2025_01_17_163731_create_pre_proyectos_table', 2),
(935, '2025_01_17_194537_create_proyecto_estados_table', 2),
(936, '2025_01_17_195315_create_proyecto_referencias_table', 2),
(937, '2025_01_17_210958_modify_pedido_add_pre', 2),
(938, '2025_01_17_211530_modify_archivos_proyecto_add_pre', 2),
(939, '2025_01_20_202849_create_paises_table', 2),
(940, '2025_01_21_194214_create_estados_table', 2),
(941, '2025_01_21_194236_create_ciudades_table', 2),
(942, '2025_01_21_194349_create_tipo_envio_table', 2),
(943, '2025_01_21_194411_create_ciudades_tipo_envio_table', 2),
(944, '2025_01_22_222747_create_direcciones_fiscales_table', 2),
(945, '2025_01_22_222820_create_direcciones_entrega_table', 2),
(946, '2025_01_27_163644_create_categoria_producto_table', 2),
(947, '2025_01_27_164133_create_producto_caracteristica_table', 2),
(948, '2025_01_27_172946_create_caracteristica_opcion_table', 2),
(949, '2025_02_25_160900_create_notifications_table', 2),
(950, '2025_02_27_160642_add_categoria_id_to_productos_table', 2),
(951, '2025_02_27_183236_add_flag_tallas_table', 2),
(952, '2025_02_27_205901_add_name_id_contacto_direcciones_entrega_table', 2),
(953, '2025_03_03_163637_add_ind_activo_categorias_table', 2),
(954, '2025_03_03_181627_grupos_tallas_table', 2),
(955, '2025_03_03_181722_grupo_tallas_detalle', 2),
(956, '2025_03_03_182222_producto_grupo_talla_detalle', 2),
(957, '2025_03_04_165806_create_categoria_caracteristica_table', 2),
(958, '2025_03_04_234610_add_pedido_table', 2),
(959, '2025_03_05_163008_pedido_estados', 2),
(960, '2025_03_05_170344_modify_proyectos_table', 2),
(961, '2025_03_13_232615_add_grupo_talla_id_to_pedido_tallas', 2),
(962, '2025_03_14_180235_modify_cliente_id_and_add_user_id_to_pedido_table', 2),
(963, '2025_03_14_211912_add_id_pedido_tallas_table', 2),
(964, '2025_03_18_225731_add_cliente_id_to_pre_proyectos_table', 2),
(965, '2025_03_18_233930_modify_usuario_id_in_proyectos_table', 2),
(966, '2025_03_19_160433_modify_estado_in_proyectos_table', 2),
(967, '2025_03_20_164204_add_proceso_status_to_proyectos_table', 2),
(968, '2025_03_20_193555_add_rechazado_cancelado_status_to_tareas_table', 2),
(969, '2025_03_20_231705_add_comentario_url_to_proyecto_estados_table', 2),
(970, '2025_03_20_235020_add_disenio_flag_first_proceso_to_tareas_table', 2),
(971, '2025_03_24_172359_add_tipo_to_mensajes_chat_table', 2),
(972, '2025_03_25_182018_add_url_and_last_uploaded_file_id_to_pedido_table', 2),
(973, '2025_03_31_164135_add_ind_activo_to_table_productos', 2),
(974, '2025_03_31_165228_add_ind_activo_to_table_caracteristicas', 2),
(975, '2025_03_31_165755_add_ind_activo_to_table_opciones', 2),
(976, '2025_03_31_170727_add_ind_activo_to_table_tallas', 2),
(977, '2025_03_31_205320_add_ind_activo_to_table_grupos_tallas', 2),
(978, '2025_04_04_191754_add_flag_aprobar_sin_fechas_to_pedido_table', 2),
(979, '2025_04_07_180239_add_tipo_to_tareas_table', 2),
(980, '2025_04_11_122148_update_pasos_and_minutopaso_to_float_in_opciones_table', 2),
(981, '2025_04_11_124736_add_total_minutos_and_total_pasos_to_pedido_table', 2),
(982, '2025_04_11_170055_change_minutopaso_to_time_in_opciones_table', 2),
(983, '2025_04_16_122134_add_flag_armado_to_producto_caracteristica_table', 2),
(984, '2025_04_21_113305_add_flag_armado_proyecto_pedido', 2),
(985, '2025_04_21_113914_add_flag_armado_preproyecto', 2),
(986, '2025_04_22_133553_tareas_produccion', 2),
(987, '2025_04_22_134554_create_pedido_tarea_table', 2),
(988, '2025_04_29_162625_create_ordenes_produccion_table', 2),
(989, '2025_04_29_162846_create_pedido_orden_produccion_table', 2),
(990, '2025_04_29_162858_create_orden_corte_table', 2),
(991, '2025_05_02_144315_create_layouts_table', 2),
(992, '2025_05_02_144452_create_layout_elementos_table', 2),
(993, '2025_05_05_155820_add_letra_to_layout_elementos_table', 2),
(994, '2025_05_15_114352_create_grupos_orden_table', 2),
(995, '2025_05_15_114451_create_grupo_orden_permission_table', 2),
(996, '2025_05_27_151849_add_tipo_carga_to_archivos_proyecto_table', 2),
(997, '2025_05_27_154643_add_flag_descarga_to_archivos_proyecto_table', 2),
(998, '2025_05_28_131605_add_config_to_users_table', 2),
(999, '2025_05_29_115832_add_user_can_sel_preproyectos_to_users_table', 2),
(1000, '2025_06_03_131351_create_empresas_table', 2),
(1001, '2025_06_03_131352_create_sucursales_table', 2),
(1002, '2025_06_03_131353_add_rol_empresa_sucursal_to_users_table', 2),
(1003, '2025_06_03_152200_create_sucursal_user_table', 2),
(1004, '2025_06_05_155410_add_subordinados_to_users_table', 2),
(1005, '2025_06_13_120944_alter_pedido_table_make_id_tipo_envio_nullable', 2),
(1006, '2025_06_24_105505_add_version_to_archivos_proyecto_table', 3),
(1007, '2025_07_07_163144_create_flujos_produccion_table', 4),
(1008, '2025_07_07_163154_add_flujo_id_to_ordenes_produccion_table', 4),
(1009, '2025_07_07_163230_create_orden_paso_table', 4),
(1010, '2025_07_07_165339_add_orden_paso_id_to_tareas_produccion_table', 4);

--
-- Volcado de datos para la tabla `model_has_roles`
--

REPLACE INTO `model_has_roles` (`role_id`, `model_type`, `model_id`) VALUES
(1, 'App\\Models\\User', 1),
(1, 'App\\Models\\User', 2),
(1, 'App\\Models\\User', 3),
(1, 'App\\Models\\User', 4),
(1, 'App\\Models\\User', 5),
(2, 'App\\Models\\User', 6),
(2, 'App\\Models\\User', 7),
(3, 'App\\Models\\User', 8),
(3, 'App\\Models\\User', 9),
(4, 'App\\Models\\User', 10),
(4, 'App\\Models\\User', 11),
(5, 'App\\Models\\User', 12),
(5, 'App\\Models\\User', 13),
(6, 'App\\Models\\User', 14),
(6, 'App\\Models\\User', 15),
(7, 'App\\Models\\User', 16),
(7, 'App\\Models\\User', 17),
(8, 'App\\Models\\User', 18),
(8, 'App\\Models\\User', 19),
(8, 'App\\Models\\User', 32),
(8, 'App\\Models\\User', 33),
(8, 'App\\Models\\User', 41),
(8, 'App\\Models\\User', 48),
(8, 'App\\Models\\User', 55),
(8, 'App\\Models\\User', 61),
(9, 'App\\Models\\User', 20),
(9, 'App\\Models\\User', 21),
(9, 'App\\Models\\User', 34),
(9, 'App\\Models\\User', 35),
(9, 'App\\Models\\User', 36),
(9, 'App\\Models\\User', 37),
(9, 'App\\Models\\User', 38),
(9, 'App\\Models\\User', 39),
(9, 'App\\Models\\User', 40),
(9, 'App\\Models\\User', 42),
(9, 'App\\Models\\User', 43),
(9, 'App\\Models\\User', 44),
(9, 'App\\Models\\User', 45),
(9, 'App\\Models\\User', 46),
(9, 'App\\Models\\User', 47),
(9, 'App\\Models\\User', 49),
(9, 'App\\Models\\User', 50),
(9, 'App\\Models\\User', 51),
(9, 'App\\Models\\User', 52),
(9, 'App\\Models\\User', 53),
(9, 'App\\Models\\User', 54),
(9, 'App\\Models\\User', 56),
(9, 'App\\Models\\User', 57),
(9, 'App\\Models\\User', 58),
(9, 'App\\Models\\User', 59),
(9, 'App\\Models\\User', 60),
(9, 'App\\Models\\User', 62),
(9, 'App\\Models\\User', 63),
(9, 'App\\Models\\User', 64),
(9, 'App\\Models\\User', 65),
(9, 'App\\Models\\User', 66),
(9, 'App\\Models\\User', 67);


--
-- Volcado de datos para la tabla `opciones`
--

REPLACE INTO `opciones` (`id`, `nombre`, `pasos`, `minutoPaso`, `valoru`, `created_at`, `updated_at`, `ind_activo`) VALUES
(1, 'No definida', 0.00, '00:00:00', 0.00, '2025-04-25 21:48:12', '2025-04-25 21:48:12', 1),
(2, 'Bandola Economica', 0.00, '00:00:00', 0.00, '2025-04-25 22:48:12', '2025-04-25 22:48:12', 1),
(3, 'Bandola Fundicion (Perico) Niquel', 0.00, '00:00:00', 0.00, '2025-04-25 22:52:08', '2025-04-25 22:52:27', 1),
(4, 'Bandola Fundicion (Perico) Negra', 0.00, '00:00:00', 0.00, '2025-04-25 22:53:00', '2025-04-25 22:53:00', 1),
(5, 'Bandola Caiman Niquel', 0.00, '00:00:00', 0.00, '2025-04-25 22:53:23', '2025-04-25 22:53:23', 1),
(6, 'Bandola Caiman Negra', 0.00, '00:00:00', 0.00, '2025-04-25 22:53:44', '2025-04-25 22:53:44', 1),
(7, 'Argolla Llavero', 0.00, '00:00:00', 0.00, '2025-04-25 22:55:35', '2025-04-25 22:55:35', 1),
(8, 'Cuerda USB', 0.00, '00:00:00', 0.00, '2025-04-25 22:56:55', '2025-04-25 22:56:55', 1),
(9, 'Corredera Plastica', 0.00, '00:00:00', 0.00, '2025-04-25 22:58:21', '2025-04-25 22:58:21', 1),
(10, 'Yoyo de Clip', 0.00, '00:00:00', 0.00, '2025-04-25 22:59:42', '2025-04-25 22:59:42', 1),
(11, 'Destapador', 0.00, '00:00:00', 0.00, '2025-04-25 23:00:26', '2025-04-25 23:00:26', 1),
(12, 'Bandola Plastica', 0.00, '00:00:00', 0.00, '2025-04-25 23:01:19', '2025-04-25 23:01:19', 1),
(13, 'Una Tinta', 0.00, '00:00:00', 0.00, '2025-04-25 23:02:58', '2025-04-25 23:02:58', 1),
(14, 'Dos Tintas', 0.00, '00:00:00', 0.00, '2025-04-25 23:03:16', '2025-04-25 23:03:16', 1),
(15, 'Tres Tintas', 0.00, '00:00:00', 0.00, '2025-04-25 23:03:27', '2025-04-25 23:03:27', 1),
(16, 'Cuatro Tintas', 0.00, '00:00:00', 0.00, '2025-04-25 23:03:39', '2025-04-25 23:03:39', 1),
(17, 'Cinco Tintas', 0.00, '00:00:00', 0.00, '2025-04-25 23:03:49', '2025-04-25 23:03:49', 1),
(18, 'Seis tintas', 0.00, '00:00:00', 0.00, '2025-04-25 23:04:08', '2025-04-25 23:04:08', 1),
(19, 'Antiguo', 0.00, '00:00:00', 0.00, '2025-04-25 23:04:30', '2025-04-25 23:04:30', 1),
(20, 'Brillante', 0.00, '00:00:00', 0.00, '2025-04-25 23:04:43', '2025-04-25 23:04:43', 1),
(21, 'Satinado', 0.00, '00:00:00', 0.00, '2025-04-25 23:04:54', '2025-04-25 23:04:54', 1),
(22, 'Costura', 0.00, '00:00:00', 0.00, '2025-04-25 23:07:55', '2025-04-25 23:08:42', 1),
(23, 'Grapa', 0.00, '00:00:00', 0.00, '2025-04-25 23:08:27', '2025-04-25 23:08:27', 1),
(24, 'Costura con Dobladillo', 0.00, '00:00:00', 0.00, '2025-04-25 23:10:03', '2025-04-25 23:10:03', 1),
(25, 'Pique', 0.00, '00:00:00', 0.00, '2025-04-25 23:10:18', '2025-04-25 23:10:18', 1),
(26, 'Satinada', 0.00, '00:00:00', 0.00, '2025-04-25 23:10:49', '2025-04-25 23:10:49', 1),
(27, 'Calandrada', 0.00, '00:00:00', 0.00, '2025-04-25 23:11:00', '2025-04-25 23:11:00', 1),
(28, 'Barrotada', 0.00, '00:00:00', 0.00, '2025-04-25 23:11:11', '2025-04-25 23:11:11', 1),
(29, 'Popotillo Economico', 0.00, '00:00:00', 0.00, '2025-04-25 23:11:26', '2025-04-25 23:11:26', 1),
(30, 'Mascota', 0.00, '00:00:00', 0.00, '2025-04-25 23:14:46', '2025-04-25 23:14:46', 1),
(31, 'Liston Satin Delgado', 0.00, '00:00:00', 0.00, '2025-04-25 23:15:28', '2025-04-25 23:15:28', 1),
(32, 'Negro', 0.00, '00:00:00', 0.00, '2025-04-25 23:29:09', '2025-04-25 23:29:09', 1),
(33, 'Barril Negro', 0.00, '00:00:00', 0.00, '2025-04-25 23:30:57', '2025-04-25 23:30:57', 1),
(34, 'Barril Blanco', 0.00, '00:00:00', 0.00, '2025-04-25 23:31:09', '2025-04-25 23:31:09', 1),
(35, 'Remache Para Perforación', 0.00, '00:00:00', 0.00, '2025-04-25 23:32:58', '2025-04-25 23:32:58', 1),
(36, 'Broche Rapido', 0.00, '00:00:00', 0.00, '2025-04-25 23:33:36', '2025-04-25 23:33:36', 1),
(37, 'Hebilla Burbuja', 0.00, '00:00:00', 0.00, '2025-04-25 23:34:04', '2025-04-25 23:34:04', 1),
(38, 'Yoyo de Ranura', 0.00, '00:00:00', 0.00, '2025-04-25 23:34:51', '2025-04-25 23:34:51', 1),
(39, '2.5cm', 0.00, '00:00:00', 0.00, '2025-04-25 23:35:46', '2025-04-25 23:35:46', 1),
(40, '3cm', 0.00, '00:00:00', 0.00, '2025-04-25 23:35:58', '2025-04-25 23:35:58', 1),
(41, '3.5cm', 0.00, '00:00:00', 0.00, '2025-04-25 23:36:08', '2025-04-25 23:36:08', 1),
(42, '4cm', 0.00, '00:00:00', 0.00, '2025-04-25 23:36:19', '2025-04-25 23:36:19', 1),
(43, '4.5cm', 0.00, '00:00:00', 0.00, '2025-04-25 23:36:31', '2025-04-25 23:36:31', 1),
(44, '5cm', 0.00, '00:00:00', 0.00, '2025-04-25 23:36:41', '2025-04-25 23:36:41', 1),
(45, '6cm', 0.00, '00:00:00', 0.00, '2025-04-25 23:37:04', '2025-04-25 23:37:04', 1),
(46, '7cm', 0.00, '00:00:00', 0.00, '2025-04-25 23:37:42', '2025-04-25 23:37:42', 1),
(47, '8cm', 0.00, '00:00:00', 0.00, '2025-04-25 23:37:59', '2025-04-25 23:37:59', 1),
(48, '9cm', 0.00, '00:00:00', 0.00, '2025-04-25 23:38:10', '2025-04-25 23:38:17', 1),
(49, '10cm', 0.00, '00:00:00', 0.00, '2025-04-25 23:38:26', '2025-04-25 23:38:26', 1),
(50, '12mm', 0.00, '00:00:00', 0.00, '2025-04-25 23:38:39', '2025-04-25 23:38:39', 1),
(51, '14mm', 0.00, '00:00:00', 0.00, '2025-04-25 23:38:48', '2025-04-25 23:38:48', 1),
(52, '16mm', 0.00, '00:00:00', 0.00, '2025-04-25 23:39:00', '2025-04-25 23:39:00', 1),
(53, '20mm', 0.00, '00:00:00', 0.00, '2025-04-25 23:39:10', '2025-04-25 23:39:10', 1),
(54, '25mm', 0.00, '00:00:00', 0.00, '2025-04-25 23:39:21', '2025-04-25 23:39:21', 1),
(55, '30mm', 0.00, '00:00:00', 0.00, '2025-04-25 23:39:31', '2025-04-25 23:39:31', 1),
(56, '38mm', 0.00, '00:00:00', 0.00, '2025-04-25 23:39:42', '2025-04-25 23:39:42', 1),
(57, '40mm', 0.00, '00:00:00', 0.00, '2025-04-25 23:39:54', '2025-04-25 23:39:54', 1),
(58, '50mm', 0.00, '00:00:00', 0.00, '2025-04-25 23:40:03', '2025-04-25 23:40:03', 1),
(59, 'Tyvek', 0.00, '00:00:00', 0.00, '2025-04-25 23:41:04', '2025-04-25 23:41:04', 1),
(60, 'Una Cara', 0.00, '00:00:00', 0.00, '2025-04-25 23:41:43', '2025-04-25 23:41:43', 1),
(61, 'Dos Caras', 0.00, '00:00:00', 0.00, '2025-04-25 23:41:53', '2025-04-25 23:41:53', 1),
(62, 'Crochet', 0.00, '00:00:00', 0.00, '2025-04-25 23:44:52', '2025-04-25 23:44:52', 1),
(63, 'Telar', 0.00, '00:00:00', 0.00, '2025-04-25 23:45:02', '2025-04-25 23:45:02', 1),
(64, 'Telar Spandex', 0.00, '00:00:00', 0.00, '2025-04-25 23:45:17', '2025-04-25 23:45:37', 1),
(65, 'Jareta Simple', 0.00, '00:00:00', 0.00, '2025-04-25 23:56:05', '2025-04-25 23:56:05', 1),
(66, 'Jareta doble', 0.00, '00:00:00', 0.00, '2025-04-25 23:56:22', '2025-04-25 23:56:22', 1),
(67, 'Cortado', 0.00, '00:00:00', 0.00, '2025-04-26 00:08:57', '2025-04-26 00:08:57', 1),
(68, 'PVC', 0.00, '00:00:00', 0.00, '2025-04-26 00:14:54', '2025-04-26 00:14:54', 1),
(69, 'Credencial', 0.00, '00:00:00', 0.00, '2025-04-26 00:15:09', '2025-04-26 00:15:09', 1),
(70, 'Portacredencial', 0.00, '00:00:00', 0.00, '2025-04-26 00:15:21', '2025-04-26 00:15:21', 1),
(71, 'Continuo', 0.00, '00:00:00', 0.00, '2025-04-26 00:19:25', '2025-04-26 00:19:25', 1),
(72, 'Costura en V con Argolla y Mosqueton', 0.00, '00:00:00', 0.00, '2025-04-26 00:26:18', '2025-04-26 00:26:18', 1),
(73, 'Costura en V con Argolla ', 0.00, '00:00:00', 0.00, '2025-04-26 00:26:30', '2025-04-26 00:26:30', 1),
(74, 'Costura en Medalla', 0.00, '00:00:00', 0.00, '2025-04-26 00:27:15', '2025-04-26 00:27:15', 1),
(75, 'Rollo 50 Mts', 0.00, '00:00:00', 0.00, '2025-05-06 21:40:24', '2025-05-06 21:40:24', 1),
(76, 'Sin Impresión', 0.00, '00:00:00', 0.00, '2025-05-06 21:42:38', '2025-05-06 21:42:38', 1),
(77, 'Bombai', 0.00, '00:00:00', 0.00, '2025-05-06 21:43:52', '2025-05-06 21:43:52', 1),
(78, 'Grecia', 0.00, '00:00:00', 0.00, '2025-05-06 21:44:02', '2025-05-06 21:44:02', 1),
(79, 'Dallas', 0.00, '00:00:00', 0.00, '2025-05-06 21:44:14', '2025-05-06 21:44:14', 1),
(80, 'Tacto Algodon', 0.00, '00:00:00', 0.00, '2025-05-06 21:44:25', '2025-05-06 21:44:25', 1),
(81, 'Cuello Redondo', 0.00, '00:00:00', 0.00, '2025-05-06 21:52:36', '2025-05-06 21:52:36', 1),
(82, 'Cuello V', 0.00, '00:00:00', 0.00, '2025-05-06 21:52:49', '2025-05-06 21:52:49', 1);

--
-- Volcado de datos para la tabla `paises`
--

REPLACE INTO `paises` (`id`, `nombre`, `created_at`, `updated_at`) VALUES
(1, 'México', '2025-06-09 21:24:27', '2025-06-09 21:24:27'),
(2, 'Estados Unidos', '2025-06-09 21:24:27', '2025-06-09 21:24:27');



REPLACE INTO `permissions` (`id`, `name`, `guard_name`, `created_at`, `updated_at`) VALUES
(1, 'manage users', 'web', '2025-05-06 22:49:09', '2025-05-06 22:49:09'),
(2, 'edit profile', 'web', '2025-05-06 22:49:09', '2025-05-06 22:49:09'),
(3, 'view_users', 'web', '2025-05-06 22:49:20', '2025-05-06 22:49:20'),
(4, 'edit_users', 'web', '2025-05-06 22:49:20', '2025-05-06 22:49:20'),
(5, 'delete_users', 'web', '2025-05-06 22:49:20', '2025-05-06 22:49:20'),
(6, 'create_users', 'web', '2025-05-06 22:49:20', '2025-05-06 22:49:20'),
(7, 'manage_orders', 'web', '2025-05-06 22:49:20', '2025-05-06 22:49:20'),
(8, 'view_reports', 'web', '2025-05-06 22:49:20', '2025-05-06 22:49:20'),
(9, 'test', 'web', '2025-05-15 17:12:48', '2025-05-15 17:12:48'),
(10, 'vistapreproyectosdashboard', 'web', '2025-05-15 22:17:36', '2025-05-15 22:17:36'),
(11, 'vistaproyectosdashboard', 'web', '2025-05-15 22:17:53', '2025-05-15 22:17:53'),
(12, 'vistapedidosdashboardcliente', 'web', '2025-05-15 22:18:24', '2025-05-15 22:18:24'),
(13, 'dashboardclienteproyectos', 'web', '2025-05-15 22:21:01', '2025-05-15 22:21:01'),
(14, 'dashboardclientepedidos', 'web', '2025-05-15 22:23:43', '2025-05-15 22:23:43'),
(15, 'dashboardclientepreproyectos', 'web', '2025-05-15 22:24:20', '2025-05-15 22:24:20'),
(16, 'asidedashboard', 'web', '2025-05-15 23:30:28', '2025-05-15 23:30:28'),
(17, 'asidepreproyectos', 'web', '2025-05-15 23:31:06', '2025-05-15 23:31:06'),
(18, 'asideproyectos', 'web', '2025-05-15 23:32:14', '2025-05-15 23:32:14'),
(19, 'asidediseniodesplegable', 'web', '2025-05-15 23:40:04', '2025-05-15 23:40:04'),
(20, 'asideproducciondesplegable', 'web', '2025-05-15 23:43:38', '2025-05-15 23:43:38'),
(21, 'asideusuariosdesplegable', 'web', '2025-05-15 23:53:33', '2025-05-15 23:53:33'),
(22, 'proyectopedidoscolumnafechaenbarque', 'web', '2025-05-19 19:03:51', '2025-05-19 19:03:51'),
(23, 'proyectopedidoscolumnafechaEntrega', 'web', '2025-05-19 19:04:03', '2025-05-19 19:04:03'),
(24, 'proyectopedidoscolumnafechaproduccion', 'web', '2025-05-19 19:04:13', '2025-05-19 19:04:13'),
(25, 'proyectopedidosEditarinputTipo', 'web', '2025-05-19 23:24:16', '2025-05-19 23:24:16'),
(26, 'proyectopedidosEditarInputEstado', 'web', '2025-05-19 23:29:35', '2025-05-19 23:29:35'),
(27, 'proyectopedidosEditarinputFechaproduccion', 'web', '2025-05-19 23:58:26', '2025-05-19 23:58:26'),
(28, 'proyectopedidosEditarinputFechaEmbarque', 'web', '2025-05-19 23:58:43', '2025-05-19 23:58:43'),
(29, 'proyectopedidosEditarinputFechaEntrega', 'web', '2025-05-20 00:01:17', '2025-05-20 00:01:17'),
(30, 'vistaproyectoSeccionPedidos', 'web', '2025-05-20 19:03:03', '2025-05-20 19:03:03'),
(31, 'Jefe Diseñador', 'web', '2025-05-20 23:13:34', '2025-05-20 23:13:34'),
(32, 'asidediseniodesplegableTareas', 'web', '2025-05-21 00:09:50', '2025-05-21 00:09:50'),
(33, 'asidediseniodesplegableAdminTareas', 'web', '2025-05-21 00:11:14', '2025-05-21 00:11:14'),
(34, 'ver-todos-los-preproyectos', 'web', '2025-05-22 18:40:41', '2025-05-22 18:40:41'),
(35, 'tablaPreproyectos-ver-todos-los-preproyectos', 'web', '2025-05-22 18:45:24', '2025-05-22 18:45:24'),
(36, 'tablaProyectos-ver-todos-los-proyectos', 'web', '2025-05-22 20:36:01', '2025-05-22 20:36:01'),
(37, 'tablaPedidos-ver-todos-los-pedidos', 'web', '2025-05-22 22:04:57', '2025-05-22 22:04:57'),
(38, 'ver-todas-notificaciones-del-sistema', 'web', '2025-05-22 22:15:13', '2025-05-22 22:15:13'),
(39, 'proyectodiseñoAprobarDiseño', 'web', '2025-06-12 22:20:54', '2025-06-12 22:20:54'),
(40, 'proyectodiseñoRechazarDiseño', 'web', '2025-06-12 22:22:10', '2025-06-12 22:22:10'),
(41, 'proyectodiseñoCrearMuestra', 'web', '2025-06-12 22:22:25', '2025-06-12 22:22:25'),
(42, 'proyectodiseñoSubirArchivoDiseño', 'web', '2025-06-12 22:46:27', '2025-06-12 22:46:27'),
(43, ' proyectodiseñoSubirArte', 'web', '2025-06-12 22:50:24', '2025-06-12 22:50:24'),
(44, 'proyectodiseñopestañaTareasDelProyecto', 'web', '2025-06-19 15:26:52', '2025-06-19 15:26:52'),
(45, 'dashboardjefediseñadorproyectos', 'web', '2025-06-23 20:17:07', '2025-06-23 20:17:07'),
(46, 'tablaProyectos-ver-columna-pedidos', 'web', '2025-06-26 14:37:16', '2025-06-26 14:37:16');

--
-- Volcado de datos para la tabla `productos`
--

REPLACE INTO `productos` (`id`, `categoria_id`, `nombre`, `dias_produccion`, `flag_armado`, `created_at`, `updated_at`, `ind_activo`) VALUES
(1, 11, 'Pulsera para Evento', 3, 1, '2025-04-26 00:10:48', '2025-04-26 00:11:01', 1),
(2, 8, 'Cinta Para Medalla', 2, 1, '2025-04-26 00:31:34', '2025-04-26 00:35:55', 1),
(3, 8, 'Cinta para Portagafete', 2, 0, '2025-04-26 00:35:30', '2025-05-06 22:06:12', 1),
(4, 9, 'Portagafete Con Broche de Seguridad', 7, 0, '2025-05-06 22:10:23', '2025-05-06 22:18:27', 1),
(5, 9, 'Portagafete Standard', 7, 0, '2025-05-06 22:11:37', '2025-05-06 22:18:19', 1),
(6, 9, 'Portagafete Doble Bandola', 7, 0, '2025-05-06 22:12:50', '2025-05-06 22:18:34', 1),
(7, 9, 'Portagafete Doble Bandola y Broche de Seguridad', 7, 0, '2025-05-06 22:13:28', '2025-05-06 22:18:40', 1),
(8, 9, 'Portagafete con Broche Seguridad y Hebilla Frontal', 7, 0, '2025-05-06 22:19:47', '2025-05-06 22:19:47', 1),
(9, 9, 'Portagafete con Yoyo', 7, 0, '2025-05-06 22:23:12', '2025-05-06 22:25:27', 1),
(10, 9, 'Portagafete con Hebilla Frontal y Herraje Adicional', 7, 0, '2025-05-06 22:31:35', '2025-05-06 22:31:35', 1),
(11, 9, 'Portagafete Standard con Herraje Adicional', 7, 0, '2025-05-06 22:35:35', '2025-05-06 22:37:09', 1),
(12, 9, 'Portagafete con Hebilla Frontal Broche de Seguridad y  Herraje Adicional', 7, 0, '2025-05-06 22:37:03', '2025-05-06 22:37:03', 1),
(13, 1, 'Playera Manga Corta', 12, 0, '2025-05-06 22:43:13', '2025-05-06 22:43:13', 1),
(14, 9, 'Portagafete Doble Capa Broche de Seguridad y Herraje Extra', 10, 0, '2025-05-06 23:20:13', '2025-05-06 23:20:13', 1);

--
-- Volcado de datos para la tabla `producto_caracteristica`
--

REPLACE INTO `producto_caracteristica` (`id`, `producto_id`, `caracteristica_id`, `flag_armado`, `created_at`, `updated_at`) VALUES
(9, 1, 2, 1, NULL, NULL),
(10, 1, 3, 1, NULL, NULL),
(11, 1, 5, 1, NULL, NULL),
(12, 1, 10, 1, NULL, NULL),
(13, 1, 2, 0, NULL, NULL),
(14, 1, 3, 0, NULL, NULL),
(15, 1, 5, 0, NULL, NULL),
(16, 1, 11, 0, NULL, NULL),
(25, 2, 2, 1, NULL, NULL),
(26, 2, 3, 1, NULL, NULL),
(27, 2, 5, 1, NULL, NULL),
(28, 2, 20, 1, NULL, NULL),
(29, 2, 2, 0, NULL, NULL),
(30, 2, 3, 0, NULL, NULL),
(31, 2, 5, 0, NULL, NULL),
(32, 2, 19, 0, NULL, NULL),
(33, 3, 2, 1, NULL, NULL),
(34, 3, 3, 1, NULL, NULL),
(35, 3, 5, 1, NULL, NULL),
(36, 3, 19, 1, NULL, NULL),
(37, 3, 2, 0, NULL, NULL),
(38, 3, 3, 0, NULL, NULL),
(39, 3, 5, 0, NULL, NULL),
(40, 3, 19, 0, NULL, NULL),
(63, 5, 2, 1, NULL, NULL),
(64, 5, 3, 1, NULL, NULL),
(65, 5, 5, 1, NULL, NULL),
(66, 5, 9, 1, NULL, NULL),
(67, 5, 11, 1, NULL, NULL),
(68, 4, 2, 1, NULL, NULL),
(69, 4, 3, 1, NULL, NULL),
(70, 4, 5, 1, NULL, NULL),
(71, 4, 8, 1, NULL, NULL),
(72, 4, 9, 1, NULL, NULL),
(73, 4, 11, 1, NULL, NULL),
(74, 6, 2, 1, NULL, NULL),
(75, 6, 3, 1, NULL, NULL),
(76, 6, 5, 1, NULL, NULL),
(77, 6, 11, 1, NULL, NULL),
(78, 6, 13, 1, NULL, NULL),
(79, 7, 2, 1, NULL, NULL),
(80, 7, 3, 1, NULL, NULL),
(81, 7, 5, 1, NULL, NULL),
(82, 7, 8, 1, NULL, NULL),
(83, 7, 11, 1, NULL, NULL),
(84, 7, 13, 1, NULL, NULL),
(85, 8, 2, 1, NULL, NULL),
(86, 8, 3, 1, NULL, NULL),
(87, 8, 5, 1, NULL, NULL),
(88, 8, 7, 1, NULL, NULL),
(89, 8, 8, 1, NULL, NULL),
(90, 8, 9, 1, NULL, NULL),
(91, 8, 11, 1, NULL, NULL),
(97, 9, 2, 1, NULL, NULL),
(98, 9, 3, 1, NULL, NULL),
(99, 9, 11, 1, NULL, NULL),
(100, 9, 22, 1, NULL, NULL),
(101, 9, 23, 1, NULL, NULL),
(102, 10, 2, 1, NULL, NULL),
(103, 10, 3, 1, NULL, NULL),
(104, 10, 5, 1, NULL, NULL),
(105, 10, 7, 1, NULL, NULL),
(106, 10, 9, 1, NULL, NULL),
(107, 10, 11, 1, NULL, NULL),
(108, 10, 14, 1, NULL, NULL),
(121, 12, 2, 1, NULL, NULL),
(122, 12, 3, 1, NULL, NULL),
(123, 12, 5, 1, NULL, NULL),
(124, 12, 7, 1, NULL, NULL),
(125, 12, 8, 1, NULL, NULL),
(126, 12, 11, 1, NULL, NULL),
(127, 12, 14, 1, NULL, NULL),
(128, 11, 2, 1, NULL, NULL),
(129, 11, 3, 1, NULL, NULL),
(130, 11, 5, 1, NULL, NULL),
(131, 11, 9, 1, NULL, NULL),
(132, 11, 11, 1, NULL, NULL),
(133, 11, 14, 1, NULL, NULL),
(134, 13, 1, 1, NULL, NULL),
(135, 13, 21, 1, NULL, NULL),
(136, 14, 3, 1, NULL, NULL),
(137, 14, 8, 1, NULL, NULL),
(138, 14, 9, 1, NULL, NULL),
(139, 14, 14, 1, NULL, NULL),
(140, 14, 24, 1, NULL, NULL),
(141, 14, 25, 1, NULL, NULL),
(142, 14, 26, 1, NULL, NULL),
(143, 14, 27, 1, NULL, NULL);

--
-- Volcado de datos para la tabla `producto_grupo_talla`
--

REPLACE INTO `producto_grupo_talla` (`id`, `producto_id`, `grupo_talla_id`, `created_at`, `updated_at`) VALUES
(1, 13, 1, NULL, NULL),
(2, 13, 2, NULL, NULL);


--
-- Volcado de datos para la tabla `roles`
--

REPLACE INTO `roles` (`id`, `name`, `guard_name`, `created_at`, `updated_at`) VALUES
(1, 'admin', 'web', '2025-06-09 17:36:06', '2025-06-09 17:36:06'),
(2, 'cliente', 'web', '2025-06-09 17:36:06', '2025-06-09 17:36:06'),
(3, 'proveedor', 'web', '2025-06-09 17:36:06', '2025-06-09 17:36:06'),
(4, 'estaf', 'web', '2025-06-09 17:36:06', '2025-06-09 17:36:06'),
(5, 'diseñador', 'web', '2025-06-09 17:36:06', '2025-06-09 17:36:06'),
(6, 'jefediseñador', 'web', '2025-06-09 17:36:06', '2025-06-09 17:36:06'),
(7, 'operador', 'web', '2025-06-09 17:36:06', '2025-06-09 17:36:06'),
(8, 'cliente_principal', 'web', '2025-06-09 17:36:06', '2025-06-09 17:36:06'),
(9, 'cliente_subordinado', 'web', '2025-06-09 17:36:06', '2025-06-09 17:36:06');

--
-- Volcado de datos para la tabla `role_has_permissions`
--

REPLACE INTO `role_has_permissions` (`permission_id`, `role_id`) VALUES
(1, 1),
(2, 1),
(2, 7),
(2, 9),
(3, 1),
(4, 1),
(5, 1),
(6, 1),
(7, 1),
(8, 1),
(9, 1),
(10, 1),
(11, 1),
(12, 1),
(12, 2),
(12, 8),
(13, 1),
(13, 2),
(13, 8),
(14, 1),
(14, 2),
(14, 8),
(15, 1),
(15, 2),
(15, 8),
(16, 1),
(16, 2),
(16, 5),
(16, 6),
(16, 8),
(17, 1),
(17, 2),
(17, 8),
(18, 1),
(18, 2),
(18, 8),
(19, 1),
(19, 5),
(19, 6),
(20, 1),
(21, 1),
(22, 1),
(23, 1),
(23, 2),
(23, 8),
(24, 1),
(25, 1),
(26, 1),
(27, 1),
(28, 1),
(29, 1),
(29, 2),
(29, 8),
(30, 1),
(30, 2),
(30, 8),
(31, 1),
(32, 1),
(32, 5),
(32, 6),
(33, 1),
(33, 6),
(34, 1),
(35, 1),
(36, 1),
(37, 1),
(38, 1),
(39, 1),
(39, 8),
(40, 1),
(40, 8),
(41, 1),
(41, 8),
(42, 1),
(42, 5),
(42, 6),
(43, 1),
(44, 1),
(44, 6),
(45, 1),
(46, 1),
(46, 8);



--
-- Volcado de datos para la tabla `tallas`
--

REPLACE INTO `tallas` (`id`, `nombre`, `descripcion`, `created_at`, `updated_at`, `ind_activo`) VALUES
(1, 'XS', 'Extra pequeño, ideal para cuerpos muy delgados.', '2025-04-25 21:30:18', '2025-04-25 21:30:18', 1),
(2, 'S', 'Pequeño, adecuado para cuerpos delgados.', '2025-04-25 21:30:18', '2025-04-25 21:30:18', 1),
(3, 'M', 'Mediano, la talla estándar para la mayoría.', '2025-04-25 21:30:18', '2025-04-25 21:30:18', 1),
(4, 'L', 'Grande, para quienes necesitan un poco más de espacio.', '2025-04-25 21:30:18', '2025-04-25 21:30:18', 1),
(5, 'XL', 'Extra grande, diseñado para mayor comodidad.', '2025-04-25 21:30:18', '2025-04-25 21:30:18', 1),
(6, 'XXL', 'Doble extra grande, para cuerpos más amplios.', '2025-04-25 21:30:18', '2025-04-25 21:30:18', 1),
(7, 'XXXL', 'Tripe Extra Grande', '2025-05-06 22:39:23', '2025-05-06 22:39:23', 1);



--
-- Volcado de datos para la tabla `tipo_envio`
--

REPLACE INTO `tipo_envio` (`id`, `nombre`, `descripcion`, `dias_envio`, `created_at`, `updated_at`) VALUES
(1, 'Terrestre Local', 'Envío terrestre dentro de la misma localidad.', 0, '2025-06-09 21:24:27', '2025-06-09 21:24:27'),
(2, 'Terrestre Nacional', 'Envío terrestre a nivel nacional.', 6, '2025-06-09 21:24:27', '2025-06-09 21:24:27'),
(3, 'Terrestre Extranjero', 'Envío terrestre a otros países.', 6, '2025-06-09 21:24:27', '2025-06-09 21:24:27'),
(4, 'Aire Nacional', 'Envío aéreo a nivel nacional.', 2, '2025-06-09 21:24:27', '2025-06-09 21:24:27'),
(5, 'Aire Extranjero', 'Envío aéreo a otros países.', 3, '2025-06-09 21:24:27', '2025-06-09 21:24:27');

--
-- Volcado de datos para la tabla `users`
--

REPLACE INTO `users` (`id`, `name`, `email`, `email_verified_at`, `password`, `remember_token`, `config`, `user_can_sel_preproyectos`, `subordinados`, `empresa_id`, `sucursal_id`, `created_at`, `updated_at`, `role_id`) VALUES
(9001, 'german USER', 'german@mtiendurance.com', NULL, '$2y$12$3g3wGpb3AaoxPEskNWWmaOcTu8z9pBrGR6ulDBkNXJ2H7YwZYKg.i', NULL, NULL, NULL, NULL, NULL, NULL, '2025-06-09 21:24:22', '2025-06-09 21:24:22', NULL),
(9002, 'Admin User', 'ingjosue.cardona@gmail.com', NULL, '$2y$12$xUAE.yUwUCEYhq6Sm4auR.jgIVRQzGYfTr4bJhAdPQ.R9hDIcrbO.', 'XzLJquJ6s8goj1vR4sXPlNlSY9TNLt58lZQxgMIKT4rRNpKHP44uFB4VI8Fl', NULL, NULL, NULL, NULL, NULL, '2025-06-09 21:24:23', '2025-06-09 21:24:23', NULL),
(9003, 'Carlos Prueba', 'carlos@mtiendurance.com', NULL, '$2y$12$t11kGJmU06fojTsOt2ZCeehn40o1EZuI23BoWT7YlPVbolxXT6tli', NULL, NULL, NULL, NULL, NULL, NULL, '2025-06-09 21:24:23', '2025-06-09 21:24:23', NULL),
(9004, 'Admin User 1', 'admin1@example.com', NULL, '$2y$12$ZQIdFBG2SWQGCGCr6VrdPu/mD5Yjn1mnFE1laOyEygC/1s5F0L2U6', NULL, NULL, NULL, NULL, NULL, NULL, '2025-06-09 21:24:23', '2025-06-09 21:24:23', NULL),
(9005, 'Admin User 2', 'admin2@example.com', NULL, '$2y$12$EtW/Ll/a4e9.G2mmSg5OveEOEA7FmbSBBzSbbMKXD0V/dQYJR7dJa', NULL, NULL, NULL, NULL, NULL, NULL, '2025-06-09 21:24:23', '2025-06-09 21:24:23', NULL),
(9006, 'Cliente User 1', 'cliente1@example.com', NULL, '$2y$12$aTuQk3TyxrJUPThIMkzrReio7S2y38rSXdt81nj2RZkWrlrgu1Pzu', NULL, NULL, NULL, NULL, NULL, NULL, '2025-06-09 21:24:23', '2025-06-09 21:24:23', NULL),
(9007, 'Cliente User 2', 'cliente2@example.com', NULL, '$2y$12$n7MghKKZTIOkXuDyz5IOduyZVWWFmP3.XU.F7fP4u1fAe2p/jU8ra', NULL, NULL, NULL, NULL, NULL, NULL, '2025-06-09 21:24:24', '2025-06-09 21:24:24', NULL),
(9008, 'Proveedor User 1', 'proveedor1@example.com', NULL, '$2y$12$/cWDxr/y1Uj3VT4smoIXCuAyc53Oq2HDlPCSbz1a.hyjadPEQ8e2W', NULL, NULL, NULL, NULL, NULL, NULL, '2025-06-09 21:24:24', '2025-06-09 21:24:24', NULL),
(9009, 'Proveedor User 2', 'proveedor2@example.com', NULL, '$2y$12$QWAmfwqDd/Y8UaXwCj2Fx.gfDW1tY2rmAOXd0t7CTdsqGj1nE4w36', NULL, NULL, NULL, NULL, NULL, NULL, '2025-06-09 21:24:24', '2025-06-09 21:24:24', NULL),
(9010, 'Estaf User 1', 'estaf1@example.com', NULL, '$2y$12$dpe2fO35D4qKLBwgt1zdAOt6MKd8TqEM9OZr3WzPZoMsCjhPSzGCe', NULL, NULL, NULL, NULL, NULL, NULL, '2025-06-09 21:24:24', '2025-06-09 21:24:24', NULL),
(9011, 'Estaf User 2', 'estaf2@example.com', NULL, '$2y$12$p9.jN4P1ghmfzrgictjIvuuXvMGcDsz/NY1lVkRejQ7BTWQyirdQq', NULL, NULL, NULL, NULL, NULL, NULL, '2025-06-09 21:24:25', '2025-06-09 21:24:25', NULL),
(9012, 'Diseñador User 1', 'diseñador1@example.com', NULL, '$2y$12$tgTJV9Pa68hVzip.AQ/8ru6PU/gTStKcJ/wyfD9ySXMcQne5Vmcfm', NULL, NULL, NULL, NULL, NULL, NULL, '2025-06-09 21:24:25', '2025-06-09 21:24:25', NULL),
(9013, 'Diseñador User 2', 'diseñador2@example.com', NULL, '$2y$12$J19R0tH1r6647z0yyVmwQ.F7KgPhw0M6gblidUx6cJe8lbuKI68CW', NULL, NULL, NULL, NULL, NULL, NULL, '2025-06-09 21:24:25', '2025-06-09 21:24:25', NULL),
(9014, 'Jefediseñador User 1', 'jefediseñador1@example.com', NULL, '$2y$12$Ik//Cp5MzKdd11R8mKbil.e01kfjh40rUTAfXKdAaKjXVgbIUZeDy', NULL, NULL, NULL, NULL, NULL, NULL, '2025-06-09 21:24:25', '2025-06-09 21:24:25', NULL),
(9015, 'Jefediseñador User 2', 'jefediseñador2@example.com', NULL, '$2y$12$HpuQ80B.NkqdtsP8BQlcQexjcG3WcOqY/7e6Ht9mSLxI3UiSpY6Si', NULL, NULL, NULL, NULL, NULL, NULL, '2025-06-09 21:24:25', '2025-06-09 21:24:25', NULL),
(9016, 'Operador User 1', 'operador1@example.com', NULL, '$2y$12$ZGBGY3RsC8iECl/JtlOZJ.QyFtGDOch7iXgICtZVtiV2BrCMVt4ge', NULL, NULL, NULL, NULL, NULL, NULL, '2025-06-09 21:24:26', '2025-06-09 21:24:26', NULL),
(9017, 'Operador User 2', 'operador2@example.com', NULL, '$2y$12$jx5VNDBDb20.59/.tE5ss.BCIPDGj5aIMAFMBEUg6Kh/G51KAdcTG', NULL, NULL, NULL, NULL, NULL, NULL, '2025-06-09 21:24:26', '2025-06-09 21:24:26', NULL),
(9018, 'Cliente_principal User 1', 'cliente_principal1@example.com', NULL, '$2y$12$7Q044g79x0FIZma86yxTkOJypl3XX3mMu5HUduIQ59D4crt.mCe6.', NULL, NULL, NULL, NULL, NULL, NULL, '2025-06-09 21:24:26', '2025-06-09 21:24:26', NULL),
(9019, 'Cliente_principal User 2', 'cliente_principal2@example.com', NULL, '$2y$12$6HUw5HmNRY496VBzBGL5MOczKFyhkeHuw5V27xN0bt8kfIsTS4XdO', NULL, NULL, NULL, NULL, NULL, NULL, '2025-06-09 21:24:26', '2025-06-09 21:24:26', NULL),
(9020, 'Cliente_subordinado User 1', 'cliente_subordinado1@example.com', NULL, '$2y$12$KQ5MdF13dUBxcoM8ocJaUueyvwwe8WNlue86U6kklen69zZIfQKFS', NULL, NULL, NULL, NULL, NULL, NULL, '2025-06-09 21:24:27', '2025-06-09 21:24:27', NULL),
(9021, 'Cliente_subordinado User 2', 'cliente_subordinado2@example.com', NULL, '$2y$12$64xoffuPmlGrHI0NnyOqFu1NMH4Fgw6CYAsZhhzh996suc3ySoL4C', NULL, NULL, NULL, NULL, NULL, NULL, '2025-06-09 21:24:27', '2025-06-09 21:24:27', NULL),
(9022, 'Pearline Runolfsson', 'shania.orn@example.org', '2025-06-09 21:24:28', '$2y$12$SRUbX2toUj8MhCbWcPEc8uaY7dgltqtO75bsjMLKKVyY2xRsVQbCq', 'h7lQd3Jryr', NULL, NULL, NULL, NULL, NULL, '2025-06-09 21:24:28', '2025-06-09 21:24:28', NULL),
(9023, 'Jeff Kuhlman DVM', 'wilma00@example.com', '2025-06-09 21:24:28', '$2y$12$SRUbX2toUj8MhCbWcPEc8uaY7dgltqtO75bsjMLKKVyY2xRsVQbCq', 'tqnvM3q3u8', NULL, NULL, NULL, NULL, NULL, '2025-06-09 21:24:28', '2025-06-09 21:24:28', NULL),
(9024, 'Kobe Mann', 'boyd24@example.org', '2025-06-09 21:24:28', '$2y$12$SRUbX2toUj8MhCbWcPEc8uaY7dgltqtO75bsjMLKKVyY2xRsVQbCq', 'kmwrsyj8jO', NULL, NULL, NULL, NULL, NULL, '2025-06-09 21:24:28', '2025-06-09 21:24:28', NULL),
(9025, 'Freda Anderson', 'bergnaum.elna@example.org', '2025-06-09 21:24:28', '$2y$12$SRUbX2toUj8MhCbWcPEc8uaY7dgltqtO75bsjMLKKVyY2xRsVQbCq', 'HE7OIA8Cf2', NULL, NULL, NULL, NULL, NULL, '2025-06-09 21:24:28', '2025-06-09 21:24:28', NULL),
(9026, 'Shayne Price', 'noelia.aufderhar@example.net', '2025-06-09 21:24:28', '$2y$12$SRUbX2toUj8MhCbWcPEc8uaY7dgltqtO75bsjMLKKVyY2xRsVQbCq', 'ZuLqO7ihNq', NULL, NULL, NULL, NULL, NULL, '2025-06-09 21:24:28', '2025-06-09 21:24:28', NULL),
(9027, 'Melissa Adams', 'armstrong.salma@example.org', '2025-06-09 21:24:28', '$2y$12$SRUbX2toUj8MhCbWcPEc8uaY7dgltqtO75bsjMLKKVyY2xRsVQbCq', 'MbEbbh9iTH', NULL, NULL, NULL, NULL, NULL, '2025-06-09 21:24:28', '2025-06-09 21:24:28', NULL),
(9028, 'Mrs. Haven Wolf DVM', 'nhyatt@example.com', '2025-06-09 21:24:28', '$2y$12$SRUbX2toUj8MhCbWcPEc8uaY7dgltqtO75bsjMLKKVyY2xRsVQbCq', 'zHKODNJ956', NULL, NULL, NULL, NULL, NULL, '2025-06-09 21:24:28', '2025-06-09 21:24:28', NULL),
(9029, 'Rowan Lesch', 'mariela76@example.net', '2025-06-09 21:24:28', '$2y$12$SRUbX2toUj8MhCbWcPEc8uaY7dgltqtO75bsjMLKKVyY2xRsVQbCq', 'sMKQkdVy3D', NULL, NULL, NULL, NULL, NULL, '2025-06-09 21:24:28', '2025-06-09 21:24:28', NULL),
(9030, 'Jennyfer Bernier', 'zulauf.virginia@example.org', '2025-06-09 21:24:28', '$2y$12$SRUbX2toUj8MhCbWcPEc8uaY7dgltqtO75bsjMLKKVyY2xRsVQbCq', 'sC19JwxY7u', NULL, NULL, NULL, NULL, NULL, '2025-06-09 21:24:28', '2025-06-09 21:24:28', NULL),
(9031, 'Jannie Anderson', 'berge.katlynn@example.org', '2025-06-09 21:24:28', '$2y$12$SRUbX2toUj8MhCbWcPEc8uaY7dgltqtO75bsjMLKKVyY2xRsVQbCq', 'tJv19RTOVm', NULL, NULL, NULL, NULL, NULL, '2025-06-09 21:24:28', '2025-06-09 21:24:28', NULL),
(9032, 'Leuschke Ltd Principal', 'leuschkeltd@ejemplo.com', '2025-06-09 21:24:29', '$2y$12$fr2SMovXDyKoFKYGT5CL8O44h0zOzwwv9393RMKjxP2Bag2B1FZ5.', NULL, NULL, NULL, '[33, 34, 35, 36, 37, 38, 39, 40]', 1, NULL, '2025-06-09 21:24:29', '2025-06-09 21:24:31', NULL),
(9033, 'Leuschke Ltd Subordinado 1', 'leuschke ltd_sub1@ejemplo.com', '2025-06-09 21:24:29', '$2y$12$huTcSHy7oyp.7bFnfV/rjuGFkV2ns8aLxM0d3wOLpKgCwX32ftzgu', NULL, NULL, NULL, NULL, 1, 2, '2025-06-09 21:24:29', '2025-06-09 21:24:29', NULL),
(9034, 'Leuschke Ltd Subordinado 2', 'leuschke ltd_sub2@ejemplo.com', '2025-06-09 21:24:29', '$2y$12$.rdFXDLetUfi2UkYKlZFjOR3fAVIwmmk4gYEhyNuPpvsiDc/LqeFW', NULL, NULL, NULL, NULL, 1, 1, '2025-06-09 21:24:29', '2025-06-09 21:24:29', NULL),
(9035, 'Leuschke Ltd Subordinado 3', 'leuschke ltd_sub3@ejemplo.com', '2025-06-09 21:24:30', '$2y$12$5HP4QXFJ88/Z5f5V98RE7.mBni5Nhmb13wFWNr8qUowFYBWhH2P4S', NULL, NULL, NULL, NULL, 1, 2, '2025-06-09 21:24:30', '2025-06-09 21:24:30', NULL),
(9036, 'Leuschke Ltd Subordinado 4', 'leuschke ltd_sub4@ejemplo.com', '2025-06-09 21:24:30', '$2y$12$kOtn3l.j9SAOgxWBzrWrQuw5XcnJn5BoD2N0hCDuf9K/QU8aAw6nm', NULL, NULL, NULL, NULL, 1, 1, '2025-06-09 21:24:30', '2025-06-09 21:24:30', NULL),
(9037, 'Leuschke Ltd Subordinado 5', 'leuschke ltd_sub5@ejemplo.com', '2025-06-09 21:24:30', '$2y$12$ZXblE9oghJ.tZMnFOS.x3.rHkhuh7ZoSRpV1kHt8d9fZDiFK6iEyK', NULL, NULL, NULL, NULL, 1, 2, '2025-06-09 21:24:30', '2025-06-09 21:24:30', NULL),
(9038, 'Leuschke Ltd Subordinado 6', 'leuschke ltd_sub6@ejemplo.com', '2025-06-09 21:24:30', '$2y$12$/tqBwjkbmzHuFpCt72lYaeOTt5uW6VNTvv15j81i8vBve2UuCAqUe', NULL, NULL, NULL, NULL, 1, 2, '2025-06-09 21:24:30', '2025-06-09 21:24:30', NULL),
(9039, 'Leuschke Ltd Subordinado 7', 'leuschke ltd_sub7@ejemplo.com', '2025-06-09 21:24:31', '$2y$12$311YNISqnQEiuj99cbAVPuUuKMO3UPTjetIvherGw0cTiTFZI7Fiy', NULL, NULL, NULL, NULL, 1, 1, '2025-06-09 21:24:31', '2025-06-09 21:24:31', NULL),
(9040, 'Leuschke Ltd Subordinado 8', 'leuschke ltd_sub8@ejemplo.com', '2025-06-09 21:24:31', '$2y$12$S42t0cxQKGYvj.kbHwvETeMzcc7Tck674vrW8kicNZjblQIIsB5ja', NULL, NULL, NULL, NULL, 1, 1, '2025-06-09 21:24:31', '2025-06-09 21:24:31', NULL),
(9041, 'Rath-Schumm Principal', 'rath-schumm@ejemplo.com', '2025-06-09 21:24:31', '$2y$12$mNs1lKRgAsZw.FoBRQnIWOXEHfIJx8WEeum1eK0GGn4A12F51oP/y', NULL, NULL, NULL, '[42, 43, 44, 45, 46, 47]', 2, NULL, '2025-06-09 21:24:31', '2025-06-09 21:24:32', NULL),
(9042, 'Rath-Schumm Subordinado 1', 'rath-schumm_sub1@ejemplo.com', '2025-06-09 21:24:31', '$2y$12$8X1SM11tL1OjS9HkLUS8ueDd.0YeEQvKNOqR.vfkLGWYqzggr.BMu', NULL, NULL, NULL, NULL, 2, 3, '2025-06-09 21:24:31', '2025-06-09 21:24:31', NULL),
(9043, 'Rath-Schumm Subordinado 2', 'rath-schumm_sub2@ejemplo.com', '2025-06-09 21:24:31', '$2y$12$I37qj48yvIkETqYjHWtXaOFt4N63vzOJ/x510GrbAW5HlLf3xLpCS', NULL, NULL, NULL, NULL, 2, 3, '2025-06-09 21:24:31', '2025-06-09 21:24:31', NULL),
(9044, 'Rath-Schumm Subordinado 3', 'rath-schumm_sub3@ejemplo.com', '2025-06-09 21:24:32', '$2y$12$v2Qypt91GgH/pYqeLlD5EeXsicl9OZSVzOJ/ITgzV2mzwid3tlJbe', NULL, NULL, NULL, NULL, 2, 3, '2025-06-09 21:24:32', '2025-06-09 21:24:32', NULL),
(9045, 'Rath-Schumm Subordinado 4', 'rath-schumm_sub4@ejemplo.com', '2025-06-09 21:24:32', '$2y$12$xhY2aQKEI.l/o/.9a0ZhzuDdA229pakKJDDVqnAVuZXRr3Jw8KAki', NULL, NULL, NULL, NULL, 2, 3, '2025-06-09 21:24:32', '2025-06-09 21:24:32', NULL),
(9046, 'Rath-Schumm Subordinado 5', 'rath-schumm_sub5@ejemplo.com', '2025-06-09 21:24:32', '$2y$12$ZWylIKeIT37EtmJjzhBXF.9mMMLEQsWp/0955G8TeIVrAD4f1Bkt6', NULL, NULL, NULL, NULL, 2, 4, '2025-06-09 21:24:32', '2025-06-09 21:24:32', NULL),
(9047, 'Rath-Schumm Subordinado 6', 'rath-schumm_sub6@ejemplo.com', '2025-06-09 21:24:32', '$2y$12$ynIvbOSGj/X5WnGlmTkt0OXejZq00I7/P/aPXjW9Hi9UHdYGcdVWG', NULL, NULL, NULL, NULL, 2, 4, '2025-06-09 21:24:32', '2025-06-09 21:24:32', NULL),
(9048, 'Littel-Quitzon Principal', 'littel-quitzon@ejemplo.com', '2025-06-09 21:24:33', '$2y$12$7gOPnjvNM41hfUanlUWmIeP0b9gDS6WT8VGtJyPYQnh4QHSZpkX0y', NULL, NULL, NULL, '[49, 50, 51, 52, 53, 54]', 3, NULL, '2025-06-09 21:24:33', '2025-06-09 21:24:34', NULL),
(9049, 'Littel-Quitzon Subordinado 1', 'littel-quitzon_sub1@ejemplo.com', '2025-06-09 21:24:33', '$2y$12$.SevcYCxQWgcvJG19pjR6efpStzxbkqgpjYoMUUxXSSTZQqniUKm.', NULL, NULL, NULL, NULL, 3, 6, '2025-06-09 21:24:33', '2025-06-09 21:24:33', NULL),
(9050, 'Littel-Quitzon Subordinado 2', 'littel-quitzon_sub2@ejemplo.com', '2025-06-09 21:24:33', '$2y$12$cMce3dSX7Pnf46ht8q5bse/0vfzF6vKt/sDP0yuG1tTmNTBkSfKAy', NULL, NULL, NULL, NULL, 3, 7, '2025-06-09 21:24:33', '2025-06-09 21:24:33', NULL),
(9051, 'Littel-Quitzon Subordinado 3', 'littel-quitzon_sub3@ejemplo.com', '2025-06-09 21:24:33', '$2y$12$SlsIdJZn8ndqddsx1dgKVeClOFKGN18fVDrIk8Z6CTCAuiO/UFjpy', NULL, NULL, NULL, NULL, 3, 6, '2025-06-09 21:24:33', '2025-06-09 21:24:33', NULL),
(9052, 'Littel-Quitzon Subordinado 4', 'littel-quitzon_sub4@ejemplo.com', '2025-06-09 21:24:33', '$2y$12$HCbLyyrgOISRWAOM01wE5.PzmWxlQNhExLDmmE/SdlBNmBiqXw5D6', NULL, NULL, NULL, NULL, 3, 6, '2025-06-09 21:24:33', '2025-06-09 21:24:33', NULL),
(9053, 'Littel-Quitzon Subordinado 5', 'littel-quitzon_sub5@ejemplo.com', '2025-06-09 21:24:34', '$2y$12$HMNIjMZYqU160vlgqPLCSOSwUZp3uGz1XdAZQCF81wojDkd2e5Q6a', NULL, NULL, NULL, NULL, 3, 6, '2025-06-09 21:24:34', '2025-06-09 21:24:34', NULL),
(9054, 'Littel-Quitzon Subordinado 6', 'littel-quitzon_sub6@ejemplo.com', '2025-06-09 21:24:34', '$2y$12$N3E.PtfhDJDigei3O33uc.EBdfA6p2qJSsR4j6SkRyX8/Xe6nFuWG', NULL, NULL, NULL, NULL, 3, 5, '2025-06-09 21:24:34', '2025-06-09 21:24:34', NULL),
(9055, 'Kris-Upton Principal', 'kris-upton@ejemplo.com', '2025-06-09 21:24:34', '$2y$12$vagzpOQ2n.5gWXErRk.atezfDNPM.07t30StisZ9mNjNuDropfiem', NULL, NULL, NULL, '[56, 57, 58, 59, 60]', 4, NULL, '2025-06-09 21:24:34', '2025-06-09 21:24:35', NULL),
(9056, 'Kris-Upton Subordinado 1', 'kris-upton_sub1@ejemplo.com', '2025-06-09 21:24:34', '$2y$12$8z9j4FWfS/FZ6w3ts83HLOtrnOqkTXHjRLFUiU11Mx0OsIvDVXCwi', NULL, NULL, NULL, NULL, 4, 8, '2025-06-09 21:24:34', '2025-06-09 21:24:34', NULL),
(9057, 'Kris-Upton Subordinado 2', 'kris-upton_sub2@ejemplo.com', '2025-06-09 21:24:35', '$2y$12$6xOcUPd5tpiPtH2zSuzj0.SU64iDF6QA8J0wUekd2K7MbODYsFL6O', NULL, NULL, NULL, NULL, 4, 8, '2025-06-09 21:24:35', '2025-06-09 21:24:35', NULL),
(9058, 'Kris-Upton Subordinado 3', 'kris-upton_sub3@ejemplo.com', '2025-06-09 21:24:35', '$2y$12$Pnt1DJFnwV5EjxnBuxr1k.JIZcnigKAheyM.hWnk93dfqKGMfCgia', NULL, NULL, NULL, NULL, 4, 9, '2025-06-09 21:24:35', '2025-06-09 21:24:35', NULL),
(9059, 'Kris-Upton Subordinado 4', 'kris-upton_sub4@ejemplo.com', '2025-06-09 21:24:35', '$2y$12$V2QypW.WEUe6t6DZ/cUqzO/.AdxdjLmZjIKYOuvyR.bX84RdpcKf.', NULL, NULL, NULL, NULL, 4, 9, '2025-06-09 21:24:35', '2025-06-09 21:24:35', NULL),
(9060, 'Kris-Upton Subordinado 5', 'kris-upton_sub5@ejemplo.com', '2025-06-09 21:24:35', '$2y$12$gsB/viY9YlwnzYRM3n0HneZ6qwv3QUH9yWPY0LraIJl72DMQx2pG2', NULL, NULL, NULL, NULL, 4, 8, '2025-06-09 21:24:35', '2025-06-09 21:24:35', NULL),
(9061, 'Leannon-OKeefe Principal', 'Leannon-Okeefe@ejemplo.com', '2025-06-09 21:24:36', '$2y$12$V..yudi3gOAvZFBUbsaBWehhAniYzqqpsuKFM3ZrG5eLQwMI6pKo.', NULL, NULL, NULL, '[62, 63, 64, 65, 66, 67]', 5, NULL, '2025-06-09 21:24:36', '2025-06-09 21:24:37', NULL),
(9062, 'Leannon-OKeefe Subordinado 1', 'Leannon-Okeefe_sub1@ejemplo.com', '2025-06-09 21:24:36', '$2y$12$DY13JUZ.z.3i8gu1AVW6n.PB1MNXM9nWOeG7RHHFXn5tC7XdLk4pu', NULL, NULL, NULL, NULL, 5, 10, '2025-06-09 21:24:36', '2025-06-09 21:24:36', NULL),
(9063, 'Leannon-OKeefe Subordinado 2', 'Leannon-Okeefe_sub2@ejemplo.com', '2025-06-09 21:24:36', '$2y$12$j4KMY4INDDauBcmK//vl3u5As3e0wsv2Vct3kLSz8lAUb41va8p/W', NULL, NULL, NULL, NULL, 5, 11, '2025-06-09 21:24:36', '2025-06-09 21:24:36', NULL),
(9064, 'Leannon-OKeefe Subordinado 3', 'Leannon-Okeefe_sub3@ejemplo.com', '2025-06-09 21:24:36', '$2y$12$yA5l9dRcEVDKb0d8XzMTieFod/mXxqsW2jYpCq5sRJY.cvSiAktZC', NULL, NULL, NULL, NULL, 5, 10, '2025-06-09 21:24:36', '2025-06-09 21:24:36', NULL),
(9065, 'Leannon-OKeefe Subordinado 4', 'Leannon-Okeefe_sub4@ejemplo.com', '2025-06-09 21:24:36', '$2y$12$UyeS2yukA.MmwXl7nIXhCOHiDGTvORUwWfkX99cM5KLILDKPTvNai', NULL, NULL, NULL, NULL, 5, 11, '2025-06-09 21:24:36', '2025-06-09 21:24:36', NULL),
(9066, 'Leannon-OKeefe Subordinado 5', 'Leannon-Okeefe_sub5@ejemplo.com', '2025-06-09 21:24:37', '$2y$12$cobHentOhfCSuRQNiQ0eIuzMVxlk2WRX/fbhBEfAhM29SSiO1AtRa', NULL, NULL, NULL, NULL, 5, 10, '2025-06-09 21:24:37', '2025-06-09 21:24:37', NULL),
(9067, 'Leannon-OKeefe Subordinado 6', 'Leannon-Okeefe_sub6@ejemplo.com', '2025-06-09 21:24:37', '$2y$12$QkqEdSGcoKaDVgdbiET6x.6Arlgffy9kdauUWOSJBMT33ER8jU8kS', NULL, NULL, NULL, NULL, 5, 11, '2025-06-09 21:24:37', '2025-06-09 21:24:37', NULL);
COMMIT;

