-- --------------------------------------------------------
-- Host:                         127.0.0.1
-- Versión del servidor:         8.4.3 - MySQL Community Server - GPL
-- SO del servidor:              Win64
-- HeidiSQL Versión:             12.8.0.6908
-- --------------------------------------------------------

/*!40101 SET @OLD_CHARACTER_SET_CLIENT=@@CHARACTER_SET_CLIENT */;
/*!40101 SET NAMES utf8 */;
/*!50503 SET NAMES utf8mb4 */;
/*!40103 SET @OLD_TIME_ZONE=@@TIME_ZONE */;
/*!40103 SET TIME_ZONE='+00:00' */;
/*!40014 SET @OLD_FOREIGN_KEY_CHECKS=@@FOREIGN_KEY_CHECKS, FOREIGN_KEY_CHECKS=0 */;
/*!40101 SET @OLD_SQL_MODE=@@SQL_MODE, SQL_MODE='NO_AUTO_VALUE_ON_ZERO' */;
/*!40111 SET @OLD_SQL_NOTES=@@SQL_NOTES, SQL_NOTES=0 */;

-- Volcando datos para la tabla mtiadmin_portal.grupos_orden: ~10 rows (aproximadamente)
INSERT INTO `grupos_orden` (`id`, `nombre`, `created_at`, `updated_at`) VALUES
	(1, 'Preproyecto', '2025-05-15 18:36:50', '2025-05-15 18:36:50'),
	(2, 'Test', '2025-05-15 19:36:36', '2025-05-15 19:36:36'),
	(3, 'DashboardCliente', '2025-05-15 22:15:13', '2025-05-15 22:15:13'),
	(4, 'AsideNav', '2025-05-15 23:28:02', '2025-05-15 23:28:02'),
	(5, 'Admin', '2025-05-19 17:52:21', '2025-05-19 17:52:21'),
	(6, 'vistaproyecto', '2025-05-19 19:03:39', '2025-05-19 19:03:39'),
	(7, 'VistaProyectoCliente', '2025-05-20 17:35:20', '2025-05-20 17:35:20'),
	(8, 'VistaProyectoDiseñador', '2025-05-20 19:03:46', '2025-05-20 19:03:46'),
	(9, 'JefeDiseñador', '2025-05-20 23:13:55', '2025-05-20 23:13:55'),
	(10, 'Diseñador', '2025-05-21 21:41:15', '2025-05-21 21:41:15');

-- Volcando datos para la tabla mtiadmin_portal.grupo_orden_permission: ~65 rows (aproximadamente)
INSERT INTO `grupo_orden_permission` (`id`, `grupo_orden_id`, `permission_id`, `orden`, `created_at`, `updated_at`) VALUES
	(12, 3, 14, 1, '2025-05-15 22:59:33', '2025-05-22 22:27:45'),
	(13, 3, 13, 2, '2025-05-15 22:59:33', '2025-05-22 22:27:45'),
	(16, 3, 15, 3, '2025-05-15 23:12:16', '2025-05-22 22:27:45'),
	(17, 4, 16, 1, '2025-05-16 00:09:55', '2025-05-16 00:09:55'),
	(18, 4, 17, 2, '2025-05-16 00:09:55', '2025-05-16 00:09:55'),
	(20, 4, 18, 4, '2025-05-16 00:09:55', '2025-05-16 00:09:55'),
	(21, 5, 16, 1, '2025-05-19 17:52:21', '2025-05-22 22:15:25'),
	(22, 5, 20, 2, '2025-05-19 17:52:21', '2025-05-22 22:15:25'),
	(23, 5, 6, 3, '2025-05-19 17:52:21', '2025-05-22 22:15:25'),
	(24, 5, 13, 4, '2025-05-19 17:52:21', '2025-05-22 22:15:25'),
	(25, 5, 4, 5, '2025-05-19 17:52:21', '2025-05-22 22:15:25'),
	(26, 5, 9, 6, '2025-05-19 17:52:21', '2025-05-22 22:15:25'),
	(27, 5, 12, 7, '2025-05-19 17:52:21', '2025-05-22 22:15:25'),
	(28, 5, 19, 8, '2025-05-19 17:52:21', '2025-05-22 22:15:25'),
	(29, 5, 18, 9, '2025-05-19 17:52:21', '2025-05-22 22:15:25'),
	(30, 5, 14, 10, '2025-05-19 17:52:21', '2025-05-22 22:15:25'),
	(31, 5, 5, 11, '2025-05-19 17:52:21', '2025-05-22 22:15:25'),
	(32, 5, 1, 12, '2025-05-19 17:52:21', '2025-05-22 22:15:25'),
	(33, 5, 8, 13, '2025-05-19 17:52:21', '2025-05-22 22:15:25'),
	(34, 5, 10, 14, '2025-05-19 17:52:21', '2025-05-22 22:15:25'),
	(35, 5, 17, 15, '2025-05-19 17:52:21', '2025-05-22 22:15:25'),
	(36, 5, 21, 16, '2025-05-19 17:52:21', '2025-05-22 22:15:25'),
	(37, 5, 15, 17, '2025-05-19 17:52:21', '2025-05-22 22:15:25'),
	(38, 5, 2, 18, '2025-05-19 17:52:21', '2025-05-22 22:15:25'),
	(39, 5, 7, 19, '2025-05-19 17:52:21', '2025-05-22 22:15:25'),
	(40, 5, 3, 20, '2025-05-19 17:52:21', '2025-05-22 22:15:25'),
	(41, 5, 11, 21, '2025-05-19 17:52:21', '2025-05-22 22:15:25'),
	(42, 6, 22, 1, '2025-05-19 19:04:28', '2025-05-20 00:32:38'),
	(43, 6, 23, 2, '2025-05-19 19:04:28', '2025-05-20 00:32:38'),
	(44, 6, 24, 3, '2025-05-19 19:04:28', '2025-05-20 00:32:38'),
	(48, 6, 29, 4, '2025-05-20 00:02:26', '2025-05-20 00:32:38'),
	(50, 7, 23, 2, '2025-05-20 17:35:20', '2025-05-20 19:09:34'),
	(52, 7, 29, 1, '2025-05-20 17:35:20', '2025-05-20 19:09:34'),
	(56, 7, 30, 3, '2025-05-20 19:09:34', '2025-05-20 19:09:34'),
	(57, 8, 16, 1, '2025-05-20 23:14:08', '2025-05-21 00:46:56'),
	(58, 8, 19, 2, '2025-05-20 23:15:55', '2025-05-21 00:46:56'),
	(59, 8, 33, 3, '2025-05-21 00:11:26', '2025-05-21 00:46:56'),
	(60, 8, 32, 4, '2025-05-21 00:11:26', '2025-05-21 00:46:56'),
	(61, 5, 24, 22, '2025-05-21 18:01:33', '2025-05-22 22:15:25'),
	(62, 5, 27, 23, '2025-05-21 18:01:33', '2025-05-22 22:15:25'),
	(63, 5, 30, 24, '2025-05-21 18:01:33', '2025-05-22 22:15:25'),
	(64, 5, 25, 25, '2025-05-21 18:01:33', '2025-05-22 22:15:25'),
	(65, 5, 26, 26, '2025-05-21 18:01:33', '2025-05-22 22:15:25'),
	(66, 5, 28, 27, '2025-05-21 18:01:33', '2025-05-22 22:15:25'),
	(67, 5, 22, 28, '2025-05-21 18:01:33', '2025-05-22 22:15:25'),
	(68, 5, 33, 29, '2025-05-21 18:01:33', '2025-05-22 22:15:25'),
	(69, 5, 32, 30, '2025-05-21 18:01:33', '2025-05-22 22:15:25'),
	(70, 5, 29, 31, '2025-05-21 18:01:33', '2025-05-22 22:15:25'),
	(71, 5, 23, 32, '2025-05-21 18:01:33', '2025-05-22 22:15:25'),
	(72, 5, 31, 33, '2025-05-21 18:01:33', '2025-05-22 22:15:25'),
	(73, 10, 32, 1, '2025-05-21 21:41:15', '2025-05-21 22:32:05'),
	(75, 10, 19, 2, '2025-05-21 21:42:48', '2025-05-21 22:32:05'),
	(76, 10, 16, 3, '2025-05-21 22:32:05', '2025-05-21 22:32:05'),
	(77, 5, 35, 34, '2025-05-22 18:45:48', '2025-05-22 22:15:25'),
	(78, 5, 34, 35, '2025-05-22 20:32:25', '2025-05-22 22:15:25'),
	(79, 5, 36, 36, '2025-05-22 20:38:02', '2025-05-22 22:15:25'),
	(80, 3, 18, 4, '2025-05-22 21:36:26', '2025-05-22 22:27:45'),
	(81, 3, 17, 5, '2025-05-22 21:36:26', '2025-05-22 22:27:45'),
	(82, 3, 16, 6, '2025-05-22 21:36:26', '2025-05-22 22:27:45'),
	(83, 5, 37, 37, '2025-05-22 22:05:07', '2025-05-22 22:15:25'),
	(84, 5, 38, 38, '2025-05-22 22:15:25', '2025-05-22 22:15:25'),
	(85, 3, 30, 7, '2025-05-22 22:23:54', '2025-05-22 22:27:45'),
	(86, 3, 12, 8, '2025-05-22 22:26:30', '2025-05-22 22:27:45'),
	(87, 3, 29, 9, '2025-05-22 22:27:28', '2025-05-22 22:27:45'),
	(88, 3, 23, 10, '2025-05-22 22:27:45', '2025-05-22 22:27:45');

-- Volcando datos para la tabla mtiadmin_portal.permissions: ~38 rows (aproximadamente)
INSERT INTO `permissions` (`id`, `name`, `guard_name`, `created_at`, `updated_at`) VALUES
	(1, 'manage users', 'web', '2025-05-06 22:49:09', '2025-05-06 22:49:09'),
	(2, 'edit profile', 'web', '2025-05-06 22:49:09', '2025-05-06 22:49:09'),
	(3, 'view_users', 'web', '2025-05-06 22:49:20', '2025-05-06 22:49:20'),
	(4, 'edit_users', 'web', '2025-05-06 22:49:20', '2025-05-06 22:49:20'),
	(5, 'delete_users', 'web', '2025-05-06 22:49:20', '2025-05-06 22:49:20'),
	(6, 'create_users', 'web', '2025-05-06 22:49:20', '2025-05-06 22:49:20'),
	(7, 'manage_orders', 'web', '2025-05-06 22:49:20', '2025-05-06 22:49:20'),
	(8, 'view_reports', 'web', '2025-05-06 22:49:20', '2025-05-06 22:49:20'),
	(9, 'test', 'web', '2025-05-15 17:12:48', '2025-05-15 17:12:48'),
	(10, 'vistapreproyectosdashboard', 'web', '2025-05-15 22:17:36', '2025-05-15 22:17:36'),
	(11, 'vistaproyectosdashboard', 'web', '2025-05-15 22:17:53', '2025-05-15 22:17:53'),
	(12, 'vistapedidosdashboardcliente', 'web', '2025-05-15 22:18:24', '2025-05-15 22:18:24'),
	(13, 'dashboardclienteproyectos', 'web', '2025-05-15 22:21:01', '2025-05-15 22:21:01'),
	(14, 'dashboardclientepedidos', 'web', '2025-05-15 22:23:43', '2025-05-15 22:23:43'),
	(15, 'dashboardclientepreproyectos', 'web', '2025-05-15 22:24:20', '2025-05-15 22:24:20'),
	(16, 'asidedashboard', 'web', '2025-05-15 23:30:28', '2025-05-15 23:30:28'),
	(17, 'asidepreproyectos', 'web', '2025-05-15 23:31:06', '2025-05-15 23:31:06'),
	(18, 'asideproyectos', 'web', '2025-05-15 23:32:14', '2025-05-15 23:32:14'),
	(19, 'asidediseniodesplegable', 'web', '2025-05-15 23:40:04', '2025-05-15 23:40:04'),
	(20, 'asideproducciondesplegable', 'web', '2025-05-15 23:43:38', '2025-05-15 23:43:38'),
	(21, 'asideusuariosdesplegable', 'web', '2025-05-15 23:53:33', '2025-05-15 23:53:33'),
	(22, 'proyectopedidoscolumnafechaenbarque', 'web', '2025-05-19 19:03:51', '2025-05-19 19:03:51'),
	(23, 'proyectopedidoscolumnafechaEntrega', 'web', '2025-05-19 19:04:03', '2025-05-19 19:04:03'),
	(24, 'proyectopedidoscolumnafechaproduccion', 'web', '2025-05-19 19:04:13', '2025-05-19 19:04:13'),
	(25, 'proyectopedidosEditarinputTipo', 'web', '2025-05-19 23:24:16', '2025-05-19 23:24:16'),
	(26, 'proyectopedidosEditarInputEstado', 'web', '2025-05-19 23:29:35', '2025-05-19 23:29:35'),
	(27, 'proyectopedidosEditarinputFechaproduccion', 'web', '2025-05-19 23:58:26', '2025-05-19 23:58:26'),
	(28, 'proyectopedidosEditarinputFechaEmbarque', 'web', '2025-05-19 23:58:43', '2025-05-19 23:58:43'),
	(29, 'proyectopedidosEditarinputFechaEntrega', 'web', '2025-05-20 00:01:17', '2025-05-20 00:01:17'),
	(30, 'vistaproyectoSeccionPedidos', 'web', '2025-05-20 19:03:03', '2025-05-20 19:03:03'),
	(31, 'Jefe Diseñador', 'web', '2025-05-20 23:13:34', '2025-05-20 23:13:34'),
	(32, 'asidediseniodesplegableTareas', 'web', '2025-05-21 00:09:50', '2025-05-21 00:09:50'),
	(33, 'asidediseniodesplegableAdminTareas', 'web', '2025-05-21 00:11:14', '2025-05-21 00:11:14'),
	(34, 'ver-todos-los-preproyectos', 'web', '2025-05-22 18:40:41', '2025-05-22 18:40:41'),
	(35, 'tablaPreproyectos-ver-todos-los-preproyectos', 'web', '2025-05-22 18:45:24', '2025-05-22 18:45:24'),
	(36, 'tablaProyectos-ver-todos-los-proyectos', 'web', '2025-05-22 20:36:01', '2025-05-22 20:36:01'),
	(37, 'tablaPedidos-ver-todos-los-pedidos', 'web', '2025-05-22 22:04:57', '2025-05-22 22:04:57'),
	(38, 'ver-todas-notificaciones-del-sistema', 'web', '2025-05-22 22:15:13', '2025-05-22 22:15:13');

-- Volcando datos para la tabla mtiadmin_portal.roles: ~9 rows (aproximadamente)
INSERT INTO `roles` (`id`, `name`, `guard_name`, `created_at`, `updated_at`) VALUES
	(1, 'admin', 'web', '2025-06-09 17:36:06', '2025-06-09 17:36:06'),
	(2, 'cliente', 'web', '2025-06-09 17:36:06', '2025-06-09 17:36:06'),
	(3, 'proveedor', 'web', '2025-06-09 17:36:06', '2025-06-09 17:36:06'),
	(4, 'estaf', 'web', '2025-06-09 17:36:06', '2025-06-09 17:36:06'),
	(5, 'diseñador', 'web', '2025-06-09 17:36:06', '2025-06-09 17:36:06'),
	(6, 'jefediseñador', 'web', '2025-06-09 17:36:06', '2025-06-09 17:36:06'),
	(7, 'operador', 'web', '2025-06-09 17:36:06', '2025-06-09 17:36:06'),
	(8, 'cliente_principal', 'web', '2025-06-09 17:36:06', '2025-06-09 17:36:06'),
	(9, 'cliente_subordinado', 'web', '2025-06-09 17:36:06', '2025-06-09 17:36:06');

-- Volcando datos para la tabla mtiadmin_portal.role_has_permissions: ~55 rows (aproximadamente)
INSERT INTO `role_has_permissions` (`permission_id`, `role_id`) VALUES
	(1, 1),
	(2, 1),
	(3, 1),
	(4, 1),
	(5, 1),
	(6, 1),
	(7, 1),
	(8, 1),
	(9, 1),
	(10, 1),
	(11, 1),
	(12, 1),
	(13, 1),
	(14, 1),
	(15, 1),
	(16, 1),
	(17, 1),
	(18, 1),
	(19, 1),
	(20, 1),
	(21, 1),
	(22, 1),
	(23, 1),
	(24, 1),
	(25, 1),
	(26, 1),
	(27, 1),
	(28, 1),
	(29, 1),
	(30, 1),
	(31, 1),
	(32, 1),
	(33, 1),
	(34, 1),
	(35, 1),
	(36, 1),
	(37, 1),
	(12, 2),
	(13, 2),
	(14, 2),
	(15, 2),
	(16, 2),
	(17, 2),
	(18, 2),
	(23, 2),
	(29, 2),
	(30, 2),
	(16, 5),
	(19, 5),
	(32, 5),
	(16, 6),
	(19, 6),
	(32, 6),
	(33, 6),
	(2, 7);

/*!40103 SET TIME_ZONE=IFNULL(@OLD_TIME_ZONE, 'system') */;
/*!40101 SET SQL_MODE=IFNULL(@OLD_SQL_MODE, '') */;
/*!40014 SET FOREIGN_KEY_CHECKS=IFNULL(@OLD_FOREIGN_KEY_CHECKS, 1) */;
/*!40101 SET CHARACTER_SET_CLIENT=@OLD_CHARACTER_SET_CLIENT */;
/*!40111 SET SQL_NOTES=IFNULL(@OLD_SQL_NOTES, 1) */;
