-- --------------------------------------------------------
-- Host:                         127.0.0.1
-- Versión del servidor:         8.4.3 - MySQL Community Server - GPL
-- SO del servidor:              Win64
-- HeidiSQL Versión:             12.8.0.6908
-- --------------------------------------------------------

/*!40101 SET @OLD_CHARACTER_SET_CLIENT=@@CHARACTER_SET_CLIENT */;
/*!40101 SET NAMES utf8 */;
/*!50503 SET NAMES utf8mb4 */;
/*!40103 SET @OLD_TIME_ZONE=@@TIME_ZONE */;
/*!40103 SET TIME_ZONE='+00:00' */;
/*!40014 SET @OLD_FOREIGN_KEY_CHECKS=@@FOREIGN_KEY_CHECKS, FOREIGN_KEY_CHECKS=0 */;
/*!40101 SET @OLD_SQL_MODE=@@SQL_MODE, SQL_MODE='NO_AUTO_VALUE_ON_ZERO' */;
/*!40111 SET @OLD_SQL_NOTES=@@SQL_NOTES, SQL_NOTES=0 */;

-- Volcando datos para la tabla mtiadmin_portal.caracteristicas: ~27 rows (aproximadamente)
INSERT INTO `caracteristicas` (`id`, `nombre`, `flag_seleccion_multiple`, `created_at`, `updated_at`, `ind_activo`) VALUES
	(1, 'Tipo de Tela', 0, '2025-04-26 10:33:14', '2025-04-26 11:43:57', 1),
	(2, 'Tipo de Cinta', 0, '2025-04-26 10:33:27', '2025-04-26 11:43:50', 1),
	(3, 'Impresion', 0, '2025-04-26 10:34:21', '2025-05-07 09:42:47', 1),
	(4, 'Material', 0, '2025-04-26 10:34:46', '2025-04-26 11:43:32', 1),
	(5, 'Medida', 0, '2025-04-26 10:36:14', '2025-04-26 11:43:23', 1),
	(6, 'Tamaño', 0, '2025-04-26 10:36:33', '2025-04-26 11:43:17', 1),
	(7, 'Hebilla Frontal', 0, '2025-04-26 10:37:19', '2025-04-26 11:43:07', 1),
	(8, 'Broche de Seguridad', 0, '2025-04-26 10:37:46', '2025-04-26 11:42:59', 1),
	(9, 'Herraje', 0, '2025-04-26 10:38:23', '2025-05-07 10:22:05', 1),
	(10, 'Broche Inviolable', 0, '2025-04-26 10:38:46', '2025-04-26 11:42:39', 1),
	(11, 'Terminado', 0, '2025-04-26 10:40:52', '2025-04-26 12:17:59', 1),
	(12, 'Acabado', 0, '2025-04-26 10:41:02', '2025-04-26 11:42:32', 1),
	(13, 'Herraje Doble', 0, '2025-04-26 10:45:50', '2025-04-26 11:42:22', 1),
	(14, 'Herraje Extra', 0, '2025-04-26 10:56:05', '2025-04-26 11:42:16', 1),
	(15, 'Pintada', 0, '2025-04-26 11:02:44', '2025-04-26 11:42:10', 1),
	(16, 'Elastico', 0, '2025-04-26 11:44:28', '2025-04-26 11:45:51', 1),
	(17, 'Jareta', 0, '2025-04-26 11:55:39', '2025-04-26 11:56:28', 1),
	(18, 'Materiales', 0, '2025-04-26 12:16:59', '2025-04-26 12:16:59', 1),
	(19, 'Presentación', 0, '2025-04-26 12:19:47', '2025-04-26 12:19:47', 1),
	(20, 'Armado', 0, '2025-04-26 12:25:50', '2025-04-26 12:25:50', 1),
	(21, 'Tipo de Cuello', 0, '2025-05-07 09:53:22', '2025-05-07 09:53:22', 1),
	(22, 'Yoyo Personalisado', 0, '2025-05-07 10:22:44', '2025-05-07 10:22:44', 1),
	(23, 'Medida Yoyo', 0, '2025-05-07 10:24:46', '2025-05-07 10:24:46', 1),
	(24, 'Tipo Cinta Superior', 0, '2025-05-07 11:09:48', '2025-05-07 11:10:09', 1),
	(25, 'Medida Cinta Superior', 0, '2025-05-07 11:10:57', '2025-05-07 11:10:57', 1),
	(26, 'Medida Cinta Inferior', 0, '2025-05-07 11:11:14', '2025-05-07 11:11:14', 1),
	(27, 'Tipo Cinta Inferior', 0, '2025-05-07 11:11:35', '2025-05-07 11:11:35', 1);

-- Volcando datos para la tabla mtiadmin_portal.caracteristica_opcion: ~92 rows (aproximadamente)
INSERT INTO `caracteristica_opcion` (`id`, `caracteristica_id`, `opcion_id`, `created_at`, `updated_at`) VALUES
	(14, 9, 2, NULL, NULL),
	(15, 13, 2, NULL, NULL),
	(16, 9, 3, NULL, NULL),
	(17, 13, 3, NULL, NULL),
	(18, 9, 5, NULL, NULL),
	(19, 13, 5, NULL, NULL),
	(20, 9, 7, NULL, NULL),
	(21, 13, 7, NULL, NULL),
	(23, 14, 8, NULL, NULL),
	(24, 14, 9, NULL, NULL),
	(25, 14, 10, NULL, NULL),
	(26, 9, 10, NULL, NULL),
	(27, 14, 11, NULL, NULL),
	(28, 9, 12, NULL, NULL),
	(29, 13, 12, NULL, NULL),
	(31, 15, 13, NULL, NULL),
	(32, 15, 14, NULL, NULL),
	(33, 15, 15, NULL, NULL),
	(34, 15, 16, NULL, NULL),
	(35, 15, 18, NULL, NULL),
	(36, 12, 19, NULL, NULL),
	(37, 12, 20, NULL, NULL),
	(38, 12, 21, NULL, NULL),
	(39, 11, 22, NULL, NULL),
	(40, 11, 23, NULL, NULL),
	(41, 11, 24, NULL, NULL),
	(42, 1, 25, NULL, NULL),
	(43, 2, 26, NULL, NULL),
	(44, 2, 27, NULL, NULL),
	(45, 2, 28, NULL, NULL),
	(46, 2, 29, NULL, NULL),
	(47, 2, 30, NULL, NULL),
	(48, 2, 31, NULL, NULL),
	(49, 12, 32, NULL, NULL),
	(50, 10, 33, NULL, NULL),
	(51, 10, 34, NULL, NULL),
	(52, 10, 35, NULL, NULL),
	(53, 8, 36, NULL, NULL),
	(54, 7, 37, NULL, NULL),
	(56, 6, 39, NULL, NULL),
	(57, 6, 40, NULL, NULL),
	(58, 6, 41, NULL, NULL),
	(59, 6, 42, NULL, NULL),
	(60, 6, 43, NULL, NULL),
	(61, 6, 44, NULL, NULL),
	(62, 6, 45, NULL, NULL),
	(63, 6, 46, NULL, NULL),
	(64, 6, 47, NULL, NULL),
	(65, 6, 48, NULL, NULL),
	(66, 6, 49, NULL, NULL),
	(67, 5, 50, NULL, NULL),
	(68, 5, 51, NULL, NULL),
	(69, 5, 52, NULL, NULL),
	(70, 5, 53, NULL, NULL),
	(71, 5, 54, NULL, NULL),
	(72, 5, 55, NULL, NULL),
	(73, 5, 56, NULL, NULL),
	(74, 5, 57, NULL, NULL),
	(75, 5, 58, NULL, NULL),
	(76, 4, 59, NULL, NULL),
	(77, 3, 60, NULL, NULL),
	(78, 3, 61, NULL, NULL),
	(80, 16, 62, NULL, NULL),
	(81, 16, 63, NULL, NULL),
	(82, 16, 64, NULL, NULL),
	(84, 17, 65, NULL, NULL),
	(85, 17, 66, NULL, NULL),
	(87, 18, 68, NULL, NULL),
	(88, 18, 69, NULL, NULL),
	(89, 18, 70, NULL, NULL),
	(90, 19, 67, NULL, NULL),
	(91, 19, 71, NULL, NULL),
	(92, 20, 1, NULL, NULL),
	(93, 20, 72, NULL, NULL),
	(94, 20, 73, NULL, NULL),
	(95, 20, 74, NULL, NULL),
	(96, 19, 75, NULL, NULL),
	(97, 3, 76, NULL, NULL),
	(98, 1, 77, NULL, NULL),
	(99, 1, 78, NULL, NULL),
	(100, 1, 79, NULL, NULL),
	(101, 1, 80, NULL, NULL),
	(102, 21, 81, NULL, NULL),
	(103, 21, 82, NULL, NULL),
	(104, 22, 38, NULL, NULL),
	(105, 23, 53, NULL, NULL),
	(107, 24, 29, NULL, NULL),
	(108, 24, 26, NULL, NULL),
	(109, 25, 53, NULL, NULL),
	(110, 26, 54, NULL, NULL),
	(111, 27, 26, NULL, NULL),
	(112, 27, 29, NULL, NULL);

-- Volcando datos para la tabla mtiadmin_portal.categorias: ~17 rows (aproximadamente)
INSERT INTO `categorias` (`id`, `nombre`, `created_at`, `updated_at`, `flag_tallas`, `ind_activo`) VALUES
	(1, 'Playera', '2025-04-26 09:51:01', '2025-05-07 10:42:27', 1, 1),
	(2, 'Jersey', '2025-04-26 09:51:55', '2025-04-26 10:09:02', 1, 1),
	(3, 'Polo', '2025-04-26 09:52:15', '2025-04-26 10:09:05', 1, 1),
	(4, 'Chamarra', '2025-04-26 09:52:26', '2025-04-26 10:09:08', 1, 1),
	(5, 'Tank Top', '2025-04-26 09:52:40', '2025-04-26 10:09:11', 1, 1),
	(6, 'Bandana', '2025-04-26 10:02:34', '2025-04-26 10:02:34', 0, 1),
	(7, 'Portanumero', '2025-04-26 10:03:07', '2025-04-26 10:03:07', 0, 1),
	(8, 'Cinta Sublimada', '2025-04-26 10:04:21', '2025-04-26 12:33:49', 0, 1),
	(9, 'Portagafete', '2025-04-26 10:04:33', '2025-05-07 11:13:12', 0, 1),
	(10, 'Otras Cintas y Listones', '2025-04-26 10:08:16', '2025-05-07 09:45:20', 0, 1),
	(11, 'Pulseras', '2025-04-26 10:16:37', '2025-04-26 12:06:16', 0, 1),
	(12, 'Medallas y Fundicion Varios', '2025-04-26 10:18:39', '2025-04-26 12:01:18', 0, 1),
	(13, 'Gorras', '2025-04-26 10:19:19', '2025-04-26 10:19:19', 0, 1),
	(14, 'Morrales', '2025-04-26 10:20:03', '2025-04-26 11:56:42', 0, 1),
	(15, 'Tarjetas y Tags', '2025-04-26 10:21:17', '2025-05-07 09:41:39', 0, 1),
	(16, 'Numeros de Competidor', '2025-04-26 10:21:28', '2025-04-26 11:54:11', 0, 1),
	(17, 'Textil Cortado Varios', '2025-04-26 10:31:53', '2025-04-26 11:53:15', 0, 1);

-- Volcando datos para la tabla mtiadmin_portal.categoria_caracteristica: ~41 rows (aproximadamente)
INSERT INTO `categoria_caracteristica` (`id`, `categoria_id`, `caracteristica_id`, `created_at`, `updated_at`) VALUES
	(1, 17, 1, NULL, NULL),
	(2, 16, 4, NULL, NULL),
	(3, 14, 1, NULL, NULL),
	(4, 14, 17, NULL, NULL),
	(5, 12, 5, NULL, NULL),
	(6, 12, 12, NULL, NULL),
	(7, 12, 15, NULL, NULL),
	(8, 11, 2, NULL, NULL),
	(9, 11, 3, NULL, NULL),
	(10, 11, 5, NULL, NULL),
	(11, 11, 10, NULL, NULL),
	(12, 11, 11, NULL, NULL),
	(13, 8, 2, NULL, NULL),
	(14, 8, 3, NULL, NULL),
	(15, 8, 5, NULL, NULL),
	(16, 8, 19, NULL, NULL),
	(17, 8, 20, NULL, NULL),
	(18, 15, 18, NULL, NULL),
	(19, 15, 3, NULL, NULL),
	(20, 10, 3, NULL, NULL),
	(21, 10, 4, NULL, NULL),
	(22, 10, 5, NULL, NULL),
	(23, 10, 19, NULL, NULL),
	(24, 9, 2, NULL, NULL),
	(25, 9, 3, NULL, NULL),
	(26, 9, 5, NULL, NULL),
	(27, 9, 7, NULL, NULL),
	(28, 9, 8, NULL, NULL),
	(29, 9, 9, NULL, NULL),
	(30, 9, 10, NULL, NULL),
	(31, 9, 13, NULL, NULL),
	(32, 9, 14, NULL, NULL),
	(33, 1, 1, NULL, NULL),
	(34, 9, 11, NULL, NULL),
	(35, 9, 22, NULL, NULL),
	(36, 9, 23, NULL, NULL),
	(37, 1, 21, NULL, NULL),
	(38, 9, 24, NULL, NULL),
	(39, 9, 25, NULL, NULL),
	(40, 9, 26, NULL, NULL),
	(41, 9, 27, NULL, NULL);

-- Volcando datos para la tabla mtiadmin_portal.categoria_producto: ~0 rows (aproximadamente)

-- Volcando datos para la tabla mtiadmin_portal.ciudades: ~24 rows (aproximadamente)
INSERT INTO `ciudades` (`id`, `estado_id`, `nombre`, `created_at`, `updated_at`) VALUES
	(1, 1, 'Álvaro Obregón', '2025-06-10 09:24:27', '2025-06-10 09:24:27'),
	(2, 1, 'Coyoacán', '2025-06-10 09:24:27', '2025-06-10 09:24:27'),
	(3, 1, 'Tlalpan', '2025-06-10 09:24:27', '2025-06-10 09:24:27'),
	(4, 2, 'Guadalajara', '2025-06-10 09:24:27', '2025-06-10 09:24:27'),
	(5, 2, 'Zapopan', '2025-06-10 09:24:27', '2025-06-10 09:24:27'),
	(6, 2, 'Tlaquepaque', '2025-06-10 09:24:27', '2025-06-10 09:24:27'),
	(7, 3, 'Monterrey', '2025-06-10 09:24:27', '2025-06-10 09:24:27'),
	(8, 3, 'San Pedro Garza García', '2025-06-10 09:24:27', '2025-06-10 09:24:27'),
	(9, 3, 'Guadalupe', '2025-06-10 09:24:27', '2025-06-10 09:24:27'),
	(10, 4, 'Mérida', '2025-06-10 09:24:27', '2025-06-10 09:24:27'),
	(11, 4, 'Valladolid', '2025-06-10 09:24:27', '2025-06-10 09:24:27'),
	(12, 4, 'Progreso', '2025-06-10 09:24:27', '2025-06-10 09:24:27'),
	(13, 5, 'Los Ángeles', '2025-06-10 09:24:27', '2025-06-10 09:24:27'),
	(14, 5, 'San Francisco', '2025-06-10 09:24:27', '2025-06-10 09:24:27'),
	(15, 5, 'San Diego', '2025-06-10 09:24:27', '2025-06-10 09:24:27'),
	(16, 6, 'Houston', '2025-06-10 09:24:27', '2025-06-10 09:24:27'),
	(17, 6, 'Dallas', '2025-06-10 09:24:27', '2025-06-10 09:24:27'),
	(18, 6, 'Austin', '2025-06-10 09:24:27', '2025-06-10 09:24:27'),
	(19, 7, 'Nueva York', '2025-06-10 09:24:27', '2025-06-10 09:24:27'),
	(20, 7, 'Buffalo', '2025-06-10 09:24:27', '2025-06-10 09:24:27'),
	(21, 7, 'Rochester', '2025-06-10 09:24:27', '2025-06-10 09:24:27'),
	(22, 8, 'Miami', '2025-06-10 09:24:27', '2025-06-10 09:24:27'),
	(23, 8, 'Orlando', '2025-06-10 09:24:27', '2025-06-10 09:24:27'),
	(24, 8, 'Tampa', '2025-06-10 09:24:27', '2025-06-10 09:24:27');

-- Volcando datos para la tabla mtiadmin_portal.ciudades_tipo_envio: ~120 rows (aproximadamente)
INSERT INTO `ciudades_tipo_envio` (`id`, `ciudad_id`, `tipo_envio_id`, `created_at`, `updated_at`) VALUES
	(1, 1, 1, '2025-06-10 09:24:27', '2025-06-10 09:24:27'),
	(2, 1, 2, '2025-06-10 09:24:27', '2025-06-10 09:24:27'),
	(3, 1, 3, '2025-06-10 09:24:27', '2025-06-10 09:24:27'),
	(4, 1, 4, '2025-06-10 09:24:27', '2025-06-10 09:24:27'),
	(5, 1, 5, '2025-06-10 09:24:27', '2025-06-10 09:24:27'),
	(6, 2, 1, '2025-06-10 09:24:27', '2025-06-10 09:24:27'),
	(7, 2, 2, '2025-06-10 09:24:27', '2025-06-10 09:24:27'),
	(8, 2, 3, '2025-06-10 09:24:27', '2025-06-10 09:24:27'),
	(9, 2, 4, '2025-06-10 09:24:27', '2025-06-10 09:24:27'),
	(10, 2, 5, '2025-06-10 09:24:27', '2025-06-10 09:24:27'),
	(11, 3, 1, '2025-06-10 09:24:27', '2025-06-10 09:24:27'),
	(12, 3, 2, '2025-06-10 09:24:27', '2025-06-10 09:24:27'),
	(13, 3, 3, '2025-06-10 09:24:27', '2025-06-10 09:24:27'),
	(14, 3, 4, '2025-06-10 09:24:27', '2025-06-10 09:24:27'),
	(15, 3, 5, '2025-06-10 09:24:27', '2025-06-10 09:24:27'),
	(16, 4, 1, '2025-06-10 09:24:27', '2025-06-10 09:24:27'),
	(17, 4, 2, '2025-06-10 09:24:27', '2025-06-10 09:24:27'),
	(18, 4, 3, '2025-06-10 09:24:27', '2025-06-10 09:24:27'),
	(19, 4, 4, '2025-06-10 09:24:27', '2025-06-10 09:24:27'),
	(20, 4, 5, '2025-06-10 09:24:27', '2025-06-10 09:24:27'),
	(21, 5, 1, '2025-06-10 09:24:27', '2025-06-10 09:24:27'),
	(22, 5, 2, '2025-06-10 09:24:27', '2025-06-10 09:24:27'),
	(23, 5, 3, '2025-06-10 09:24:27', '2025-06-10 09:24:27'),
	(24, 5, 4, '2025-06-10 09:24:27', '2025-06-10 09:24:27'),
	(25, 5, 5, '2025-06-10 09:24:27', '2025-06-10 09:24:27'),
	(26, 6, 1, '2025-06-10 09:24:27', '2025-06-10 09:24:27'),
	(27, 6, 2, '2025-06-10 09:24:27', '2025-06-10 09:24:27'),
	(28, 6, 3, '2025-06-10 09:24:27', '2025-06-10 09:24:27'),
	(29, 6, 4, '2025-06-10 09:24:27', '2025-06-10 09:24:27'),
	(30, 6, 5, '2025-06-10 09:24:27', '2025-06-10 09:24:27'),
	(31, 7, 1, '2025-06-10 09:24:27', '2025-06-10 09:24:27'),
	(32, 7, 2, '2025-06-10 09:24:27', '2025-06-10 09:24:27'),
	(33, 7, 3, '2025-06-10 09:24:27', '2025-06-10 09:24:27'),
	(34, 7, 4, '2025-06-10 09:24:27', '2025-06-10 09:24:27'),
	(35, 7, 5, '2025-06-10 09:24:27', '2025-06-10 09:24:27'),
	(36, 8, 1, '2025-06-10 09:24:27', '2025-06-10 09:24:27'),
	(37, 8, 2, '2025-06-10 09:24:27', '2025-06-10 09:24:27'),
	(38, 8, 3, '2025-06-10 09:24:27', '2025-06-10 09:24:27'),
	(39, 8, 4, '2025-06-10 09:24:27', '2025-06-10 09:24:27'),
	(40, 8, 5, '2025-06-10 09:24:27', '2025-06-10 09:24:27'),
	(41, 9, 1, '2025-06-10 09:24:27', '2025-06-10 09:24:27'),
	(42, 9, 2, '2025-06-10 09:24:27', '2025-06-10 09:24:27'),
	(43, 9, 3, '2025-06-10 09:24:27', '2025-06-10 09:24:27'),
	(44, 9, 4, '2025-06-10 09:24:27', '2025-06-10 09:24:27'),
	(45, 9, 5, '2025-06-10 09:24:27', '2025-06-10 09:24:27'),
	(46, 10, 1, '2025-06-10 09:24:27', '2025-06-10 09:24:27'),
	(47, 10, 2, '2025-06-10 09:24:27', '2025-06-10 09:24:27'),
	(48, 10, 3, '2025-06-10 09:24:27', '2025-06-10 09:24:27'),
	(49, 10, 4, '2025-06-10 09:24:27', '2025-06-10 09:24:27'),
	(50, 10, 5, '2025-06-10 09:24:27', '2025-06-10 09:24:27'),
	(51, 11, 1, '2025-06-10 09:24:27', '2025-06-10 09:24:27'),
	(52, 11, 2, '2025-06-10 09:24:27', '2025-06-10 09:24:27'),
	(53, 11, 3, '2025-06-10 09:24:27', '2025-06-10 09:24:27'),
	(54, 11, 4, '2025-06-10 09:24:27', '2025-06-10 09:24:27'),
	(55, 11, 5, '2025-06-10 09:24:27', '2025-06-10 09:24:27'),
	(56, 12, 1, '2025-06-10 09:24:27', '2025-06-10 09:24:27'),
	(57, 12, 2, '2025-06-10 09:24:27', '2025-06-10 09:24:27'),
	(58, 12, 3, '2025-06-10 09:24:27', '2025-06-10 09:24:27'),
	(59, 12, 4, '2025-06-10 09:24:27', '2025-06-10 09:24:27'),
	(60, 12, 5, '2025-06-10 09:24:27', '2025-06-10 09:24:27'),
	(61, 13, 1, '2025-06-10 09:24:27', '2025-06-10 09:24:27'),
	(62, 13, 2, '2025-06-10 09:24:27', '2025-06-10 09:24:27'),
	(63, 13, 3, '2025-06-10 09:24:27', '2025-06-10 09:24:27'),
	(64, 13, 4, '2025-06-10 09:24:27', '2025-06-10 09:24:27'),
	(65, 13, 5, '2025-06-10 09:24:27', '2025-06-10 09:24:27'),
	(66, 14, 1, '2025-06-10 09:24:27', '2025-06-10 09:24:27'),
	(67, 14, 2, '2025-06-10 09:24:27', '2025-06-10 09:24:27'),
	(68, 14, 3, '2025-06-10 09:24:27', '2025-06-10 09:24:27'),
	(69, 14, 4, '2025-06-10 09:24:27', '2025-06-10 09:24:27'),
	(70, 14, 5, '2025-06-10 09:24:27', '2025-06-10 09:24:27'),
	(71, 15, 1, '2025-06-10 09:24:27', '2025-06-10 09:24:27'),
	(72, 15, 2, '2025-06-10 09:24:27', '2025-06-10 09:24:27'),
	(73, 15, 3, '2025-06-10 09:24:27', '2025-06-10 09:24:27'),
	(74, 15, 4, '2025-06-10 09:24:27', '2025-06-10 09:24:27'),
	(75, 15, 5, '2025-06-10 09:24:27', '2025-06-10 09:24:27'),
	(76, 16, 1, '2025-06-10 09:24:27', '2025-06-10 09:24:27'),
	(77, 16, 2, '2025-06-10 09:24:27', '2025-06-10 09:24:27'),
	(78, 16, 3, '2025-06-10 09:24:27', '2025-06-10 09:24:27'),
	(79, 16, 4, '2025-06-10 09:24:27', '2025-06-10 09:24:27'),
	(80, 16, 5, '2025-06-10 09:24:27', '2025-06-10 09:24:27'),
	(81, 17, 1, '2025-06-10 09:24:27', '2025-06-10 09:24:27'),
	(82, 17, 2, '2025-06-10 09:24:27', '2025-06-10 09:24:27'),
	(83, 17, 3, '2025-06-10 09:24:27', '2025-06-10 09:24:27'),
	(84, 17, 4, '2025-06-10 09:24:27', '2025-06-10 09:24:27'),
	(85, 17, 5, '2025-06-10 09:24:27', '2025-06-10 09:24:27'),
	(86, 18, 1, '2025-06-10 09:24:27', '2025-06-10 09:24:27'),
	(87, 18, 2, '2025-06-10 09:24:27', '2025-06-10 09:24:27'),
	(88, 18, 3, '2025-06-10 09:24:27', '2025-06-10 09:24:27'),
	(89, 18, 4, '2025-06-10 09:24:27', '2025-06-10 09:24:27'),
	(90, 18, 5, '2025-06-10 09:24:27', '2025-06-10 09:24:27'),
	(91, 19, 1, '2025-06-10 09:24:27', '2025-06-10 09:24:27'),
	(92, 19, 2, '2025-06-10 09:24:27', '2025-06-10 09:24:27'),
	(93, 19, 3, '2025-06-10 09:24:27', '2025-06-10 09:24:27'),
	(94, 19, 4, '2025-06-10 09:24:27', '2025-06-10 09:24:27'),
	(95, 19, 5, '2025-06-10 09:24:27', '2025-06-10 09:24:27'),
	(96, 20, 1, '2025-06-10 09:24:27', '2025-06-10 09:24:27'),
	(97, 20, 2, '2025-06-10 09:24:27', '2025-06-10 09:24:27'),
	(98, 20, 3, '2025-06-10 09:24:27', '2025-06-10 09:24:27'),
	(99, 20, 4, '2025-06-10 09:24:27', '2025-06-10 09:24:27'),
	(100, 20, 5, '2025-06-10 09:24:27', '2025-06-10 09:24:27'),
	(101, 21, 1, '2025-06-10 09:24:27', '2025-06-10 09:24:27'),
	(102, 21, 2, '2025-06-10 09:24:27', '2025-06-10 09:24:27'),
	(103, 21, 3, '2025-06-10 09:24:27', '2025-06-10 09:24:27'),
	(104, 21, 4, '2025-06-10 09:24:27', '2025-06-10 09:24:27'),
	(105, 21, 5, '2025-06-10 09:24:27', '2025-06-10 09:24:27'),
	(106, 22, 1, '2025-06-10 09:24:27', '2025-06-10 09:24:27'),
	(107, 22, 2, '2025-06-10 09:24:27', '2025-06-10 09:24:27'),
	(108, 22, 3, '2025-06-10 09:24:27', '2025-06-10 09:24:27'),
	(109, 22, 4, '2025-06-10 09:24:27', '2025-06-10 09:24:27'),
	(110, 22, 5, '2025-06-10 09:24:27', '2025-06-10 09:24:27'),
	(111, 23, 1, '2025-06-10 09:24:27', '2025-06-10 09:24:27'),
	(112, 23, 2, '2025-06-10 09:24:27', '2025-06-10 09:24:27'),
	(113, 23, 3, '2025-06-10 09:24:27', '2025-06-10 09:24:27'),
	(114, 23, 4, '2025-06-10 09:24:27', '2025-06-10 09:24:27'),
	(115, 23, 5, '2025-06-10 09:24:27', '2025-06-10 09:24:27'),
	(116, 24, 1, '2025-06-10 09:24:27', '2025-06-10 09:24:27'),
	(117, 24, 2, '2025-06-10 09:24:27', '2025-06-10 09:24:27'),
	(118, 24, 3, '2025-06-10 09:24:27', '2025-06-10 09:24:27'),
	(119, 24, 4, '2025-06-10 09:24:27', '2025-06-10 09:24:27'),
	(120, 24, 5, '2025-06-10 09:24:27', '2025-06-10 09:24:27');

-- Volcando datos para la tabla mtiadmin_portal.estados: ~8 rows (aproximadamente)
INSERT INTO `estados` (`id`, `pais_id`, `nombre`, `created_at`, `updated_at`) VALUES
	(1, 1, 'Ciudad de México', '2025-06-10 09:24:27', '2025-06-10 09:24:27'),
	(2, 1, 'Jalisco', '2025-06-10 09:24:27', '2025-06-10 09:24:27'),
	(3, 1, 'Nuevo León', '2025-06-10 09:24:27', '2025-06-10 09:24:27'),
	(4, 1, 'Yucatán', '2025-06-10 09:24:27', '2025-06-10 09:24:27'),
	(5, 2, 'California', '2025-06-10 09:24:27', '2025-06-10 09:24:27'),
	(6, 2, 'Texas', '2025-06-10 09:24:27', '2025-06-10 09:24:27'),
	(7, 2, 'Nueva York', '2025-06-10 09:24:27', '2025-06-10 09:24:27'),
	(8, 2, 'Florida', '2025-06-10 09:24:27', '2025-06-10 09:24:27');

-- Volcando datos para la tabla mtiadmin_portal.filtros_produccion: ~0 rows (aproximadamente)
INSERT INTO `filtros_produccion` (`id`, `nombre`, `slug`, `descripcion`, `created_by`, `visible`, `orden`, `config`, `created_at`, `updated_at`) VALUES
	(1, 'Todos', 'todos', 'todos', NULL, 1, 1, NULL, '2025-10-09 23:33:06', '2025-10-09 23:33:06');

-- Volcando datos para la tabla mtiadmin_portal.filtro_produccion_caracteristicas: ~0 rows (aproximadamente)

-- Volcando datos para la tabla mtiadmin_portal.filtro_produccion_productos: ~14 rows (aproximadamente)
INSERT INTO `filtro_produccion_productos` (`id`, `filtro_produccion_id`, `producto_id`, `created_at`, `updated_at`) VALUES
	(1, 1, 2, '2025-10-09 23:33:06', '2025-10-09 23:33:06'),
	(2, 1, 3, '2025-10-09 23:33:06', '2025-10-09 23:33:06'),
	(3, 1, 13, '2025-10-09 23:33:06', '2025-10-09 23:33:06'),
	(4, 1, 4, '2025-10-09 23:33:06', '2025-10-09 23:33:06'),
	(5, 1, 8, '2025-10-09 23:33:06', '2025-10-09 23:33:06'),
	(6, 1, 12, '2025-10-09 23:33:06', '2025-10-09 23:33:06'),
	(7, 1, 10, '2025-10-09 23:33:06', '2025-10-09 23:33:06'),
	(8, 1, 9, '2025-10-09 23:33:06', '2025-10-09 23:33:06'),
	(9, 1, 6, '2025-10-09 23:33:06', '2025-10-09 23:33:06'),
	(10, 1, 7, '2025-10-09 23:33:06', '2025-10-09 23:33:06'),
	(11, 1, 14, '2025-10-09 23:33:06', '2025-10-09 23:33:06'),
	(12, 1, 5, '2025-10-09 23:33:06', '2025-10-09 23:33:06'),
	(13, 1, 11, '2025-10-09 23:33:06', '2025-10-09 23:33:06'),
	(14, 1, 1, '2025-10-09 23:33:06', '2025-10-09 23:33:06');

-- Volcando datos para la tabla mtiadmin_portal.grupos_orden: ~12 rows (aproximadamente)
INSERT INTO `grupos_orden` (`id`, `nombre`, `slug`, `orden`, `created_at`, `updated_at`) VALUES
	(5, 'Todos Los Permisos', 'Admin', 0, '2025-05-20 05:52:21', '2025-11-05 18:23:52'),
	(11, 'General', 'general', 1, '2025-10-31 18:02:01', '2025-10-31 19:07:04'),
	(13, 'Menu', 'Menu', 1, '2025-10-31 19:23:27', '2025-10-31 19:23:27'),
	(14, 'Vista de Diseños', 'vista-diseños', 3, '2025-10-31 23:19:57', '2025-10-31 23:21:02'),
	(15, 'Detalle de Diseños', 'detalle-diseños', 2, '2025-10-31 23:20:39', '2025-10-31 23:20:39'),
	(16, 'Vista Tareas de diseño', 'vista-tareas-diseño', 4, '2025-10-31 23:21:50', '2025-10-31 23:21:50'),
	(17, 'Vista Administración de muestras', 'vista-administracion-muestras', 4, '2025-10-31 23:23:00', '2025-10-31 23:23:00'),
	(18, 'Vista Diseños Por Reprogramar', 'vista-diseño-reprogramar', 4, '2025-10-31 23:30:42', '2025-10-31 23:30:42'),
	(19, 'Vista de Pedidos', 'Vista-Pedidos', 5, '2025-10-31 23:38:14', '2025-10-31 23:38:33'),
	(20, 'Vista de Muestras', 'vista-muerstras', 5, '2025-10-31 23:40:25', '2025-10-31 23:40:25'),
	(21, 'Vista de Aprobaciones Especiales', ' Aprobaciones-Especiales', 6, '2025-10-31 23:41:56', '2025-10-31 23:41:56'),
	(22, 'Configuracion', 'configuracion', 7, '2025-10-31 23:46:54', '2025-10-31 23:46:54'),
	(23, 'Pre Proyectos', 'pre-proyectos', 1, '2025-11-04 22:45:29', '2025-11-04 22:49:36'),
	(24, 'Vista editar Pre Proyectos', 'edit-preproyectos', 2, '2025-11-05 17:35:54', '2025-11-05 18:20:51');

-- Volcando datos para la tabla mtiadmin_portal.grupos_tallas: ~2 rows (aproximadamente)
INSERT INTO `grupos_tallas` (`id`, `nombre`, `created_at`, `updated_at`, `ind_activo`) VALUES
	(1, 'Hombre', '2025-05-07 10:38:48', '2025-05-07 10:39:33', 1),
	(2, 'Mujer', '2025-05-07 10:39:52', '2025-05-07 10:39:52', 1);

-- Volcando datos para la tabla mtiadmin_portal.grupo_orden: ~0 rows (aproximadamente)

-- Volcando datos para la tabla mtiadmin_portal.grupo_orden_permission: ~74 rows (aproximadamente)
INSERT INTO `grupo_orden_permission` (`id`, `grupo_orden_id`, `permission_id`, `orden`, `created_at`, `updated_at`) VALUES
	(21, 5, 16, 1, '2025-05-20 05:52:21', '2025-11-05 18:23:52'),
	(22, 5, 20, 2, '2025-05-20 05:52:21', '2025-11-05 18:23:52'),
	(23, 5, 6, 3, '2025-05-20 05:52:21', '2025-11-05 18:23:52'),
	(24, 5, 13, 4, '2025-05-20 05:52:21', '2025-11-05 18:23:52'),
	(25, 5, 4, 5, '2025-05-20 05:52:21', '2025-11-05 18:23:52'),
	(26, 5, 9, 6, '2025-05-20 05:52:21', '2025-11-05 18:23:52'),
	(27, 5, 12, 7, '2025-05-20 05:52:21', '2025-11-05 18:23:52'),
	(28, 5, 19, 8, '2025-05-20 05:52:21', '2025-11-05 18:23:52'),
	(29, 5, 18, 9, '2025-05-20 05:52:21', '2025-11-05 18:23:52'),
	(30, 5, 14, 10, '2025-05-20 05:52:21', '2025-11-05 18:23:52'),
	(31, 5, 5, 11, '2025-05-20 05:52:21', '2025-11-05 18:23:52'),
	(32, 5, 1, 12, '2025-05-20 05:52:21', '2025-11-05 18:23:52'),
	(33, 5, 8, 13, '2025-05-20 05:52:21', '2025-11-05 18:23:52'),
	(34, 5, 10, 14, '2025-05-20 05:52:21', '2025-11-05 18:23:52'),
	(35, 5, 17, 15, '2025-05-20 05:52:21', '2025-11-05 18:23:52'),
	(36, 5, 21, 16, '2025-05-20 05:52:21', '2025-11-05 18:23:52'),
	(37, 5, 15, 17, '2025-05-20 05:52:21', '2025-11-05 18:23:52'),
	(38, 5, 2, 18, '2025-05-20 05:52:21', '2025-11-05 18:23:52'),
	(39, 5, 7, 19, '2025-05-20 05:52:21', '2025-11-05 18:23:52'),
	(40, 5, 3, 20, '2025-05-20 05:52:21', '2025-11-05 18:23:52'),
	(41, 5, 11, 21, '2025-05-20 05:52:21', '2025-11-05 18:23:52'),
	(61, 5, 24, 22, '2025-05-22 06:01:33', '2025-11-05 18:23:52'),
	(62, 5, 27, 23, '2025-05-22 06:01:33', '2025-11-05 18:23:52'),
	(63, 5, 30, 24, '2025-05-22 06:01:33', '2025-11-05 18:23:52'),
	(64, 5, 25, 25, '2025-05-22 06:01:33', '2025-11-05 18:23:52'),
	(65, 5, 26, 26, '2025-05-22 06:01:33', '2025-11-05 18:23:52'),
	(66, 5, 28, 27, '2025-05-22 06:01:33', '2025-11-05 18:23:52'),
	(67, 5, 22, 28, '2025-05-22 06:01:33', '2025-11-05 18:23:52'),
	(68, 5, 33, 29, '2025-05-22 06:01:33', '2025-11-05 18:23:52'),
	(69, 5, 32, 30, '2025-05-22 06:01:33', '2025-11-05 18:23:52'),
	(70, 5, 29, 31, '2025-05-22 06:01:33', '2025-11-05 18:23:52'),
	(71, 5, 23, 32, '2025-05-22 06:01:33', '2025-11-05 18:23:52'),
	(72, 5, 31, 33, '2025-05-22 06:01:33', '2025-11-05 18:23:52'),
	(77, 5, 35, 34, '2025-05-23 06:45:48', '2025-11-05 18:23:52'),
	(78, 5, 34, 35, '2025-05-23 08:32:25', '2025-11-05 18:23:52'),
	(79, 5, 36, 36, '2025-05-23 08:38:02', '2025-11-05 18:23:52'),
	(83, 5, 37, 37, '2025-05-23 10:05:07', '2025-11-05 18:23:52'),
	(84, 5, 38, 38, '2025-05-23 10:15:25', '2025-11-05 18:23:52'),
	(92, 5, 40, 39, '2025-06-13 10:31:44', '2025-11-05 18:23:52'),
	(93, 5, 39, 40, '2025-06-13 10:31:44', '2025-11-05 18:23:52'),
	(94, 5, 41, 41, '2025-06-13 10:31:44', '2025-11-05 18:23:52'),
	(96, 5, 43, 42, '2025-06-13 10:58:49', '2025-11-05 18:23:52'),
	(97, 5, 42, 43, '2025-06-13 10:58:49', '2025-11-05 18:23:52'),
	(100, 5, 44, 1, '2025-06-20 03:54:10', '2025-11-05 18:23:52'),
	(106, 5, 46, 45, '2025-06-27 02:37:22', '2025-11-05 18:23:52'),
	(107, 5, 45, 46, '2025-06-27 02:45:31', '2025-11-05 18:23:52'),
	(109, 5, 52, 47, '2025-10-09 03:19:08', '2025-11-05 18:23:52'),
	(110, 5, 47, 48, '2025-10-09 03:19:08', '2025-11-05 18:23:52'),
	(111, 5, 48, 49, '2025-10-09 03:19:08', '2025-11-05 18:23:52'),
	(112, 5, 50, 50, '2025-10-09 03:19:08', '2025-11-05 18:23:52'),
	(113, 5, 54, 51, '2025-10-09 03:19:08', '2025-11-05 18:23:52'),
	(114, 5, 51, 52, '2025-10-09 03:19:08', '2025-11-05 18:23:52'),
	(115, 5, 49, 53, '2025-10-09 03:19:08', '2025-11-05 18:23:52'),
	(116, 5, 53, 54, '2025-10-09 03:19:08', '2025-11-05 18:23:52'),
	(119, 11, 57, 1, '2025-10-31 19:00:19', '2025-10-31 19:00:19'),
	(120, 11, 58, 1, '2025-10-31 19:17:47', '2025-10-31 19:17:47'),
	(121, 11, 59, 1, '2025-10-31 19:18:27', '2025-10-31 19:18:27'),
	(122, 11, 60, 1, '2025-10-31 19:22:36', '2025-10-31 19:22:36'),
	(127, 13, 48, 1, '2025-10-31 22:40:00', '2025-11-04 22:25:55'),
	(128, 13, 54, 1, '2025-10-31 22:40:00', '2025-11-04 22:25:55'),
	(129, 13, 52, 1, '2025-10-31 22:40:00', '2025-11-04 22:25:55'),
	(130, 13, 50, 1, '2025-10-31 22:40:00', '2025-11-04 22:25:55'),
	(131, 13, 53, 1, '2025-10-31 22:40:00', '2025-11-04 22:25:55'),
	(132, 13, 49, 1, '2025-10-31 22:40:00', '2025-11-04 22:25:55'),
	(133, 13, 51, 1, '2025-10-31 22:40:00', '2025-11-04 22:25:55'),
	(134, 13, 47, 1, '2025-10-31 22:40:00', '2025-11-04 22:25:55'),
	(135, 13, 16, 1, '2025-10-31 22:40:00', '2025-11-04 22:25:55'),
	(136, 13, 33, 1, '2025-10-31 22:40:00', '2025-11-04 22:25:55'),
	(137, 13, 19, 0, '2025-10-31 22:40:00', '2025-11-04 22:25:55'),
	(138, 13, 32, 1, '2025-10-31 22:40:00', '2025-11-04 22:25:55'),
	(139, 13, 20, 1, '2025-10-31 22:40:00', '2025-11-04 22:25:55'),
	(140, 13, 18, 1, '2025-10-31 22:40:00', '2025-11-04 22:25:55'),
	(141, 13, 17, 1, '2025-10-31 22:40:00', '2025-11-04 22:25:55'),
	(142, 13, 21, 1, '2025-10-31 22:40:00', '2025-11-04 22:25:55'),
	(143, 13, 61, 1, '2025-11-03 22:29:11', '2025-11-04 22:25:55'),
	(144, 13, 62, 1, '2025-11-03 22:32:13', '2025-11-04 22:25:55'),
	(145, 13, 63, 1, '2025-11-03 22:47:58', '2025-11-04 22:25:55'),
	(146, 13, 64, 1, '2025-11-03 23:15:40', '2025-11-04 22:25:55'),
	(147, 13, 65, 1, '2025-11-03 23:17:23', '2025-11-04 22:25:55'),
	(148, 15, 44, 0, '2025-11-04 00:18:25', '2025-11-04 16:55:24'),
	(149, 15, 30, 1, '2025-11-04 00:20:46', '2025-11-04 16:55:24'),
	(150, 15, 43, 1, '2025-11-04 00:30:46', '2025-11-04 16:55:24'),
	(151, 15, 42, 0, '2025-11-04 00:30:46', '2025-11-04 16:55:24'),
	(152, 15, 39, 1, '2025-11-04 00:30:46', '2025-11-04 16:55:24'),
	(153, 15, 40, 1, '2025-11-04 00:30:46', '2025-11-04 16:55:24'),
	(154, 15, 41, 1, '2025-11-04 00:30:46', '2025-11-04 16:55:24'),
	(155, 15, 66, 0, '2025-11-04 00:32:42', '2025-11-04 16:55:24'),
	(156, 15, 67, 1, '2025-11-04 00:39:56', '2025-11-04 16:55:24'),
	(157, 15, 68, 1, '2025-11-04 00:41:11', '2025-11-04 16:55:24'),
	(158, 14, 46, 1, '2025-11-04 01:04:55', '2025-11-04 22:58:18'),
	(160, 17, 50, 0, '2025-11-04 01:07:55', '2025-11-04 01:07:55'),
	(161, 17, 51, 0, '2025-11-04 01:07:55', '2025-11-04 01:07:55'),
	(162, 17, 52, 0, '2025-11-04 01:07:55', '2025-11-04 01:07:55'),
	(163, 17, 53, 0, '2025-11-04 01:07:55', '2025-11-04 01:07:55'),
	(164, 15, 24, 2, '2025-11-04 16:53:38', '2025-11-04 17:02:59'),
	(165, 15, 22, 2, '2025-11-04 16:55:24', '2025-11-04 17:02:28'),
	(166, 15, 23, 2, '2025-11-04 16:55:24', '2025-11-04 17:08:44'),
	(167, 15, 25, 0, '2025-11-04 16:55:24', '2025-11-04 16:55:24'),
	(168, 15, 26, 0, '2025-11-04 16:55:24', '2025-11-04 16:55:24'),
	(169, 15, 27, 3, '2025-11-04 16:55:24', '2025-11-04 17:04:27'),
	(170, 15, 28, 3, '2025-11-04 16:55:24', '2025-11-04 17:03:50'),
	(171, 15, 29, 3, '2025-11-04 16:55:24', '2025-11-04 17:08:08'),
	(172, 14, 69, 2, '2025-11-04 17:45:32', '2025-11-04 22:58:18'),
	(173, 14, 70, 2, '2025-11-04 17:46:17', '2025-11-04 22:58:18'),
	(174, 14, 71, 3, '2025-11-04 17:47:25', '2025-11-04 22:58:18'),
	(175, 18, 72, 1, '2025-11-04 19:03:27', '2025-11-04 19:03:27'),
	(176, 18, 73, 1, '2025-11-04 19:04:12', '2025-11-04 19:04:12'),
	(177, 18, 74, 1, '2025-11-04 19:06:24', '2025-11-04 19:06:24'),
	(178, 18, 75, 1, '2025-11-04 19:06:56', '2025-11-04 19:06:56'),
	(179, 16, 76, 0, '2025-11-04 21:13:20', '2025-11-04 21:13:20'),
	(185, 23, 17, 0, '2025-11-04 22:50:23', '2025-11-04 23:05:26'),
	(186, 23, 35, 0, '2025-11-04 22:50:23', '2025-11-04 23:05:26'),
	(187, 23, 34, 0, '2025-11-04 22:50:23', '2025-11-04 23:05:26'),
	(188, 23, 10, 0, '2025-11-04 22:50:23', '2025-11-04 23:05:26'),
	(189, 20, 12, 0, '2025-11-04 22:53:32', '2025-11-04 22:57:38'),
	(190, 19, 12, 0, '2025-11-04 22:54:16', '2025-11-04 22:57:21'),
	(191, 19, 14, 0, '2025-11-04 22:57:21', '2025-11-04 23:18:35'),
	(192, 20, 14, 0, '2025-11-04 22:57:38', '2025-11-04 22:57:38'),
	(193, 14, 13, 0, '2025-11-04 22:58:18', '2025-11-04 22:58:18'),
	(194, 14, 45, 0, '2025-11-04 22:58:18', '2025-11-04 22:58:18'),
	(195, 23, 15, 0, '2025-11-04 23:05:26', '2025-11-04 23:17:16'),
	(196, 24, 77, 1, '2025-11-05 17:39:53', '2025-11-05 18:20:51'),
	(197, 24, 78, 1, '2025-11-05 17:40:41', '2025-11-05 18:20:51'),
	(198, 24, 79, 1, '2025-11-05 17:46:18', '2025-11-05 18:20:51'),
	(199, 24, 80, 1, '2025-11-05 17:47:07', '2025-11-05 18:20:51'),
	(200, 15, 81, 1, '2025-11-05 17:47:59', '2025-11-05 17:47:59'),
	(201, 24, 81, 1, '2025-11-05 17:59:15', '2025-11-05 18:20:51');

-- Volcando datos para la tabla mtiadmin_portal.grupo_tallas_detalle: ~13 rows (aproximadamente)
INSERT INTO `grupo_tallas_detalle` (`id`, `grupo_talla_id`, `talla_id`, `created_at`, `updated_at`) VALUES
	(7, 1, 1, NULL, NULL),
	(8, 1, 2, NULL, NULL),
	(9, 1, 3, NULL, NULL),
	(10, 1, 4, NULL, NULL),
	(11, 1, 5, NULL, NULL),
	(12, 1, 6, NULL, NULL),
	(13, 1, 7, NULL, NULL),
	(14, 2, 1, NULL, NULL),
	(15, 2, 2, NULL, NULL),
	(16, 2, 3, NULL, NULL),
	(17, 2, 4, NULL, NULL),
	(18, 2, 5, NULL, NULL),
	(19, 2, 6, NULL, NULL);

-- Volcando datos para la tabla mtiadmin_portal.hojas_filtros_produccion: ~0 rows (aproximadamente)
INSERT INTO `hojas_filtros_produccion` (`id`, `nombre`, `slug`, `descripcion`, `role_id`, `estados_permitidos`, `estados_diseno_permitidos`, `base_columnas`, `menu_config`, `acciones_config`, `visible`, `orden`, `created_at`, `updated_at`) VALUES
	(1, 'Todos', 'todos', 'Hoja con todos los pedidos ', NULL, '[]', '[]', '[{"key": "id", "fixed": true, "label": "ID", "orden": 1, "visible": true}, {"key": "proyecto", "fixed": false, "label": "Proyecto", "orden": 2, "visible": true}, {"key": "cliente", "fixed": false, "label": "Cliente", "orden": 3, "visible": true}, {"key": "producto", "fixed": false, "label": "Producto", "orden": 4, "visible": true}, {"key": "total", "fixed": false, "label": "Total", "orden": 5, "visible": true}, {"key": "estado", "fixed": false, "label": "Estado", "orden": 6, "visible": true}, {"key": "estado_disenio", "fixed": false, "label": "Estado Diseño", "orden": 7, "visible": true}, {"key": "fecha_produccion", "fixed": false, "label": "F. Producción", "orden": 8, "visible": true}, {"key": "fecha_embarque", "fixed": false, "label": "F. Embarque", "orden": 9, "visible": true}, {"key": "fecha_entrega", "fixed": false, "label": "F. Entrega", "orden": 10, "visible": true}]', '{"icono": "", "orden": "1", "activo": true, "etiqueta": "", "ubicaciones": ["produccion", "pedidos", "envios", "facturacion", "entregas", "diseño"]}', NULL, 1, 1, '2025-10-09 03:49:02', '2025-10-09 23:54:47');

-- Volcando datos para la tabla mtiadmin_portal.hoja_filtro_produccion: ~0 rows (aproximadamente)

-- Volcando datos para la tabla mtiadmin_portal.model_has_permissions: ~0 rows (aproximadamente)

-- Volcando datos para la tabla mtiadmin_portal.model_has_roles: ~1,113 rows (aproximadamente)

-- Volcando datos para la tabla mtiadmin_portal.opciones: ~82 rows (aproximadamente)
INSERT INTO `opciones` (`id`, `nombre`, `pasos`, `minutoPaso`, `valoru`, `created_at`, `updated_at`, `ind_activo`) VALUES
	(1, 'No definida', 0.00, '00:00:00', 0.00, '2025-04-26 09:48:12', '2025-04-26 09:48:12', 1),
	(2, 'Bandola Economica', 0.00, '00:00:00', 0.00, '2025-04-26 10:48:12', '2025-04-26 10:48:12', 1),
	(3, 'Bandola Fundicion (Perico) Niquel', 0.00, '00:00:00', 0.00, '2025-04-26 10:52:08', '2025-04-26 10:52:27', 1),
	(4, 'Bandola Fundicion (Perico) Negra', 0.00, '00:00:00', 0.00, '2025-04-26 10:53:00', '2025-04-26 10:53:00', 1),
	(5, 'Bandola Caiman Niquel', 0.00, '00:00:00', 0.00, '2025-04-26 10:53:23', '2025-04-26 10:53:23', 1),
	(6, 'Bandola Caiman Negra', 0.00, '00:00:00', 0.00, '2025-04-26 10:53:44', '2025-04-26 10:53:44', 1),
	(7, 'Argolla Llavero', 0.00, '00:00:00', 0.00, '2025-04-26 10:55:35', '2025-04-26 10:55:35', 1),
	(8, 'Cuerda USB', 0.00, '00:00:00', 0.00, '2025-04-26 10:56:55', '2025-04-26 10:56:55', 1),
	(9, 'Corredera Plastica', 0.00, '00:00:00', 0.00, '2025-04-26 10:58:21', '2025-04-26 10:58:21', 1),
	(10, 'Yoyo de Clip', 0.00, '00:00:00', 0.00, '2025-04-26 10:59:42', '2025-04-26 10:59:42', 1),
	(11, 'Destapador', 0.00, '00:00:00', 0.00, '2025-04-26 11:00:26', '2025-04-26 11:00:26', 1),
	(12, 'Bandola Plastica', 0.00, '00:00:00', 0.00, '2025-04-26 11:01:19', '2025-04-26 11:01:19', 1),
	(13, 'Una Tinta', 0.00, '00:00:00', 0.00, '2025-04-26 11:02:58', '2025-04-26 11:02:58', 1),
	(14, 'Dos Tintas', 0.00, '00:00:00', 0.00, '2025-04-26 11:03:16', '2025-04-26 11:03:16', 1),
	(15, 'Tres Tintas', 0.00, '00:00:00', 0.00, '2025-04-26 11:03:27', '2025-04-26 11:03:27', 1),
	(16, 'Cuatro Tintas', 0.00, '00:00:00', 0.00, '2025-04-26 11:03:39', '2025-04-26 11:03:39', 1),
	(17, 'Cinco Tintas', 0.00, '00:00:00', 0.00, '2025-04-26 11:03:49', '2025-04-26 11:03:49', 1),
	(18, 'Seis tintas', 0.00, '00:00:00', 0.00, '2025-04-26 11:04:08', '2025-04-26 11:04:08', 1),
	(19, 'Antiguo', 0.00, '00:00:00', 0.00, '2025-04-26 11:04:30', '2025-04-26 11:04:30', 1),
	(20, 'Brillante', 0.00, '00:00:00', 0.00, '2025-04-26 11:04:43', '2025-04-26 11:04:43', 1),
	(21, 'Satinado', 0.00, '00:00:00', 0.00, '2025-04-26 11:04:54', '2025-04-26 11:04:54', 1),
	(22, 'Costura', 0.00, '00:00:00', 0.00, '2025-04-26 11:07:55', '2025-04-26 11:08:42', 1),
	(23, 'Grapa', 0.00, '00:00:00', 0.00, '2025-04-26 11:08:27', '2025-04-26 11:08:27', 1),
	(24, 'Costura con Dobladillo', 0.00, '00:00:00', 0.00, '2025-04-26 11:10:03', '2025-04-26 11:10:03', 1),
	(25, 'Pique', 0.00, '00:00:00', 0.00, '2025-04-26 11:10:18', '2025-04-26 11:10:18', 1),
	(26, 'Satinada', 0.00, '00:00:00', 0.00, '2025-04-26 11:10:49', '2025-04-26 11:10:49', 1),
	(27, 'Calandrada', 0.00, '00:00:00', 0.00, '2025-04-26 11:11:00', '2025-04-26 11:11:00', 1),
	(28, 'Barrotada', 0.00, '00:00:00', 0.00, '2025-04-26 11:11:11', '2025-04-26 11:11:11', 1),
	(29, 'Popotillo Economico', 0.00, '00:00:00', 0.00, '2025-04-26 11:11:26', '2025-04-26 11:11:26', 1),
	(30, 'Mascota', 0.00, '00:00:00', 0.00, '2025-04-26 11:14:46', '2025-04-26 11:14:46', 1),
	(31, 'Liston Satin Delgado', 0.00, '00:00:00', 0.00, '2025-04-26 11:15:28', '2025-04-26 11:15:28', 1),
	(32, 'Negro', 0.00, '00:00:00', 0.00, '2025-04-26 11:29:09', '2025-04-26 11:29:09', 1),
	(33, 'Barril Negro', 0.00, '00:00:00', 0.00, '2025-04-26 11:30:57', '2025-04-26 11:30:57', 1),
	(34, 'Barril Blanco', 0.00, '00:00:00', 0.00, '2025-04-26 11:31:09', '2025-04-26 11:31:09', 1),
	(35, 'Remache Para Perforación', 0.00, '00:00:00', 0.00, '2025-04-26 11:32:58', '2025-04-26 11:32:58', 1),
	(36, 'Broche Rapido', 0.00, '00:00:00', 0.00, '2025-04-26 11:33:36', '2025-04-26 11:33:36', 1),
	(37, 'Hebilla Burbuja', 0.00, '00:00:00', 0.00, '2025-04-26 11:34:04', '2025-04-26 11:34:04', 1),
	(38, 'Yoyo de Ranura', 0.00, '00:00:00', 0.00, '2025-04-26 11:34:51', '2025-04-26 11:34:51', 1),
	(39, '2.5cm', 0.00, '00:00:00', 0.00, '2025-04-26 11:35:46', '2025-04-26 11:35:46', 1),
	(40, '3cm', 0.00, '00:00:00', 0.00, '2025-04-26 11:35:58', '2025-04-26 11:35:58', 1),
	(41, '3.5cm', 0.00, '00:00:00', 0.00, '2025-04-26 11:36:08', '2025-04-26 11:36:08', 1),
	(42, '4cm', 0.00, '00:00:00', 0.00, '2025-04-26 11:36:19', '2025-04-26 11:36:19', 1),
	(43, '4.5cm', 0.00, '00:00:00', 0.00, '2025-04-26 11:36:31', '2025-04-26 11:36:31', 1),
	(44, '5cm', 0.00, '00:00:00', 0.00, '2025-04-26 11:36:41', '2025-04-26 11:36:41', 1),
	(45, '6cm', 0.00, '00:00:00', 0.00, '2025-04-26 11:37:04', '2025-04-26 11:37:04', 1),
	(46, '7cm', 0.00, '00:00:00', 0.00, '2025-04-26 11:37:42', '2025-04-26 11:37:42', 1),
	(47, '8cm', 0.00, '00:00:00', 0.00, '2025-04-26 11:37:59', '2025-04-26 11:37:59', 1),
	(48, '9cm', 0.00, '00:00:00', 0.00, '2025-04-26 11:38:10', '2025-04-26 11:38:17', 1),
	(49, '10cm', 0.00, '00:00:00', 0.00, '2025-04-26 11:38:26', '2025-04-26 11:38:26', 1),
	(50, '12mm', 0.00, '00:00:00', 0.00, '2025-04-26 11:38:39', '2025-04-26 11:38:39', 1),
	(51, '14mm', 0.00, '00:00:00', 0.00, '2025-04-26 11:38:48', '2025-04-26 11:38:48', 1),
	(52, '16mm', 0.00, '00:00:00', 0.00, '2025-04-26 11:39:00', '2025-04-26 11:39:00', 1),
	(53, '20mm', 0.00, '00:00:00', 0.00, '2025-04-26 11:39:10', '2025-04-26 11:39:10', 1),
	(54, '25mm', 0.00, '00:00:00', 0.00, '2025-04-26 11:39:21', '2025-04-26 11:39:21', 1),
	(55, '30mm', 0.00, '00:00:00', 0.00, '2025-04-26 11:39:31', '2025-04-26 11:39:31', 1),
	(56, '38mm', 0.00, '00:00:00', 0.00, '2025-04-26 11:39:42', '2025-04-26 11:39:42', 1),
	(57, '40mm', 0.00, '00:00:00', 0.00, '2025-04-26 11:39:54', '2025-04-26 11:39:54', 1),
	(58, '50mm', 0.00, '00:00:00', 0.00, '2025-04-26 11:40:03', '2025-04-26 11:40:03', 1),
	(59, 'Tyvek', 0.00, '00:00:00', 0.00, '2025-04-26 11:41:04', '2025-04-26 11:41:04', 1),
	(60, 'Una Cara', 0.00, '00:00:00', 0.00, '2025-04-26 11:41:43', '2025-04-26 11:41:43', 1),
	(61, 'Dos Caras', 0.00, '00:00:00', 0.00, '2025-04-26 11:41:53', '2025-04-26 11:41:53', 1),
	(62, 'Crochet', 0.00, '00:00:00', 0.00, '2025-04-26 11:44:52', '2025-04-26 11:44:52', 1),
	(63, 'Telar', 0.00, '00:00:00', 0.00, '2025-04-26 11:45:02', '2025-04-26 11:45:02', 1),
	(64, 'Telar Spandex', 0.00, '00:00:00', 0.00, '2025-04-26 11:45:17', '2025-04-26 11:45:37', 1),
	(65, 'Jareta Simple', 0.00, '00:00:00', 0.00, '2025-04-26 11:56:05', '2025-04-26 11:56:05', 1),
	(66, 'Jareta doble', 0.00, '00:00:00', 0.00, '2025-04-26 11:56:22', '2025-04-26 11:56:22', 1),
	(67, 'Cortado', 0.00, '00:00:00', 0.00, '2025-04-26 12:08:57', '2025-04-26 12:08:57', 1),
	(68, 'PVC', 0.00, '00:00:00', 0.00, '2025-04-26 12:14:54', '2025-04-26 12:14:54', 1),
	(69, 'Credencial', 0.00, '00:00:00', 0.00, '2025-04-26 12:15:09', '2025-04-26 12:15:09', 1),
	(70, 'Portacredencial', 0.00, '00:00:00', 0.00, '2025-04-26 12:15:21', '2025-04-26 12:15:21', 1),
	(71, 'Continuo', 0.00, '00:00:00', 0.00, '2025-04-26 12:19:25', '2025-04-26 12:19:25', 1),
	(72, 'Costura en V con Argolla y Mosqueton', 0.00, '00:00:00', 0.00, '2025-04-26 12:26:18', '2025-04-26 12:26:18', 1),
	(73, 'Costura en V con Argolla ', 0.00, '00:00:00', 0.00, '2025-04-26 12:26:30', '2025-04-26 12:26:30', 1),
	(74, 'Costura en Medalla', 0.00, '00:00:00', 0.00, '2025-04-26 12:27:15', '2025-04-26 12:27:15', 1),
	(75, 'Rollo 50 Mts', 0.00, '00:00:00', 0.00, '2025-05-07 09:40:24', '2025-05-07 09:40:24', 1),
	(76, 'Sin Impresión', 0.00, '00:00:00', 0.00, '2025-05-07 09:42:38', '2025-05-07 09:42:38', 1),
	(77, 'Bombai', 0.00, '00:00:00', 0.00, '2025-05-07 09:43:52', '2025-05-07 09:43:52', 1),
	(78, 'Grecia', 0.00, '00:00:00', 0.00, '2025-05-07 09:44:02', '2025-05-07 09:44:02', 1),
	(79, 'Dallas', 0.00, '00:00:00', 0.00, '2025-05-07 09:44:14', '2025-05-07 09:44:14', 1),
	(80, 'Tacto Algodon', 0.00, '00:00:00', 0.00, '2025-05-07 09:44:25', '2025-05-07 09:44:25', 1),
	(81, 'Cuello Redondo', 0.00, '00:00:00', 0.00, '2025-05-07 09:52:36', '2025-05-07 09:52:36', 1),
	(82, 'Cuello V', 0.00, '00:00:00', 0.00, '2025-05-07 09:52:49', '2025-05-07 09:52:49', 1);

-- Volcando datos para la tabla mtiadmin_portal.paises: ~2 rows (aproximadamente)
INSERT INTO `paises` (`id`, `nombre`, `created_at`, `updated_at`) VALUES
	(1, 'México', '2025-06-10 09:24:27', '2025-06-10 09:24:27'),
	(2, 'Estados Unidos', '2025-06-10 09:24:27', '2025-06-10 09:24:27');

-- Volcando datos para la tabla mtiadmin_portal.permissions: ~81 rows (aproximadamente)
INSERT INTO `permissions` (`id`, `name`, `nombre`, `orden`, `permission_type_id`, `guard_name`, `created_at`, `updated_at`) VALUES
	(1, 'manage users', NULL, NULL, NULL, 'web', '2025-05-07 10:49:09', '2025-05-07 10:49:09'),
	(2, 'edit profile', NULL, NULL, NULL, 'web', '2025-05-07 10:49:09', '2025-05-07 10:49:09'),
	(3, 'view_users', NULL, NULL, NULL, 'web', '2025-05-07 10:49:20', '2025-05-07 10:49:20'),
	(4, 'edit_users', NULL, NULL, NULL, 'web', '2025-05-07 10:49:20', '2025-05-07 10:49:20'),
	(5, 'delete_users', NULL, NULL, NULL, 'web', '2025-05-07 10:49:20', '2025-05-07 10:49:20'),
	(6, 'create_users', NULL, NULL, NULL, 'web', '2025-05-07 10:49:20', '2025-05-07 10:49:20'),
	(7, 'manage_orders', NULL, NULL, NULL, 'web', '2025-05-07 10:49:20', '2025-05-07 10:49:20'),
	(8, 'view_reports', NULL, NULL, NULL, 'web', '2025-05-07 10:49:20', '2025-05-07 10:49:20'),
	(9, 'test', NULL, NULL, NULL, 'web', '2025-05-16 05:12:48', '2025-05-16 05:12:48'),
	(10, 'vistapreproyectosdashboard', NULL, NULL, NULL, 'web', '2025-05-16 10:17:36', '2025-05-16 10:17:36'),
	(11, 'vistaproyectosdashboard', NULL, NULL, NULL, 'web', '2025-05-16 10:17:53', '2025-05-16 10:17:53'),
	(12, 'vistapedidosdashboardcliente', NULL, NULL, NULL, 'web', '2025-05-16 10:18:24', '2025-05-16 10:18:24'),
	(13, 'dashboardclienteproyectos', NULL, NULL, NULL, 'web', '2025-05-16 10:21:01', '2025-05-16 10:21:01'),
	(14, 'dashboardclientepedidos', 'Ver Pedidos En dashboard ', NULL, NULL, 'web', '2025-05-16 10:23:43', '2025-11-04 23:18:35'),
	(15, 'dashboardclientepreproyectos', 'Ver Preproyectos en dashboard', 0, 1, 'web', '2025-05-16 10:24:20', '2025-11-04 23:17:16'),
	(16, 'asidedashboard', 'Ver Dashboard', 1, 1, 'web', '2025-05-16 11:30:28', '2025-11-03 19:11:01'),
	(17, 'asidepreproyectos', 'Ver Pre proyectos', 1, 1, 'web', '2025-05-16 11:31:06', '2025-11-03 19:10:30'),
	(18, 'asideproyectos', 'Ver Proyectos', 1, 2, 'web', '2025-05-16 11:32:14', '2025-10-31 23:11:40'),
	(19, 'asidediseniodesplegable', 'Ver Diseños', NULL, NULL, 'web', '2025-05-16 11:40:04', '2025-11-03 21:33:39'),
	(20, 'asideproducciondesplegable', 'Menu Principal  Producción ', 1, 1, 'web', '2025-05-16 11:43:38', '2025-11-03 19:06:58'),
	(21, 'asideusuariosdesplegable', 'Ver Usuarios', 1, 1, 'web', '2025-05-16 11:53:33', '2025-11-03 19:12:13'),
	(22, 'proyectopedidoscolumnafechaenbarque', 'Columna Fecha de embarque', 2, 1, 'web', '2025-05-20 07:03:51', '2025-11-04 17:02:28'),
	(23, 'proyectopedidoscolumnafechaEntrega', 'Columna Fecha de entrega', 2, 1, 'web', '2025-05-20 07:04:03', '2025-11-04 17:08:44'),
	(24, 'proyectopedidoscolumnafechaproduccion', 'Columna Fecha de Produccion', 2, 1, 'web', '2025-05-20 07:04:13', '2025-11-04 17:02:59'),
	(25, 'proyectopedidosEditarinputTipo', NULL, NULL, NULL, 'web', '2025-05-20 11:24:16', '2025-05-20 11:24:16'),
	(26, 'proyectopedidosEditarInputEstado', NULL, NULL, NULL, 'web', '2025-05-20 11:29:35', '2025-05-20 11:29:35'),
	(27, 'proyectopedidosEditarinputFechaproduccion', 'Editar Fecha de Producción ', 3, 1, 'web', '2025-05-20 11:58:26', '2025-11-04 17:04:27'),
	(28, 'proyectopedidosEditarinputFechaEmbarque', 'Editar fecha de embarque', 3, 1, 'web', '2025-05-20 11:58:43', '2025-11-04 17:03:50'),
	(29, 'proyectopedidosEditarinputFechaEntrega', 'Editar fecha de entrega', 3, 1, 'web', '2025-05-20 12:01:17', '2025-11-04 17:06:09'),
	(30, 'vistaproyectoSeccionPedidos', 'Ver seccion de pedidos/Muestras', 1, 1, 'web', '2025-05-21 07:03:03', '2025-11-04 00:21:34'),
	(31, 'Jefe Diseñador', NULL, NULL, NULL, 'web', '2025-05-21 11:13:34', '2025-05-21 11:13:34'),
	(32, 'asidediseniodesplegableTareas', 'Ver Tareas', 1, 1, 'web', '2025-05-21 12:09:50', '2025-11-03 21:32:08'),
	(33, 'asidediseniodesplegableAdminTareas', 'Ver Administración de tareas', 1, 1, 'web', '2025-05-21 12:11:14', '2025-11-03 19:33:16'),
	(34, 'ver-todos-los-preproyectos', NULL, NULL, NULL, 'web', '2025-05-23 06:40:41', '2025-05-23 06:40:41'),
	(35, 'tablaPreproyectos-ver-todos-los-preproyectos', NULL, NULL, NULL, 'web', '2025-05-23 06:45:24', '2025-05-23 06:45:24'),
	(36, 'tablaProyectos-ver-todos-los-proyectos', NULL, NULL, NULL, 'web', '2025-05-23 08:36:01', '2025-05-23 08:36:01'),
	(37, 'tablaPedidos-ver-todos-los-pedidos', NULL, NULL, NULL, 'web', '2025-05-23 10:04:57', '2025-05-23 10:04:57'),
	(38, 'ver-todas-notificaciones-del-sistema', NULL, NULL, NULL, 'web', '2025-05-23 10:15:13', '2025-05-23 10:15:13'),
	(39, 'proyectodiseñoAprobarDiseño', 'Boton Aprobar Diseño', 1, 1, 'web', '2025-06-13 10:20:54', '2025-11-04 00:36:45'),
	(40, 'proyectodiseñoRechazarDiseño', 'Botón Rechazar Diseño', 1, NULL, 'web', '2025-06-13 10:22:10', '2025-11-04 00:42:47'),
	(41, 'proyectodiseñoCrearMuestra', 'Boton Crear Muestra', 1, 3, 'web', '2025-06-13 10:22:25', '2025-11-04 00:43:26'),
	(42, 'proyectodiseñoSubirArchivoDiseño', 'Boton Cargar Archivo Diseño', NULL, NULL, 'web', '2025-06-13 10:46:27', '2025-11-04 00:42:15'),
	(43, ' proyectodiseñoSubirArte', 'Boton Cargar Arte', 1, 3, 'web', '2025-06-13 10:50:24', '2025-11-04 00:43:50'),
	(44, 'proyectodiseñopestañaTareasDelProyecto', 'Ver sección de tareas', 1, 1, 'web', '2025-06-20 03:26:52', '2025-11-04 00:19:25'),
	(45, 'dashboardjefediseñadorproyectos', NULL, NULL, NULL, 'web', '2025-06-24 08:17:07', '2025-06-24 08:17:07'),
	(46, 'tablaProyectos-ver-columna-pedidos', 'Ver Columna de  Pedidos', 1, 1, 'web', '2025-06-27 02:37:16', '2025-11-04 17:51:24'),
	(47, 'asideAprobacionesEspeciales', 'Ver Aprobaciones especiales ', 1, 1, 'web', '2025-08-19 05:59:05', '2025-11-03 19:10:03'),
	(48, 'asideAdministraciónMuestras', 'Ver Administracion de Muestras', 1, 2, 'web', '2025-08-19 05:59:14', '2025-11-03 22:43:38'),
	(49, 'asideAdministraciónPedidos', 'Ver Administración de Pedidos', NULL, 1, 'web', '2025-08-19 05:59:20', '2025-11-03 21:32:56'),
	(50, 'asideAdministraciónMuestrasTabPendiente', 'Ver tab Muestras Pendientes', 1, 1, 'web', '2025-08-19 23:26:24', '2025-11-03 19:35:27'),
	(51, 'asideAdministraciónMuestrasTabSoliocitada', 'Ver Tab Muestra Solicitadas', 1, 1, 'web', '2025-08-19 23:26:30', '2025-11-03 19:33:53'),
	(52, 'asideAdministraciónMuestrasTabMuestraLista', 'Ver Tab Muestra Lista', 1, 1, 'web', '2025-08-19 23:26:38', '2025-11-03 19:34:22'),
	(53, 'asideAdministraciónMuestrasTabEntregada', 'Ver Tab Muestra Entregada', 1, 1, 'web', '2025-08-19 23:26:45', '2025-11-03 19:35:03'),
	(54, 'asideAdministraciónMuestrasTabCancelada', 'Columna de muestras canceladas', 1, 1, 'web', '2025-08-19 23:26:51', '2025-11-03 19:08:11'),
	(55, 'Testb', 'test B', 1, 1, 'web', '2025-10-31 00:01:58', '2025-10-31 00:01:58'),
	(56, 'testVISTAF', 'testVISTAF', 1, 1, 'web', '2025-10-31 18:57:44', '2025-10-31 18:57:44'),
	(57, 'editar', 'Editar', 1, 1, 'web', '2025-10-31 19:00:19', '2025-10-31 19:00:19'),
	(58, 'Crear', 'Crear', 0, 3, 'web', '2025-10-31 19:17:47', '2025-10-31 19:17:47'),
	(59, 'Eliminar', 'Eliminar', 1, 3, 'web', '2025-10-31 19:18:27', '2025-10-31 19:18:27'),
	(60, 'Ver', 'Ver', 1, 3, 'web', '2025-10-31 19:22:36', '2025-10-31 19:22:36'),
	(61, 'asidedisenioAdministracion', 'Ver Administracion de Diseños', 1, 1, 'web', '2025-11-03 22:29:11', '2025-11-03 22:29:11'),
	(62, 'asidedisenioTareas', 'Ver Tareas de Diseño', 1, 1, 'web', '2025-11-03 22:32:13', '2025-11-03 22:32:13'),
	(63, 'asideAdministraciónReconfiguracion', 'Ver Administración Reconfiguración', 1, 1, 'web', '2025-11-03 22:47:58', '2025-11-03 22:47:58'),
	(64, 'asideEntrega', 'Ver Entregas', 1, 1, 'web', '2025-11-03 23:15:40', '2025-11-03 23:15:40'),
	(65, 'asideFacturacion', 'Ver Facturacion', 1, 1, 'web', '2025-11-03 23:17:23', '2025-11-03 23:17:23'),
	(66, 'notificaralclienteproyecto', 'Boton Notificar Estatus', 1, 3, 'web', '2025-11-04 00:32:42', '2025-11-04 00:32:42'),
	(67, 'proyectodiseñoconfirmarSolicitudReconfiguracion', 'Boton Solicitar Reconfiguracion', 1, 1, 'web', '2025-11-04 00:39:56', '2025-11-04 00:39:56'),
	(68, 'proyectodiseñoreconfigurarproyecto', 'Boton Reconfigurar Proyecto', 1, 1, 'web', '2025-11-04 00:41:11', '2025-11-04 00:41:11'),
	(69, 'dashboardDiseñosColumnaHistorial', 'Ver Columna De historial', 2, 1, 'web', '2025-11-04 17:45:32', '2025-11-04 17:45:32'),
	(70, 'dashboardDiseñosColumnaTareas', 'Ver columna de Tareas', 2, 1, 'web', '2025-11-04 17:46:17', '2025-11-04 17:46:17'),
	(71, 'dashboardDiseñosBotonAsignarTarea', 'Botón Asignar Tarea', 3, 3, 'web', '2025-11-04 17:47:25', '2025-11-04 17:47:25'),
	(72, 'tablaReconfigurarar-ver-todos-los-proyectos', 'Ver todos los proyectos', 1, 1, 'web', '2025-11-04 19:03:27', '2025-11-04 19:03:27'),
	(73, 'tablaReconfigurarar-ver-columna-pedidos', 'Ver columna pedidos', 1, 1, 'web', '2025-11-04 19:04:12', '2025-11-04 19:04:12'),
	(74, 'tablaReconfigurarar-columna-tareas', 'Ver columna Tareas', 1, 1, 'web', '2025-11-04 19:06:24', '2025-11-04 19:06:24'),
	(75, 'tablaReconfigurarar-columna-historial', 'Ver Columna Historial', 1, 1, 'web', '2025-11-04 19:06:56', '2025-11-04 19:06:56'),
	(76, 'admin-disenio-cambiar-estado-tarea', 'Admin Ver bonton cambio de estado ', 1, 3, 'web', '2025-11-04 21:13:20', '2025-11-04 21:13:20'),
	(77, 'edit-pre-project-fecha-produccion', 'Ver fecha de Produccion', 1, 1, 'web', '2025-11-05 17:39:53', '2025-11-05 17:39:53'),
	(78, 'edit-pre-project-fecha-embarque', 'Ver fecha de Embarque', 1, 1, 'web', '2025-11-05 17:40:41', '2025-11-05 17:40:41'),
	(79, 'edit-pre-project-fecha-entrega', 'Ver Fecha de Entrega', 1, 1, 'web', '2025-11-05 17:46:18', '2025-11-05 17:46:18'),
	(80, 'edit-pre-project--boton-guardar-cambios', 'Guardar Cambios', 1, 1, 'web', '2025-11-05 17:47:07', '2025-11-05 17:47:07'),
	(81, 'edit-pre-project--Pre-Aprobar-proyecto', 'Botón Aprobar Pre proyecto', 1, 3, 'web', '2025-11-05 17:47:59', '2025-11-05 17:47:59');

-- Volcando datos para la tabla mtiadmin_portal.productos: ~15 rows (aproximadamente)
INSERT INTO `productos` (`id`, `categoria_id`, `nombre`, `dias_produccion`, `flag_armado`, `created_at`, `updated_at`, `ind_activo`) VALUES
	(1, 11, 'Pulsera para Evento', 3, 1, '2025-04-26 12:10:48', '2025-04-26 12:11:01', 1),
	(2, 8, 'Cinta Para Medalla', 2, 1, '2025-04-26 12:31:34', '2025-04-26 12:35:55', 1),
	(3, 8, 'Cinta para Portagafete', 2, 0, '2025-04-26 12:35:30', '2025-05-07 10:06:12', 1),
	(4, 9, 'Portagafete Con Broche de Seguridad', 7, 0, '2025-05-07 10:10:23', '2025-05-07 10:18:27', 1),
	(5, 9, 'Portagafete Standard', 7, 0, '2025-05-07 10:11:37', '2025-05-07 10:18:19', 1),
	(6, 9, 'Portagafete Doble Bandola', 7, 0, '2025-05-07 10:12:50', '2025-05-07 10:18:34', 1),
	(7, 9, 'Portagafete Doble Bandola y Broche de Seguridad', 7, 0, '2025-05-07 10:13:28', '2025-05-07 10:18:40', 1),
	(8, 9, 'Portagafete con Broche Seguridad y Hebilla Frontal', 7, 0, '2025-05-07 10:19:47', '2025-05-07 10:19:47', 1),
	(9, 9, 'Portagafete con Yoyo', 7, 0, '2025-05-07 10:23:12', '2025-05-07 10:25:27', 1),
	(10, 9, 'Portagafete con Hebilla Frontal y Herraje Adicional', 7, 0, '2025-05-07 10:31:35', '2025-05-07 10:31:35', 1),
	(11, 9, 'Portagafete Standard con Herraje Adicional', 7, 0, '2025-05-07 10:35:35', '2025-05-07 10:37:09', 1),
	(12, 9, 'Portagafete con Hebilla Frontal Broche de Seguridad y  Herraje Adicional', 7, 0, '2025-05-07 10:37:03', '2025-05-07 10:37:03', 1),
	(13, 1, 'Playera Manga Corta', 12, 0, '2025-05-07 10:43:13', '2025-05-07 10:43:13', 1),
	(14, 9, 'Portagafete Doble Capa Broche de Seguridad y Herraje Extra', 10, 0, '2025-05-07 11:20:13', '2025-05-07 11:20:13', 1),
	(15, 9, 'Reconfigurar', 1, 1, '2025-10-10 00:14:15', '2025-10-10 00:14:15', 1);

-- Volcando datos para la tabla mtiadmin_portal.producto_caracteristica: ~88 rows (aproximadamente)
INSERT INTO `producto_caracteristica` (`id`, `producto_id`, `caracteristica_id`, `flag_armado`, `created_at`, `updated_at`) VALUES
	(9, 1, 2, 1, NULL, NULL),
	(10, 1, 3, 1, NULL, NULL),
	(11, 1, 5, 1, NULL, NULL),
	(12, 1, 10, 1, NULL, NULL),
	(13, 1, 2, 0, NULL, NULL),
	(14, 1, 3, 0, NULL, NULL),
	(15, 1, 5, 0, NULL, NULL),
	(16, 1, 11, 0, NULL, NULL),
	(25, 2, 2, 1, NULL, NULL),
	(26, 2, 3, 1, NULL, NULL),
	(27, 2, 5, 1, NULL, NULL),
	(28, 2, 20, 1, NULL, NULL),
	(29, 2, 2, 0, NULL, NULL),
	(30, 2, 3, 0, NULL, NULL),
	(31, 2, 5, 0, NULL, NULL),
	(32, 2, 19, 0, NULL, NULL),
	(33, 3, 2, 1, NULL, NULL),
	(34, 3, 3, 1, NULL, NULL),
	(35, 3, 5, 1, NULL, NULL),
	(36, 3, 19, 1, NULL, NULL),
	(37, 3, 2, 0, NULL, NULL),
	(38, 3, 3, 0, NULL, NULL),
	(39, 3, 5, 0, NULL, NULL),
	(40, 3, 19, 0, NULL, NULL),
	(63, 5, 2, 1, NULL, NULL),
	(64, 5, 3, 1, NULL, NULL),
	(65, 5, 5, 1, NULL, NULL),
	(66, 5, 9, 1, NULL, NULL),
	(67, 5, 11, 1, NULL, NULL),
	(68, 4, 2, 1, NULL, NULL),
	(69, 4, 3, 1, NULL, NULL),
	(70, 4, 5, 1, NULL, NULL),
	(71, 4, 8, 1, NULL, NULL),
	(72, 4, 9, 1, NULL, NULL),
	(73, 4, 11, 1, NULL, NULL),
	(74, 6, 2, 1, NULL, NULL),
	(75, 6, 3, 1, NULL, NULL),
	(76, 6, 5, 1, NULL, NULL),
	(77, 6, 11, 1, NULL, NULL),
	(78, 6, 13, 1, NULL, NULL),
	(79, 7, 2, 1, NULL, NULL),
	(80, 7, 3, 1, NULL, NULL),
	(81, 7, 5, 1, NULL, NULL),
	(82, 7, 8, 1, NULL, NULL),
	(83, 7, 11, 1, NULL, NULL),
	(84, 7, 13, 1, NULL, NULL),
	(85, 8, 2, 1, NULL, NULL),
	(86, 8, 3, 1, NULL, NULL),
	(87, 8, 5, 1, NULL, NULL),
	(88, 8, 7, 1, NULL, NULL),
	(89, 8, 8, 1, NULL, NULL),
	(90, 8, 9, 1, NULL, NULL),
	(91, 8, 11, 1, NULL, NULL),
	(97, 9, 2, 1, NULL, NULL),
	(98, 9, 3, 1, NULL, NULL),
	(99, 9, 11, 1, NULL, NULL),
	(100, 9, 22, 1, NULL, NULL),
	(101, 9, 23, 1, NULL, NULL),
	(102, 10, 2, 1, NULL, NULL),
	(103, 10, 3, 1, NULL, NULL),
	(104, 10, 5, 1, NULL, NULL),
	(105, 10, 7, 1, NULL, NULL),
	(106, 10, 9, 1, NULL, NULL),
	(107, 10, 11, 1, NULL, NULL),
	(108, 10, 14, 1, NULL, NULL),
	(121, 12, 2, 1, NULL, NULL),
	(122, 12, 3, 1, NULL, NULL),
	(123, 12, 5, 1, NULL, NULL),
	(124, 12, 7, 1, NULL, NULL),
	(125, 12, 8, 1, NULL, NULL),
	(126, 12, 11, 1, NULL, NULL),
	(127, 12, 14, 1, NULL, NULL),
	(128, 11, 2, 1, NULL, NULL),
	(129, 11, 3, 1, NULL, NULL),
	(130, 11, 5, 1, NULL, NULL),
	(131, 11, 9, 1, NULL, NULL),
	(132, 11, 11, 1, NULL, NULL),
	(133, 11, 14, 1, NULL, NULL),
	(134, 13, 1, 1, NULL, NULL),
	(135, 13, 21, 1, NULL, NULL),
	(136, 14, 3, 1, NULL, NULL),
	(137, 14, 8, 1, NULL, NULL),
	(138, 14, 9, 1, NULL, NULL),
	(139, 14, 14, 1, NULL, NULL),
	(140, 14, 24, 1, NULL, NULL),
	(141, 14, 25, 1, NULL, NULL),
	(142, 14, 26, 1, NULL, NULL),
	(143, 14, 27, 1, NULL, NULL);

-- Volcando datos para la tabla mtiadmin_portal.producto_grupo_talla: ~2 rows (aproximadamente)
INSERT INTO `producto_grupo_talla` (`id`, `producto_id`, `grupo_talla_id`, `created_at`, `updated_at`) VALUES
	(1, 13, 1, NULL, NULL),
	(2, 13, 2, NULL, NULL);

-- Volcando datos para la tabla mtiadmin_portal.roles: ~8 rows (aproximadamente)
INSERT INTO `roles` (`id`, `name`, `guard_name`, `created_at`, `updated_at`) VALUES
	(1, 'admin', 'web', '2025-06-10 05:36:06', '2025-06-10 05:36:06'),
	(3, 'proveedor', 'web', '2025-06-10 05:36:06', '2025-06-10 05:36:06'),
	(4, 'staff', 'web', '2025-06-10 05:36:06', '2025-11-03 18:59:40'),
	(5, 'diseñador', 'web', '2025-06-10 05:36:06', '2025-06-10 05:36:06'),
	(6, 'jefediseñador', 'web', '2025-06-10 05:36:06', '2025-06-10 05:36:06'),
	(7, 'operador', 'web', '2025-06-10 05:36:06', '2025-06-10 05:36:06'),
	(8, 'cliente_principal', 'web', '2025-06-10 05:36:06', '2025-06-10 05:36:06'),
	(9, 'cliente_subordinado', 'web', '2025-06-10 05:36:06', '2025-06-10 05:36:06');

-- Volcando datos para la tabla mtiadmin_portal.role_has_permissions: ~97 rows (aproximadamente)
INSERT INTO `role_has_permissions` (`permission_id`, `role_id`) VALUES
	(1, 1),
	(2, 1),
	(3, 1),
	(4, 1),
	(5, 1),
	(6, 1),
	(7, 1),
	(8, 1),
	(9, 1),
	(10, 1),
	(11, 1),
	(12, 1),
	(13, 1),
	(14, 1),
	(15, 1),
	(16, 1),
	(17, 1),
	(18, 1),
	(19, 1),
	(20, 1),
	(21, 1),
	(22, 1),
	(23, 1),
	(24, 1),
	(25, 1),
	(26, 1),
	(27, 1),
	(28, 1),
	(29, 1),
	(30, 1),
	(31, 1),
	(32, 1),
	(33, 1),
	(34, 1),
	(35, 1),
	(36, 1),
	(37, 1),
	(38, 1),
	(39, 1),
	(40, 1),
	(41, 1),
	(42, 1),
	(43, 1),
	(44, 1),
	(46, 1),
	(47, 1),
	(48, 1),
	(49, 1),
	(50, 1),
	(51, 1),
	(52, 1),
	(53, 1),
	(54, 1),
	(57, 1),
	(58, 1),
	(59, 1),
	(60, 1),
	(61, 1),
	(62, 1),
	(63, 1),
	(64, 1),
	(65, 1),
	(66, 1),
	(67, 1),
	(68, 1),
	(69, 1),
	(70, 1),
	(71, 1),
	(72, 1),
	(73, 1),
	(74, 1),
	(75, 1),
	(76, 1),
	(77, 1),
	(78, 1),
	(79, 1),
	(80, 1),
	(81, 1),
	(10, 4),
	(15, 4),
	(17, 4),
	(18, 4),
	(19, 4),
	(34, 4),
	(35, 4),
	(47, 4),
	(48, 4),
	(50, 4),
	(51, 4),
	(52, 4),
	(53, 4),
	(54, 4),
	(63, 4),
	(72, 4),
	(73, 4),
	(74, 4),
	(75, 4),
	(77, 4),
	(78, 4),
	(79, 4),
	(81, 4),
	(16, 5),
	(19, 5),
	(32, 5),
	(42, 5),
	(46, 5),
	(51, 5),
	(53, 5),
	(57, 5),
	(58, 5),
	(60, 5),
	(69, 5),
	(70, 5),
	(16, 6),
	(19, 6),
	(32, 6),
	(33, 6),
	(42, 6),
	(44, 6),
	(50, 6),
	(51, 6),
	(52, 6),
	(53, 6),
	(57, 6),
	(58, 6),
	(59, 6),
	(60, 6),
	(66, 6),
	(68, 6),
	(2, 7),
	(10, 8),
	(12, 8),
	(13, 8),
	(14, 8),
	(15, 8),
	(16, 8),
	(17, 8),
	(18, 8),
	(19, 8),
	(21, 8),
	(23, 8),
	(29, 8),
	(30, 8),
	(39, 8),
	(40, 8),
	(41, 8),
	(46, 8),
	(57, 8),
	(58, 8),
	(60, 8),
	(67, 8),
	(79, 8),
	(80, 8),
	(2, 9),
	(10, 9),
	(12, 9),
	(13, 9),
	(14, 9),
	(15, 9),
	(16, 9),
	(17, 9),
	(18, 9),
	(19, 9),
	(21, 9),
	(23, 9),
	(24, 9),
	(29, 9),
	(30, 9),
	(39, 9),
	(40, 9),
	(41, 9),
	(57, 9),
	(58, 9),
	(60, 9),
	(67, 9),
	(79, 9),
	(80, 9);

-- Volcando datos para la tabla mtiadmin_portal.tallas: ~7 rows (aproximadamente)
INSERT INTO `tallas` (`id`, `nombre`, `descripcion`, `created_at`, `updated_at`, `ind_activo`) VALUES
	(1, 'XS', 'Extra pequeño, ideal para cuerpos muy delgados.', '2025-04-26 09:30:18', '2025-04-26 09:30:18', 1),
	(2, 'S', 'Pequeño, adecuado para cuerpos delgados.', '2025-04-26 09:30:18', '2025-04-26 09:30:18', 1),
	(3, 'M', 'Mediano, la talla estándar para la mayoría.', '2025-04-26 09:30:18', '2025-04-26 09:30:18', 1),
	(4, 'L', 'Grande, para quienes necesitan un poco más de espacio.', '2025-04-26 09:30:18', '2025-04-26 09:30:18', 1),
	(5, 'XL', 'Extra grande, diseñado para mayor comodidad.', '2025-04-26 09:30:18', '2025-04-26 09:30:18', 1),
	(6, 'XXL', 'Doble extra grande, para cuerpos más amplios.', '2025-04-26 09:30:18', '2025-04-26 09:30:18', 1),
	(7, 'XXXL', 'Tripe Extra Grande', '2025-05-07 10:39:23', '2025-05-07 10:39:23', 1);

-- Volcando datos para la tabla mtiadmin_portal.tipo_envio: ~5 rows (aproximadamente)
INSERT INTO `tipo_envio` (`id`, `nombre`, `descripcion`, `dias_envio`, `created_at`, `updated_at`) VALUES
	(1, 'Terrestre Local', 'Envío terrestre dentro de la misma localidad.', 0, '2025-06-10 09:24:27', '2025-06-10 09:24:27'),
	(2, 'Terrestre Nacional', 'Envío terrestre a nivel nacional.', 6, '2025-06-10 09:24:27', '2025-06-10 09:24:27'),
	(3, 'Terrestre Extranjero', 'Envío terrestre a otros países.', 6, '2025-06-10 09:24:27', '2025-06-10 09:24:27'),
	(4, 'Aire Nacional', 'Envío aéreo a nivel nacional.', 2, '2025-06-10 09:24:27', '2025-06-10 09:24:27'),
	(5, 'Aire Extranjero', 'Envío aéreo a otros países.', 3, '2025-06-10 09:24:27', '2025-06-10 09:24:27');

/*!40103 SET TIME_ZONE=IFNULL(@OLD_TIME_ZONE, 'system') */;
/*!40101 SET SQL_MODE=IFNULL(@OLD_SQL_MODE, '') */;
/*!40014 SET FOREIGN_KEY_CHECKS=IFNULL(@OLD_FOREIGN_KEY_CHECKS, 1) */;
/*!40101 SET CHARACTER_SET_CLIENT=@OLD_CHARACTER_SET_CLIENT */;
/*!40111 SET SQL_NOTES=IFNULL(@OLD_SQL_NOTES, 1) */;


REPLACE INTO `users` (`id`, `name`, `email`, `email_verified_at`, `password`, `remember_token`, `config`, `user_can_sel_preproyectos`, `subordinados`, `empresa_id`, `sucursal_id`, `created_at`, `updated_at`, `role_id`) VALUES
(9002, 'Admin User', 'ingjosue.cardona@gmail.com', NULL, '$2y$12$xUAE.yUwUCEYhq6Sm4auR.jgIVRQzGYfTr4bJhAdPQ.R9hDIcrbO.', 'XzLJquJ6s8goj1vR4sXPlNlSY9TNLt58lZQxgMIKT4rRNpKHP44uFB4VI8Fl', NULL, NULL, NULL, NULL, NULL, '2025-06-09 21:24:23', '2025-06-09 21:24:23', NULL),
(9003, 'Carlos Prueba', 'carlos@mtiendurance.com', NULL, '$2y$12$t11kGJmU06fojTsOt2ZCeehn40o1EZuI23BoWT7YlPVbolxXT6tli', NULL, NULL, NULL, NULL, NULL, NULL, '2025-06-09 21:24:23', '2025-06-09 21:24:23', NULL);
COMMIT;

