-- --------------------------------------------------------
-- Host:                         127.0.0.1
-- Versión del servidor:         8.4.3 - MySQL Community Server - GPL
-- SO del servidor:              Win64
-- HeidiSQL Versión:             12.8.0.6908
-- --------------------------------------------------------

/*!40101 SET @OLD_CHARACTER_SET_CLIENT=@@CHARACTER_SET_CLIENT */;
/*!40101 SET NAMES utf8 */;
/*!50503 SET NAMES utf8mb4 */;
/*!40103 SET @OLD_TIME_ZONE=@@TIME_ZONE */;
/*!40103 SET TIME_ZONE='+00:00' */;
/*!40014 SET @OLD_FOREIGN_KEY_CHECKS=@@FOREIGN_KEY_CHECKS, FOREIGN_KEY_CHECKS=0 */;
/*!40101 SET @OLD_SQL_MODE=@@SQL_MODE, SQL_MODE='NO_AUTO_VALUE_ON_ZERO' */;
/*!40111 SET @OLD_SQL_NOTES=@@SQL_NOTES, SQL_NOTES=0 */;

-- Volcando datos para la tabla mtiadmin_portal.archivos_pedido: ~0 rows (aproximadamente)

-- Volcando datos para la tabla mtiadmin_portal.archivos_proyecto: ~0 rows (aproximadamente)

-- Volcando datos para la tabla mtiadmin_portal.caracteristicas: ~27 rows (aproximadamente)
INSERT INTO `caracteristicas` (`id`, `nombre`, `flag_seleccion_multiple`, `created_at`, `updated_at`, `ind_activo`) VALUES
	(1, 'Tipo de Tela', 0, '2025-04-26 04:33:14', '2025-04-26 05:43:57', 1),
	(2, 'Tipo de Cinta', 0, '2025-04-26 04:33:27', '2025-04-26 05:43:50', 1),
	(3, 'Impresion', 0, '2025-04-26 04:34:21', '2025-05-07 03:42:47', 1),
	(4, 'Material', 0, '2025-04-26 04:34:46', '2025-04-26 05:43:32', 1),
	(5, 'Medida', 0, '2025-04-26 04:36:14', '2025-04-26 05:43:23', 1),
	(6, 'Tamaño', 0, '2025-04-26 04:36:33', '2025-04-26 05:43:17', 1),
	(7, 'Hebilla Frontal', 0, '2025-04-26 04:37:19', '2025-04-26 05:43:07', 1),
	(8, 'Broche de Seguridad', 0, '2025-04-26 04:37:46', '2025-04-26 05:42:59', 1),
	(9, 'Herraje', 0, '2025-04-26 04:38:23', '2025-05-07 04:22:05', 1),
	(10, 'Broche Inviolable', 0, '2025-04-26 04:38:46', '2025-04-26 05:42:39', 1),
	(11, 'Terminado', 0, '2025-04-26 04:40:52', '2025-04-26 06:17:59', 1),
	(12, 'Acabado', 0, '2025-04-26 04:41:02', '2025-04-26 05:42:32', 1),
	(13, 'Herraje Doble', 0, '2025-04-26 04:45:50', '2025-04-26 05:42:22', 1),
	(14, 'Herraje Extra', 0, '2025-04-26 04:56:05', '2025-04-26 05:42:16', 1),
	(15, 'Pintada', 0, '2025-04-26 05:02:44', '2025-04-26 05:42:10', 1),
	(16, 'Elastico', 0, '2025-04-26 05:44:28', '2025-04-26 05:45:51', 1),
	(17, 'Jareta', 0, '2025-04-26 05:55:39', '2025-04-26 05:56:28', 1),
	(18, 'Materiales', 0, '2025-04-26 06:16:59', '2025-04-26 06:16:59', 1),
	(19, 'Presentación', 0, '2025-04-26 06:19:47', '2025-04-26 06:19:47', 1),
	(20, 'Armado', 0, '2025-04-26 06:25:50', '2025-04-26 06:25:50', 1),
	(21, 'Tipo de Cuello', 0, '2025-05-07 03:53:22', '2025-05-07 03:53:22', 1),
	(22, 'Yoyo Personalisado', 0, '2025-05-07 04:22:44', '2025-05-07 04:22:44', 1),
	(23, 'Medida Yoyo', 0, '2025-05-07 04:24:46', '2025-05-07 04:24:46', 1),
	(24, 'Tipo Cinta Superior', 0, '2025-05-07 05:09:48', '2025-05-07 05:10:09', 1),
	(25, 'Medida Cinta Superior', 0, '2025-05-07 05:10:57', '2025-05-07 05:10:57', 1),
	(26, 'Medida Cinta Inferior', 0, '2025-05-07 05:11:14', '2025-05-07 05:11:14', 1),
	(27, 'Tipo Cinta Inferior', 0, '2025-05-07 05:11:35', '2025-05-07 05:11:35', 1);

-- Volcando datos para la tabla mtiadmin_portal.caracteristica_opcion: ~92 rows (aproximadamente)
INSERT INTO `caracteristica_opcion` (`id`, `caracteristica_id`, `opcion_id`, `created_at`, `updated_at`) VALUES
	(14, 9, 2, NULL, NULL),
	(15, 13, 2, NULL, NULL),
	(16, 9, 3, NULL, NULL),
	(17, 13, 3, NULL, NULL),
	(18, 9, 5, NULL, NULL),
	(19, 13, 5, NULL, NULL),
	(20, 9, 7, NULL, NULL),
	(21, 13, 7, NULL, NULL),
	(23, 14, 8, NULL, NULL),
	(24, 14, 9, NULL, NULL),
	(25, 14, 10, NULL, NULL),
	(26, 9, 10, NULL, NULL),
	(27, 14, 11, NULL, NULL),
	(28, 9, 12, NULL, NULL),
	(29, 13, 12, NULL, NULL),
	(31, 15, 13, NULL, NULL),
	(32, 15, 14, NULL, NULL),
	(33, 15, 15, NULL, NULL),
	(34, 15, 16, NULL, NULL),
	(35, 15, 18, NULL, NULL),
	(36, 12, 19, NULL, NULL),
	(37, 12, 20, NULL, NULL),
	(38, 12, 21, NULL, NULL),
	(39, 11, 22, NULL, NULL),
	(40, 11, 23, NULL, NULL),
	(41, 11, 24, NULL, NULL),
	(42, 1, 25, NULL, NULL),
	(43, 2, 26, NULL, NULL),
	(44, 2, 27, NULL, NULL),
	(45, 2, 28, NULL, NULL),
	(46, 2, 29, NULL, NULL),
	(47, 2, 30, NULL, NULL),
	(48, 2, 31, NULL, NULL),
	(49, 12, 32, NULL, NULL),
	(50, 10, 33, NULL, NULL),
	(51, 10, 34, NULL, NULL),
	(52, 10, 35, NULL, NULL),
	(53, 8, 36, NULL, NULL),
	(54, 7, 37, NULL, NULL),
	(56, 6, 39, NULL, NULL),
	(57, 6, 40, NULL, NULL),
	(58, 6, 41, NULL, NULL),
	(59, 6, 42, NULL, NULL),
	(60, 6, 43, NULL, NULL),
	(61, 6, 44, NULL, NULL),
	(62, 6, 45, NULL, NULL),
	(63, 6, 46, NULL, NULL),
	(64, 6, 47, NULL, NULL),
	(65, 6, 48, NULL, NULL),
	(66, 6, 49, NULL, NULL),
	(67, 5, 50, NULL, NULL),
	(68, 5, 51, NULL, NULL),
	(69, 5, 52, NULL, NULL),
	(70, 5, 53, NULL, NULL),
	(71, 5, 54, NULL, NULL),
	(72, 5, 55, NULL, NULL),
	(73, 5, 56, NULL, NULL),
	(74, 5, 57, NULL, NULL),
	(75, 5, 58, NULL, NULL),
	(76, 4, 59, NULL, NULL),
	(77, 3, 60, NULL, NULL),
	(78, 3, 61, NULL, NULL),
	(80, 16, 62, NULL, NULL),
	(81, 16, 63, NULL, NULL),
	(82, 16, 64, NULL, NULL),
	(84, 17, 65, NULL, NULL),
	(85, 17, 66, NULL, NULL),
	(87, 18, 68, NULL, NULL),
	(88, 18, 69, NULL, NULL),
	(89, 18, 70, NULL, NULL),
	(90, 19, 67, NULL, NULL),
	(91, 19, 71, NULL, NULL),
	(92, 20, 1, NULL, NULL),
	(93, 20, 72, NULL, NULL),
	(94, 20, 73, NULL, NULL),
	(95, 20, 74, NULL, NULL),
	(96, 19, 75, NULL, NULL),
	(97, 3, 76, NULL, NULL),
	(98, 1, 77, NULL, NULL),
	(99, 1, 78, NULL, NULL),
	(100, 1, 79, NULL, NULL),
	(101, 1, 80, NULL, NULL),
	(102, 21, 81, NULL, NULL),
	(103, 21, 82, NULL, NULL),
	(104, 22, 38, NULL, NULL),
	(105, 23, 53, NULL, NULL),
	(107, 24, 29, NULL, NULL),
	(108, 24, 26, NULL, NULL),
	(109, 25, 53, NULL, NULL),
	(110, 26, 54, NULL, NULL),
	(111, 27, 26, NULL, NULL),
	(112, 27, 29, NULL, NULL);

-- Volcando datos para la tabla mtiadmin_portal.categorias: ~17 rows (aproximadamente)
INSERT INTO `categorias` (`id`, `nombre`, `created_at`, `updated_at`, `flag_tallas`, `ind_activo`) VALUES
	(1, 'Playera', '2025-04-26 03:51:01', '2025-05-07 04:42:27', 1, 1),
	(2, 'Jersey', '2025-04-26 03:51:55', '2025-04-26 04:09:02', 1, 1),
	(3, 'Polo', '2025-04-26 03:52:15', '2025-04-26 04:09:05', 1, 1),
	(4, 'Chamarra', '2025-04-26 03:52:26', '2025-04-26 04:09:08', 1, 1),
	(5, 'Tank Top', '2025-04-26 03:52:40', '2025-04-26 04:09:11', 1, 1),
	(6, 'Bandana', '2025-04-26 04:02:34', '2025-04-26 04:02:34', 0, 1),
	(7, 'Portanumero', '2025-04-26 04:03:07', '2025-04-26 04:03:07', 0, 1),
	(8, 'Cinta Sublimada', '2025-04-26 04:04:21', '2025-04-26 06:33:49', 0, 1),
	(9, 'Portagafete', '2025-04-26 04:04:33', '2025-05-07 05:13:12', 0, 1),
	(10, 'Otras Cintas y Listones', '2025-04-26 04:08:16', '2025-05-07 03:45:20', 0, 1),
	(11, 'Pulseras', '2025-04-26 04:16:37', '2025-04-26 06:06:16', 0, 1),
	(12, 'Medallas y Fundicion Varios', '2025-04-26 04:18:39', '2025-04-26 06:01:18', 0, 1),
	(13, 'Gorras', '2025-04-26 04:19:19', '2025-04-26 04:19:19', 0, 1),
	(14, 'Morrales', '2025-04-26 04:20:03', '2025-04-26 05:56:42', 0, 1),
	(15, 'Tarjetas y Tags', '2025-04-26 04:21:17', '2025-05-07 03:41:39', 0, 1),
	(16, 'Numeros de Competidor', '2025-04-26 04:21:28', '2025-04-26 05:54:11', 0, 1),
	(17, 'Textil Cortado Varios', '2025-04-26 04:31:53', '2025-04-26 05:53:15', 0, 1);

-- Volcando datos para la tabla mtiadmin_portal.categoria_caracteristica: ~41 rows (aproximadamente)
INSERT INTO `categoria_caracteristica` (`id`, `categoria_id`, `caracteristica_id`, `created_at`, `updated_at`) VALUES
	(1, 17, 1, NULL, NULL),
	(2, 16, 4, NULL, NULL),
	(3, 14, 1, NULL, NULL),
	(4, 14, 17, NULL, NULL),
	(5, 12, 5, NULL, NULL),
	(6, 12, 12, NULL, NULL),
	(7, 12, 15, NULL, NULL),
	(8, 11, 2, NULL, NULL),
	(9, 11, 3, NULL, NULL),
	(10, 11, 5, NULL, NULL),
	(11, 11, 10, NULL, NULL),
	(12, 11, 11, NULL, NULL),
	(13, 8, 2, NULL, NULL),
	(14, 8, 3, NULL, NULL),
	(15, 8, 5, NULL, NULL),
	(16, 8, 19, NULL, NULL),
	(17, 8, 20, NULL, NULL),
	(18, 15, 18, NULL, NULL),
	(19, 15, 3, NULL, NULL),
	(20, 10, 3, NULL, NULL),
	(21, 10, 4, NULL, NULL),
	(22, 10, 5, NULL, NULL),
	(23, 10, 19, NULL, NULL),
	(24, 9, 2, NULL, NULL),
	(25, 9, 3, NULL, NULL),
	(26, 9, 5, NULL, NULL),
	(27, 9, 7, NULL, NULL),
	(28, 9, 8, NULL, NULL),
	(29, 9, 9, NULL, NULL),
	(30, 9, 10, NULL, NULL),
	(31, 9, 13, NULL, NULL),
	(32, 9, 14, NULL, NULL),
	(33, 1, 1, NULL, NULL),
	(34, 9, 11, NULL, NULL),
	(35, 9, 22, NULL, NULL),
	(36, 9, 23, NULL, NULL),
	(37, 1, 21, NULL, NULL),
	(38, 9, 24, NULL, NULL),
	(39, 9, 25, NULL, NULL),
	(40, 9, 26, NULL, NULL),
	(41, 9, 27, NULL, NULL);

-- Volcando datos para la tabla mtiadmin_portal.categoria_producto: ~0 rows (aproximadamente)

-- Volcando datos para la tabla mtiadmin_portal.ciudades: ~24 rows (aproximadamente)
INSERT INTO `ciudades` (`id`, `estado_id`, `nombre`, `created_at`, `updated_at`) VALUES
	(1, 1, 'Álvaro Obregón', '2025-06-10 03:24:27', '2025-06-10 03:24:27'),
	(2, 1, 'Coyoacán', '2025-06-10 03:24:27', '2025-06-10 03:24:27'),
	(3, 1, 'Tlalpan', '2025-06-10 03:24:27', '2025-06-10 03:24:27'),
	(4, 2, 'Guadalajara', '2025-06-10 03:24:27', '2025-06-10 03:24:27'),
	(5, 2, 'Zapopan', '2025-06-10 03:24:27', '2025-06-10 03:24:27'),
	(6, 2, 'Tlaquepaque', '2025-06-10 03:24:27', '2025-06-10 03:24:27'),
	(7, 3, 'Monterrey', '2025-06-10 03:24:27', '2025-06-10 03:24:27'),
	(8, 3, 'San Pedro Garza García', '2025-06-10 03:24:27', '2025-06-10 03:24:27'),
	(9, 3, 'Guadalupe', '2025-06-10 03:24:27', '2025-06-10 03:24:27'),
	(10, 4, 'Mérida', '2025-06-10 03:24:27', '2025-06-10 03:24:27'),
	(11, 4, 'Valladolid', '2025-06-10 03:24:27', '2025-06-10 03:24:27'),
	(12, 4, 'Progreso', '2025-06-10 03:24:27', '2025-06-10 03:24:27'),
	(13, 5, 'Los Ángeles', '2025-06-10 03:24:27', '2025-06-10 03:24:27'),
	(14, 5, 'San Francisco', '2025-06-10 03:24:27', '2025-06-10 03:24:27'),
	(15, 5, 'San Diego', '2025-06-10 03:24:27', '2025-06-10 03:24:27'),
	(16, 6, 'Houston', '2025-06-10 03:24:27', '2025-06-10 03:24:27'),
	(17, 6, 'Dallas', '2025-06-10 03:24:27', '2025-06-10 03:24:27'),
	(18, 6, 'Austin', '2025-06-10 03:24:27', '2025-06-10 03:24:27'),
	(19, 7, 'Nueva York', '2025-06-10 03:24:27', '2025-06-10 03:24:27'),
	(20, 7, 'Buffalo', '2025-06-10 03:24:27', '2025-06-10 03:24:27'),
	(21, 7, 'Rochester', '2025-06-10 03:24:27', '2025-06-10 03:24:27'),
	(22, 8, 'Miami', '2025-06-10 03:24:27', '2025-06-10 03:24:27'),
	(23, 8, 'Orlando', '2025-06-10 03:24:27', '2025-06-10 03:24:27'),
	(24, 8, 'Tampa', '2025-06-10 03:24:27', '2025-06-10 03:24:27');

-- Volcando datos para la tabla mtiadmin_portal.ciudades_tipo_envio: ~120 rows (aproximadamente)
INSERT INTO `ciudades_tipo_envio` (`id`, `ciudad_id`, `tipo_envio_id`, `created_at`, `updated_at`) VALUES
	(1, 1, 1, '2025-06-10 03:24:27', '2025-06-10 03:24:27'),
	(2, 1, 2, '2025-06-10 03:24:27', '2025-06-10 03:24:27'),
	(3, 1, 3, '2025-06-10 03:24:27', '2025-06-10 03:24:27'),
	(4, 1, 4, '2025-06-10 03:24:27', '2025-06-10 03:24:27'),
	(5, 1, 5, '2025-06-10 03:24:27', '2025-06-10 03:24:27'),
	(6, 2, 1, '2025-06-10 03:24:27', '2025-06-10 03:24:27'),
	(7, 2, 2, '2025-06-10 03:24:27', '2025-06-10 03:24:27'),
	(8, 2, 3, '2025-06-10 03:24:27', '2025-06-10 03:24:27'),
	(9, 2, 4, '2025-06-10 03:24:27', '2025-06-10 03:24:27'),
	(10, 2, 5, '2025-06-10 03:24:27', '2025-06-10 03:24:27'),
	(11, 3, 1, '2025-06-10 03:24:27', '2025-06-10 03:24:27'),
	(12, 3, 2, '2025-06-10 03:24:27', '2025-06-10 03:24:27'),
	(13, 3, 3, '2025-06-10 03:24:27', '2025-06-10 03:24:27'),
	(14, 3, 4, '2025-06-10 03:24:27', '2025-06-10 03:24:27'),
	(15, 3, 5, '2025-06-10 03:24:27', '2025-06-10 03:24:27'),
	(16, 4, 1, '2025-06-10 03:24:27', '2025-06-10 03:24:27'),
	(17, 4, 2, '2025-06-10 03:24:27', '2025-06-10 03:24:27'),
	(18, 4, 3, '2025-06-10 03:24:27', '2025-06-10 03:24:27'),
	(19, 4, 4, '2025-06-10 03:24:27', '2025-06-10 03:24:27'),
	(20, 4, 5, '2025-06-10 03:24:27', '2025-06-10 03:24:27'),
	(21, 5, 1, '2025-06-10 03:24:27', '2025-06-10 03:24:27'),
	(22, 5, 2, '2025-06-10 03:24:27', '2025-06-10 03:24:27'),
	(23, 5, 3, '2025-06-10 03:24:27', '2025-06-10 03:24:27'),
	(24, 5, 4, '2025-06-10 03:24:27', '2025-06-10 03:24:27'),
	(25, 5, 5, '2025-06-10 03:24:27', '2025-06-10 03:24:27'),
	(26, 6, 1, '2025-06-10 03:24:27', '2025-06-10 03:24:27'),
	(27, 6, 2, '2025-06-10 03:24:27', '2025-06-10 03:24:27'),
	(28, 6, 3, '2025-06-10 03:24:27', '2025-06-10 03:24:27'),
	(29, 6, 4, '2025-06-10 03:24:27', '2025-06-10 03:24:27'),
	(30, 6, 5, '2025-06-10 03:24:27', '2025-06-10 03:24:27'),
	(31, 7, 1, '2025-06-10 03:24:27', '2025-06-10 03:24:27'),
	(32, 7, 2, '2025-06-10 03:24:27', '2025-06-10 03:24:27'),
	(33, 7, 3, '2025-06-10 03:24:27', '2025-06-10 03:24:27'),
	(34, 7, 4, '2025-06-10 03:24:27', '2025-06-10 03:24:27'),
	(35, 7, 5, '2025-06-10 03:24:27', '2025-06-10 03:24:27'),
	(36, 8, 1, '2025-06-10 03:24:27', '2025-06-10 03:24:27'),
	(37, 8, 2, '2025-06-10 03:24:27', '2025-06-10 03:24:27'),
	(38, 8, 3, '2025-06-10 03:24:27', '2025-06-10 03:24:27'),
	(39, 8, 4, '2025-06-10 03:24:27', '2025-06-10 03:24:27'),
	(40, 8, 5, '2025-06-10 03:24:27', '2025-06-10 03:24:27'),
	(41, 9, 1, '2025-06-10 03:24:27', '2025-06-10 03:24:27'),
	(42, 9, 2, '2025-06-10 03:24:27', '2025-06-10 03:24:27'),
	(43, 9, 3, '2025-06-10 03:24:27', '2025-06-10 03:24:27'),
	(44, 9, 4, '2025-06-10 03:24:27', '2025-06-10 03:24:27'),
	(45, 9, 5, '2025-06-10 03:24:27', '2025-06-10 03:24:27'),
	(46, 10, 1, '2025-06-10 03:24:27', '2025-06-10 03:24:27'),
	(47, 10, 2, '2025-06-10 03:24:27', '2025-06-10 03:24:27'),
	(48, 10, 3, '2025-06-10 03:24:27', '2025-06-10 03:24:27'),
	(49, 10, 4, '2025-06-10 03:24:27', '2025-06-10 03:24:27'),
	(50, 10, 5, '2025-06-10 03:24:27', '2025-06-10 03:24:27'),
	(51, 11, 1, '2025-06-10 03:24:27', '2025-06-10 03:24:27'),
	(52, 11, 2, '2025-06-10 03:24:27', '2025-06-10 03:24:27'),
	(53, 11, 3, '2025-06-10 03:24:27', '2025-06-10 03:24:27'),
	(54, 11, 4, '2025-06-10 03:24:27', '2025-06-10 03:24:27'),
	(55, 11, 5, '2025-06-10 03:24:27', '2025-06-10 03:24:27'),
	(56, 12, 1, '2025-06-10 03:24:27', '2025-06-10 03:24:27'),
	(57, 12, 2, '2025-06-10 03:24:27', '2025-06-10 03:24:27'),
	(58, 12, 3, '2025-06-10 03:24:27', '2025-06-10 03:24:27'),
	(59, 12, 4, '2025-06-10 03:24:27', '2025-06-10 03:24:27'),
	(60, 12, 5, '2025-06-10 03:24:27', '2025-06-10 03:24:27'),
	(61, 13, 1, '2025-06-10 03:24:27', '2025-06-10 03:24:27'),
	(62, 13, 2, '2025-06-10 03:24:27', '2025-06-10 03:24:27'),
	(63, 13, 3, '2025-06-10 03:24:27', '2025-06-10 03:24:27'),
	(64, 13, 4, '2025-06-10 03:24:27', '2025-06-10 03:24:27'),
	(65, 13, 5, '2025-06-10 03:24:27', '2025-06-10 03:24:27'),
	(66, 14, 1, '2025-06-10 03:24:27', '2025-06-10 03:24:27'),
	(67, 14, 2, '2025-06-10 03:24:27', '2025-06-10 03:24:27'),
	(68, 14, 3, '2025-06-10 03:24:27', '2025-06-10 03:24:27'),
	(69, 14, 4, '2025-06-10 03:24:27', '2025-06-10 03:24:27'),
	(70, 14, 5, '2025-06-10 03:24:27', '2025-06-10 03:24:27'),
	(71, 15, 1, '2025-06-10 03:24:27', '2025-06-10 03:24:27'),
	(72, 15, 2, '2025-06-10 03:24:27', '2025-06-10 03:24:27'),
	(73, 15, 3, '2025-06-10 03:24:27', '2025-06-10 03:24:27'),
	(74, 15, 4, '2025-06-10 03:24:27', '2025-06-10 03:24:27'),
	(75, 15, 5, '2025-06-10 03:24:27', '2025-06-10 03:24:27'),
	(76, 16, 1, '2025-06-10 03:24:27', '2025-06-10 03:24:27'),
	(77, 16, 2, '2025-06-10 03:24:27', '2025-06-10 03:24:27'),
	(78, 16, 3, '2025-06-10 03:24:27', '2025-06-10 03:24:27'),
	(79, 16, 4, '2025-06-10 03:24:27', '2025-06-10 03:24:27'),
	(80, 16, 5, '2025-06-10 03:24:27', '2025-06-10 03:24:27'),
	(81, 17, 1, '2025-06-10 03:24:27', '2025-06-10 03:24:27'),
	(82, 17, 2, '2025-06-10 03:24:27', '2025-06-10 03:24:27'),
	(83, 17, 3, '2025-06-10 03:24:27', '2025-06-10 03:24:27'),
	(84, 17, 4, '2025-06-10 03:24:27', '2025-06-10 03:24:27'),
	(85, 17, 5, '2025-06-10 03:24:27', '2025-06-10 03:24:27'),
	(86, 18, 1, '2025-06-10 03:24:27', '2025-06-10 03:24:27'),
	(87, 18, 2, '2025-06-10 03:24:27', '2025-06-10 03:24:27'),
	(88, 18, 3, '2025-06-10 03:24:27', '2025-06-10 03:24:27'),
	(89, 18, 4, '2025-06-10 03:24:27', '2025-06-10 03:24:27'),
	(90, 18, 5, '2025-06-10 03:24:27', '2025-06-10 03:24:27'),
	(91, 19, 1, '2025-06-10 03:24:27', '2025-06-10 03:24:27'),
	(92, 19, 2, '2025-06-10 03:24:27', '2025-06-10 03:24:27'),
	(93, 19, 3, '2025-06-10 03:24:27', '2025-06-10 03:24:27'),
	(94, 19, 4, '2025-06-10 03:24:27', '2025-06-10 03:24:27'),
	(95, 19, 5, '2025-06-10 03:24:27', '2025-06-10 03:24:27'),
	(96, 20, 1, '2025-06-10 03:24:27', '2025-06-10 03:24:27'),
	(97, 20, 2, '2025-06-10 03:24:27', '2025-06-10 03:24:27'),
	(98, 20, 3, '2025-06-10 03:24:27', '2025-06-10 03:24:27'),
	(99, 20, 4, '2025-06-10 03:24:27', '2025-06-10 03:24:27'),
	(100, 20, 5, '2025-06-10 03:24:27', '2025-06-10 03:24:27'),
	(101, 21, 1, '2025-06-10 03:24:27', '2025-06-10 03:24:27'),
	(102, 21, 2, '2025-06-10 03:24:27', '2025-06-10 03:24:27'),
	(103, 21, 3, '2025-06-10 03:24:27', '2025-06-10 03:24:27'),
	(104, 21, 4, '2025-06-10 03:24:27', '2025-06-10 03:24:27'),
	(105, 21, 5, '2025-06-10 03:24:27', '2025-06-10 03:24:27'),
	(106, 22, 1, '2025-06-10 03:24:27', '2025-06-10 03:24:27'),
	(107, 22, 2, '2025-06-10 03:24:27', '2025-06-10 03:24:27'),
	(108, 22, 3, '2025-06-10 03:24:27', '2025-06-10 03:24:27'),
	(109, 22, 4, '2025-06-10 03:24:27', '2025-06-10 03:24:27'),
	(110, 22, 5, '2025-06-10 03:24:27', '2025-06-10 03:24:27'),
	(111, 23, 1, '2025-06-10 03:24:27', '2025-06-10 03:24:27'),
	(112, 23, 2, '2025-06-10 03:24:27', '2025-06-10 03:24:27'),
	(113, 23, 3, '2025-06-10 03:24:27', '2025-06-10 03:24:27'),
	(114, 23, 4, '2025-06-10 03:24:27', '2025-06-10 03:24:27'),
	(115, 23, 5, '2025-06-10 03:24:27', '2025-06-10 03:24:27'),
	(116, 24, 1, '2025-06-10 03:24:27', '2025-06-10 03:24:27'),
	(117, 24, 2, '2025-06-10 03:24:27', '2025-06-10 03:24:27'),
	(118, 24, 3, '2025-06-10 03:24:27', '2025-06-10 03:24:27'),
	(119, 24, 4, '2025-06-10 03:24:27', '2025-06-10 03:24:27'),
	(120, 24, 5, '2025-06-10 03:24:27', '2025-06-10 03:24:27');

-- Volcando datos para la tabla mtiadmin_portal.clientes: ~0 rows (aproximadamente)

-- Volcando datos para la tabla mtiadmin_portal.direcciones_entrega: ~0 rows (aproximadamente)

-- Volcando datos para la tabla mtiadmin_portal.direcciones_fiscales: ~0 rows (aproximadamente)

-- Volcando datos para la tabla mtiadmin_portal.empresas: ~0 rows (aproximadamente)

-- Volcando datos para la tabla mtiadmin_portal.estados: ~8 rows (aproximadamente)
INSERT INTO `estados` (`id`, `pais_id`, `nombre`, `created_at`, `updated_at`) VALUES
	(1, 1, 'Ciudad de México', '2025-06-10 03:24:27', '2025-06-10 03:24:27'),
	(2, 1, 'Jalisco', '2025-06-10 03:24:27', '2025-06-10 03:24:27'),
	(3, 1, 'Nuevo León', '2025-06-10 03:24:27', '2025-06-10 03:24:27'),
	(4, 1, 'Yucatán', '2025-06-10 03:24:27', '2025-06-10 03:24:27'),
	(5, 2, 'California', '2025-06-10 03:24:27', '2025-06-10 03:24:27'),
	(6, 2, 'Texas', '2025-06-10 03:24:27', '2025-06-10 03:24:27'),
	(7, 2, 'Nueva York', '2025-06-10 03:24:27', '2025-06-10 03:24:27'),
	(8, 2, 'Florida', '2025-06-10 03:24:27', '2025-06-10 03:24:27');

-- Volcando datos para la tabla mtiadmin_portal.estados_pedido: ~9 rows (aproximadamente)
INSERT INTO `estados_pedido` (`id`, `nombre`, `slug`, `orden`, `color`, `ind_activo`, `created_at`, `updated_at`) VALUES
	(1, 'POR APROBAR', 'por-aprobar', 10, 'bg-yellow-400 text-black', 1, NULL, NULL),
	(2, 'POR PROGRAMAR', 'por-programar', 20, 'bg-amber-400 text-black', 1, NULL, NULL),
	(3, 'APROBADO', 'aprobado', 30, 'bg-green-600 text-white', 1, NULL, NULL),
	(4, 'EN PRODUCCION', 'en-produccion', 40, 'bg-orange-500 text-white', 1, NULL, NULL),
	(5, 'LISTO PARA ENTREGAR', 'listo-para-entregar', 50, 'bg-cyan-500 text-white', 1, NULL, NULL),
	(6, 'ENTREGADO', 'entregado', 60, 'bg-emerald-600 text-white', 1, NULL, NULL),
	(7, 'RECHAZADO', 'rechazado', 70, 'bg-red-600 text-white', 1, NULL, NULL),
	(8, 'ARCHIVADO', 'archivado', 80, 'bg-gray-500 text-white', 1, NULL, NULL),
	(9, 'RECONFIGURAR', 'reconfigurar', 90, 'bg-purple-600 text-white', 1, NULL, NULL);

-- Volcando datos para la tabla mtiadmin_portal.failed_jobs: ~0 rows (aproximadamente)

-- Volcando datos para la tabla mtiadmin_portal.filtros_produccion: ~1 rows (aproximadamente)
INSERT INTO `filtros_produccion` (`id`, `nombre`, `slug`, `descripcion`, `created_by`, `visible`, `orden`, `config`, `created_at`, `updated_at`) VALUES
	(1, 'Todos', 'todos', 'todos', NULL, 1, 1, NULL, '2025-10-09 17:33:06', '2025-10-09 17:33:06');

-- Volcando datos para la tabla mtiadmin_portal.filtro_produccion_caracteristicas: ~0 rows (aproximadamente)

-- Volcando datos para la tabla mtiadmin_portal.filtro_produccion_productos: ~14 rows (aproximadamente)
INSERT INTO `filtro_produccion_productos` (`id`, `filtro_produccion_id`, `producto_id`, `created_at`, `updated_at`) VALUES
	(1, 1, 2, '2025-10-09 17:33:06', '2025-10-09 17:33:06'),
	(2, 1, 3, '2025-10-09 17:33:06', '2025-10-09 17:33:06'),
	(3, 1, 13, '2025-10-09 17:33:06', '2025-10-09 17:33:06'),
	(4, 1, 4, '2025-10-09 17:33:06', '2025-10-09 17:33:06'),
	(5, 1, 8, '2025-10-09 17:33:06', '2025-10-09 17:33:06'),
	(6, 1, 12, '2025-10-09 17:33:06', '2025-10-09 17:33:06'),
	(7, 1, 10, '2025-10-09 17:33:06', '2025-10-09 17:33:06'),
	(8, 1, 9, '2025-10-09 17:33:06', '2025-10-09 17:33:06'),
	(9, 1, 6, '2025-10-09 17:33:06', '2025-10-09 17:33:06'),
	(10, 1, 7, '2025-10-09 17:33:06', '2025-10-09 17:33:06'),
	(11, 1, 14, '2025-10-09 17:33:06', '2025-10-09 17:33:06'),
	(12, 1, 5, '2025-10-09 17:33:06', '2025-10-09 17:33:06'),
	(13, 1, 11, '2025-10-09 17:33:06', '2025-10-09 17:33:06'),
	(14, 1, 1, '2025-10-09 17:33:06', '2025-10-09 17:33:06');

-- Volcando datos para la tabla mtiadmin_portal.flujos_produccion: ~0 rows (aproximadamente)

-- Volcando datos para la tabla mtiadmin_portal.grupos_orden: ~10 rows (aproximadamente)
INSERT INTO `grupos_orden` (`id`, `nombre`, `created_at`, `updated_at`) VALUES
	(1, 'Preproyecto', '2025-05-16 00:36:50', '2025-05-16 00:36:50'),
	(2, 'Test', '2025-05-16 01:36:36', '2025-05-16 01:36:36'),
	(3, 'DashboardCliente', '2025-05-16 04:15:13', '2025-05-16 04:15:13'),
	(4, 'AsideNav', '2025-05-16 05:28:02', '2025-05-16 05:28:02'),
	(5, 'Admin', '2025-05-19 23:52:21', '2025-05-19 23:52:21'),
	(6, 'vistaproyecto', '2025-05-20 01:03:39', '2025-05-20 01:03:39'),
	(7, 'VistaProyectoCliente', '2025-05-20 23:35:20', '2025-05-20 23:35:20'),
	(8, 'VistaProyectoDiseñador', '2025-05-21 01:03:46', '2025-05-21 01:03:46'),
	(9, 'JefeDiseñador', '2025-05-21 05:13:55', '2025-05-21 05:13:55'),
	(10, 'Diseñador', '2025-05-22 03:41:15', '2025-05-22 03:41:15');

-- Volcando datos para la tabla mtiadmin_portal.grupos_tallas: ~2 rows (aproximadamente)
INSERT INTO `grupos_tallas` (`id`, `nombre`, `created_at`, `updated_at`, `ind_activo`) VALUES
	(1, 'Hombre', '2025-05-07 04:38:48', '2025-05-07 04:39:33', 1),
	(2, 'Mujer', '2025-05-07 04:39:52', '2025-05-07 04:39:52', 1);

-- Volcando datos para la tabla mtiadmin_portal.grupo_orden_permission: ~93 rows (aproximadamente)
INSERT INTO `grupo_orden_permission` (`id`, `grupo_orden_id`, `permission_id`, `orden`, `created_at`, `updated_at`) VALUES
	(12, 3, 14, 1, '2025-05-16 04:59:33', '2025-06-28 00:09:21'),
	(13, 3, 13, 2, '2025-05-16 04:59:33', '2025-06-28 00:09:21'),
	(16, 3, 15, 3, '2025-05-16 05:12:16', '2025-06-28 00:09:21'),
	(17, 4, 16, 1, '2025-05-16 06:09:55', '2025-05-16 06:09:55'),
	(18, 4, 17, 2, '2025-05-16 06:09:55', '2025-05-16 06:09:55'),
	(20, 4, 18, 4, '2025-05-16 06:09:55', '2025-05-16 06:09:55'),
	(21, 5, 16, 1, '2025-05-19 23:52:21', '2025-10-08 21:25:05'),
	(22, 5, 20, 2, '2025-05-19 23:52:21', '2025-10-08 21:25:05'),
	(23, 5, 6, 3, '2025-05-19 23:52:21', '2025-10-08 21:25:05'),
	(24, 5, 13, 4, '2025-05-19 23:52:21', '2025-10-08 21:25:05'),
	(25, 5, 4, 5, '2025-05-19 23:52:21', '2025-10-08 21:25:05'),
	(26, 5, 9, 6, '2025-05-19 23:52:21', '2025-10-08 21:25:05'),
	(27, 5, 12, 7, '2025-05-19 23:52:21', '2025-10-08 21:25:05'),
	(28, 5, 19, 8, '2025-05-19 23:52:21', '2025-10-08 21:25:05'),
	(29, 5, 18, 9, '2025-05-19 23:52:21', '2025-10-08 21:25:05'),
	(30, 5, 14, 10, '2025-05-19 23:52:21', '2025-10-08 21:25:05'),
	(31, 5, 5, 11, '2025-05-19 23:52:21', '2025-10-08 21:25:05'),
	(32, 5, 1, 12, '2025-05-19 23:52:21', '2025-10-08 21:25:05'),
	(33, 5, 8, 13, '2025-05-19 23:52:21', '2025-10-08 21:25:05'),
	(34, 5, 10, 14, '2025-05-19 23:52:21', '2025-10-08 21:25:05'),
	(35, 5, 17, 15, '2025-05-19 23:52:21', '2025-10-08 21:25:05'),
	(36, 5, 21, 16, '2025-05-19 23:52:21', '2025-10-08 21:25:05'),
	(37, 5, 15, 17, '2025-05-19 23:52:21', '2025-10-08 21:25:05'),
	(38, 5, 2, 18, '2025-05-19 23:52:21', '2025-10-08 21:25:05'),
	(39, 5, 7, 19, '2025-05-19 23:52:21', '2025-10-08 21:25:05'),
	(40, 5, 3, 20, '2025-05-19 23:52:21', '2025-10-08 21:25:05'),
	(41, 5, 11, 21, '2025-05-19 23:52:21', '2025-10-08 21:25:05'),
	(42, 6, 22, 1, '2025-05-20 01:04:28', '2025-05-20 06:32:38'),
	(43, 6, 23, 2, '2025-05-20 01:04:28', '2025-05-20 06:32:38'),
	(44, 6, 24, 3, '2025-05-20 01:04:28', '2025-05-20 06:32:38'),
	(48, 6, 29, 4, '2025-05-20 06:02:26', '2025-05-20 06:32:38'),
	(50, 7, 23, 2, '2025-05-20 23:35:20', '2025-06-18 00:00:24'),
	(52, 7, 29, 1, '2025-05-20 23:35:20', '2025-06-18 00:00:24'),
	(56, 7, 30, 3, '2025-05-21 01:09:34', '2025-06-18 00:00:24'),
	(57, 8, 16, 1, '2025-05-21 05:14:08', '2025-05-21 06:46:56'),
	(58, 8, 19, 2, '2025-05-21 05:15:55', '2025-05-21 06:46:56'),
	(59, 8, 33, 3, '2025-05-21 06:11:26', '2025-05-21 06:46:56'),
	(60, 8, 32, 4, '2025-05-21 06:11:26', '2025-05-21 06:46:56'),
	(61, 5, 24, 22, '2025-05-22 00:01:33', '2025-10-08 21:25:05'),
	(62, 5, 27, 23, '2025-05-22 00:01:33', '2025-10-08 21:25:05'),
	(63, 5, 30, 24, '2025-05-22 00:01:33', '2025-10-08 21:25:05'),
	(64, 5, 25, 25, '2025-05-22 00:01:33', '2025-10-08 21:25:05'),
	(65, 5, 26, 26, '2025-05-22 00:01:33', '2025-10-08 21:25:05'),
	(66, 5, 28, 27, '2025-05-22 00:01:33', '2025-10-08 21:25:05'),
	(67, 5, 22, 28, '2025-05-22 00:01:33', '2025-10-08 21:25:05'),
	(68, 5, 33, 29, '2025-05-22 00:01:33', '2025-10-08 21:25:05'),
	(69, 5, 32, 30, '2025-05-22 00:01:33', '2025-10-08 21:25:05'),
	(70, 5, 29, 31, '2025-05-22 00:01:33', '2025-10-08 21:25:05'),
	(71, 5, 23, 32, '2025-05-22 00:01:33', '2025-10-08 21:25:05'),
	(72, 5, 31, 33, '2025-05-22 00:01:33', '2025-10-08 21:25:05'),
	(73, 10, 32, 1, '2025-05-22 03:41:15', '2025-06-19 22:02:38'),
	(75, 10, 19, 2, '2025-05-22 03:42:48', '2025-06-19 22:02:38'),
	(76, 10, 16, 3, '2025-05-22 04:32:05', '2025-06-19 22:02:38'),
	(77, 5, 35, 34, '2025-05-23 00:45:48', '2025-10-08 21:25:05'),
	(78, 5, 34, 35, '2025-05-23 02:32:25', '2025-10-08 21:25:05'),
	(79, 5, 36, 36, '2025-05-23 02:38:02', '2025-10-08 21:25:05'),
	(80, 3, 18, 4, '2025-05-23 03:36:26', '2025-06-28 00:09:21'),
	(81, 3, 17, 5, '2025-05-23 03:36:26', '2025-06-28 00:09:21'),
	(82, 3, 16, 6, '2025-05-23 03:36:26', '2025-06-28 00:09:21'),
	(83, 5, 37, 37, '2025-05-23 04:05:07', '2025-10-08 21:25:05'),
	(84, 5, 38, 38, '2025-05-23 04:15:25', '2025-10-08 21:25:05'),
	(85, 3, 30, 7, '2025-05-23 04:23:54', '2025-06-28 00:09:21'),
	(86, 3, 12, 8, '2025-05-23 04:26:30', '2025-06-28 00:09:21'),
	(87, 3, 29, 9, '2025-05-23 04:27:28', '2025-06-28 00:09:21'),
	(88, 3, 23, 10, '2025-05-23 04:27:45', '2025-06-28 00:09:21'),
	(89, 7, 40, 4, '2025-06-13 04:25:07', '2025-06-18 00:00:24'),
	(90, 7, 39, 5, '2025-06-13 04:25:07', '2025-06-18 00:00:24'),
	(91, 7, 41, 6, '2025-06-13 04:25:07', '2025-06-18 00:00:24'),
	(92, 5, 40, 39, '2025-06-13 04:31:44', '2025-10-08 21:25:05'),
	(93, 5, 39, 40, '2025-06-13 04:31:44', '2025-10-08 21:25:05'),
	(94, 5, 41, 41, '2025-06-13 04:31:44', '2025-10-08 21:25:05'),
	(95, 10, 42, 4, '2025-06-13 04:49:17', '2025-06-19 22:02:38'),
	(96, 5, 43, 42, '2025-06-13 04:58:49', '2025-10-08 21:25:05'),
	(97, 5, 42, 43, '2025-06-13 04:58:49', '2025-10-08 21:25:05'),
	(98, 3, 39, 11, '2025-06-17 23:19:53', '2025-06-28 00:09:21'),
	(99, 10, 44, 5, '2025-06-19 21:27:08', '2025-06-19 22:02:38'),
	(100, 5, 44, 44, '2025-06-19 21:54:10', '2025-10-08 21:25:06'),
	(101, 9, 32, 1, '2025-06-19 22:04:46', '2025-06-19 22:04:46'),
	(102, 9, 21, 2, '2025-06-19 22:04:46', '2025-06-19 22:04:46'),
	(103, 9, 16, 3, '2025-06-19 22:04:46', '2025-06-19 22:04:46'),
	(104, 9, 31, 4, '2025-06-19 22:04:46', '2025-06-19 22:04:46'),
	(105, 9, 44, 5, '2025-06-19 22:04:46', '2025-06-19 22:04:46'),
	(106, 5, 46, 45, '2025-06-26 20:37:22', '2025-10-08 21:25:06'),
	(107, 5, 45, 46, '2025-06-26 20:45:31', '2025-10-08 21:25:06'),
	(108, 3, 46, 12, '2025-06-26 20:45:40', '2025-06-28 00:09:21'),
	(109, 5, 52, 47, '2025-10-08 21:19:08', '2025-10-08 21:25:06'),
	(110, 5, 47, 48, '2025-10-08 21:19:08', '2025-10-08 21:25:06'),
	(111, 5, 48, 49, '2025-10-08 21:19:08', '2025-10-08 21:25:06'),
	(112, 5, 50, 50, '2025-10-08 21:19:08', '2025-10-08 21:25:06'),
	(113, 5, 54, 51, '2025-10-08 21:19:08', '2025-10-08 21:25:06'),
	(114, 5, 51, 52, '2025-10-08 21:19:08', '2025-10-08 21:25:06'),
	(115, 5, 49, 53, '2025-10-08 21:19:08', '2025-10-08 21:25:06'),
	(116, 5, 53, 54, '2025-10-08 21:19:08', '2025-10-08 21:25:06');

-- Volcando datos para la tabla mtiadmin_portal.grupo_tallas_detalle: ~13 rows (aproximadamente)
INSERT INTO `grupo_tallas_detalle` (`id`, `grupo_talla_id`, `talla_id`, `created_at`, `updated_at`) VALUES
	(7, 1, 1, NULL, NULL),
	(8, 1, 2, NULL, NULL),
	(9, 1, 3, NULL, NULL),
	(10, 1, 4, NULL, NULL),
	(11, 1, 5, NULL, NULL),
	(12, 1, 6, NULL, NULL),
	(13, 1, 7, NULL, NULL),
	(14, 2, 1, NULL, NULL),
	(15, 2, 2, NULL, NULL),
	(16, 2, 3, NULL, NULL),
	(17, 2, 4, NULL, NULL),
	(18, 2, 5, NULL, NULL),
	(19, 2, 6, NULL, NULL);

-- Volcando datos para la tabla mtiadmin_portal.hojas_filtros_produccion: ~1 rows (aproximadamente)
INSERT INTO `hojas_filtros_produccion` (`id`, `nombre`, `slug`, `descripcion`, `role_id`, `estados_permitidos`, `estados_diseno_permitidos`, `base_columnas`, `menu_config`, `visible`, `orden`, `created_at`, `updated_at`) VALUES
	(1, 'Todos', 'todos', 'Hoja con todos los pedidos ', NULL, '[]', '[]', '[{"key": "id", "fixed": true, "label": "ID", "orden": 1, "visible": true}, {"key": "proyecto", "fixed": false, "label": "Proyecto", "orden": 2, "visible": true}, {"key": "cliente", "fixed": false, "label": "Cliente", "orden": 3, "visible": true}, {"key": "producto", "fixed": false, "label": "Producto", "orden": 4, "visible": true}, {"key": "total", "fixed": false, "label": "Total", "orden": 5, "visible": true}, {"key": "estado", "fixed": false, "label": "Estado", "orden": 6, "visible": true}, {"key": "estado_disenio", "fixed": false, "label": "Estado Diseño", "orden": 7, "visible": true}, {"key": "fecha_produccion", "fixed": false, "label": "F. Producción", "orden": 8, "visible": true}, {"key": "fecha_embarque", "fixed": false, "label": "F. Embarque", "orden": 9, "visible": true}, {"key": "fecha_entrega", "fixed": false, "label": "F. Entrega", "orden": 10, "visible": true}]', '{"icono": "", "orden": "1", "activo": true, "etiqueta": "", "ubicaciones": ["produccion", "pedidos", "envios", "facturacion", "entregas", "diseño"]}', 1, 1, '2025-10-08 21:49:02', '2025-10-09 17:54:47');

-- Volcando datos para la tabla mtiadmin_portal.hoja_filtro_produccion: ~0 rows (aproximadamente)

-- Volcando datos para la tabla mtiadmin_portal.layouts: ~0 rows (aproximadamente)

-- Volcando datos para la tabla mtiadmin_portal.layout_elementos: ~0 rows (aproximadamente)

-- Volcando datos para la tabla mtiadmin_portal.migrations: ~317 rows (aproximadamente)
INSERT INTO `migrations` (`id`, `migration`, `batch`) VALUES
	(1, '0000_00_00_000000_create_websockets_statistics_entries_table', 1),
	(2, '2013_12_05_003039_create_permission_tables', 1),
	(3, '2014_10_12_000000_create_users_table', 1),
	(4, '2014_10_12_100000_create_password_reset_tokens_table', 1),
	(5, '2019_08_19_000000_create_failed_jobs_table', 1),
	(6, '2019_12_14_000001_create_personal_access_tokens_table', 1),
	(7, '2024_12_09_183955_add_role_id_to_users_table', 1),
	(8, '2024_12_13_211123_create_categorias_table', 1),
	(9, '2024_12_13_211144_create_productos_table', 1),
	(10, '2024_12_13_211250_create_caracteristicas_table', 1),
	(11, '2024_12_13_211339_create_opciones_table', 1),
	(12, '2024_12_18_225845_create_clientes_table', 1),
	(13, '2024_12_18_225935_create_proveedores_table', 1),
	(14, '2024_12_18_231531_create_proyectos_table', 1),
	(15, '2024_12_18_231651_create_tareas_table', 1),
	(16, '2024_12_18_231652_create_pedido_table', 1),
	(17, '2024_12_18_233613_create_tallas_table', 1),
	(18, '2024_12_18_233732_create_pedido_tallas_table', 1),
	(19, '2024_12_18_234429_create_pedido_caracteristicas_table', 1),
	(20, '2024_12_18_234524_create_pedido_opciones_table', 1),
	(21, '2025_01_07_195750_create_chats_table', 1),
	(22, '2025_01_07_195826_create_mensajes_chat_table', 1),
	(23, '2025_01_07_233251_create_archivos_proyecto_table', 1),
	(24, '2025_01_17_163731_create_pre_proyectos_table', 1),
	(25, '2025_01_17_194537_create_proyecto_estados_table', 1),
	(26, '2025_01_17_195315_create_proyecto_referencias_table', 1),
	(27, '2025_01_17_210958_modify_pedido_add_pre', 1),
	(28, '2025_01_17_211530_modify_archivos_proyecto_add_pre', 1),
	(29, '2025_01_20_202849_create_paises_table', 1),
	(30, '2025_01_21_194214_create_estados_table', 1),
	(31, '2025_01_21_194236_create_ciudades_table', 1),
	(32, '2025_01_21_194349_create_tipo_envio_table', 1),
	(33, '2025_01_21_194411_create_ciudades_tipo_envio_table', 1),
	(34, '2025_01_22_222747_create_direcciones_fiscales_table', 1),
	(35, '2025_01_22_222820_create_direcciones_entrega_table', 1),
	(36, '2025_01_27_163644_create_categoria_producto_table', 1),
	(37, '2025_01_27_164133_create_producto_caracteristica_table', 1),
	(38, '2025_01_27_172946_create_caracteristica_opcion_table', 1),
	(39, '2025_02_25_160900_create_notifications_table', 1),
	(40, '2025_02_27_160642_add_categoria_id_to_productos_table', 1),
	(41, '2025_02_27_183236_add_flag_tallas_table', 1),
	(42, '2025_02_27_205901_add_name_id_contacto_direcciones_entrega_table', 1),
	(43, '2025_03_03_163637_add_ind_activo_categorias_table', 1),
	(44, '2025_03_03_181627_grupos_tallas_table', 1),
	(45, '2025_03_03_181722_grupo_tallas_detalle', 1),
	(46, '2025_03_03_182222_producto_grupo_talla_detalle', 1),
	(47, '2025_03_04_165806_create_categoria_caracteristica_table', 1),
	(48, '2025_03_04_234610_add_pedido_table', 1),
	(49, '2025_03_05_163008_pedido_estados', 1),
	(50, '2025_03_05_170344_modify_proyectos_table', 1),
	(51, '2025_03_13_232615_add_grupo_talla_id_to_pedido_tallas', 1),
	(52, '2025_03_14_180235_modify_cliente_id_and_add_user_id_to_pedido_table', 1),
	(53, '2025_03_14_211912_add_id_pedido_tallas_table', 1),
	(54, '2025_03_18_225731_add_cliente_id_to_pre_proyectos_table', 1),
	(55, '2025_03_18_233930_modify_usuario_id_in_proyectos_table', 1),
	(56, '2025_03_19_160433_modify_estado_in_proyectos_table', 1),
	(57, '2025_03_20_164204_add_proceso_status_to_proyectos_table', 1),
	(58, '2025_03_20_193555_add_rechazado_cancelado_status_to_tareas_table', 1),
	(59, '2025_03_20_231705_add_comentario_url_to_proyecto_estados_table', 1),
	(60, '2025_03_20_235020_add_disenio_flag_first_proceso_to_tareas_table', 1),
	(61, '2025_03_24_172359_add_tipo_to_mensajes_chat_table', 1),
	(62, '2025_03_25_182018_add_url_and_last_uploaded_file_id_to_pedido_table', 1),
	(63, '2025_03_31_164135_add_ind_activo_to_table_productos', 1),
	(64, '2025_03_31_165228_add_ind_activo_to_table_caracteristicas', 1),
	(65, '2025_03_31_165755_add_ind_activo_to_table_opciones', 1),
	(66, '2025_03_31_170727_add_ind_activo_to_table_tallas', 1),
	(67, '2025_03_31_205320_add_ind_activo_to_table_grupos_tallas', 1),
	(68, '2025_04_04_191754_add_flag_aprobar_sin_fechas_to_pedido_table', 1),
	(69, '2025_04_07_180239_add_tipo_to_tareas_table', 1),
	(70, '2025_04_11_122148_update_pasos_and_minutopaso_to_float_in_opciones_table', 1),
	(71, '2025_04_11_124736_add_total_minutos_and_total_pasos_to_pedido_table', 1),
	(72, '2025_04_11_170055_change_minutopaso_to_time_in_opciones_table', 1),
	(73, '2025_04_16_122134_add_flag_armado_to_producto_caracteristica_table', 1),
	(74, '2025_04_21_113305_add_flag_armado_proyecto_pedido', 1),
	(75, '2025_04_21_113914_add_flag_armado_preproyecto', 1),
	(76, '2025_04_22_133553_tareas_produccion', 1),
	(77, '2025_04_22_134554_create_pedido_tarea_table', 1),
	(78, '2025_04_29_162625_create_ordenes_produccion_table', 1),
	(79, '2025_04_29_162846_create_pedido_orden_produccion_table', 1),
	(80, '2025_04_29_162858_create_orden_corte_table', 1),
	(81, '2025_05_02_144315_create_layouts_table', 1),
	(82, '2025_05_02_144452_create_layout_elementos_table', 1),
	(83, '2025_05_05_155820_add_letra_to_layout_elementos_table', 1),
	(84, '2025_05_15_114352_create_grupos_orden_table', 1),
	(85, '2025_05_15_114451_create_grupo_orden_permission_table', 1),
	(86, '2025_05_27_151849_add_tipo_carga_to_archivos_proyecto_table', 1),
	(87, '2025_05_27_154643_add_flag_descarga_to_archivos_proyecto_table', 1),
	(88, '2025_05_28_131605_add_config_to_users_table', 1),
	(89, '2025_05_29_115832_add_user_can_sel_preproyectos_to_users_table', 1),
	(90, '2025_06_03_131351_create_empresas_table', 1),
	(91, '2025_06_03_131352_create_sucursales_table', 1),
	(92, '2025_06_03_131353_add_rol_empresa_sucursal_to_users_table', 1),
	(93, '2025_06_03_152200_create_sucursal_user_table', 1),
	(94, '2025_06_05_155410_add_subordinados_to_users_table', 1),
	(95, '2025_06_13_120944_alter_pedido_table_make_id_tipo_envio_nullable', 1),
	(96, '2025_06_24_105505_add_version_to_archivos_proyecto_table', 1),
	(97, '2025_07_07_163144_create_flujos_produccion_table', 1),
	(98, '2025_07_07_163154_add_flujo_id_to_ordenes_produccion_table', 1),
	(99, '2025_07_07_163230_create_orden_paso_table', 1),
	(100, '2025_07_07_165339_add_orden_paso_id_to_tareas_produccion_table', 1),
	(101, '2025_07_29_122258_flag_solicitud_aprobar_sin_fechas', 1),
	(102, '2025_08_01_132616_add_prioridad_to_oredenes_produccion', 1),
	(103, '2025_08_05_122700_add_flag_activo_to_odenes_produdccion', 1),
	(104, '2025_08_05_130130_create_usuario_staf_ordenes_produccion', 1),
	(105, '2025_08_08_135915_add_fact_desc_to_pedido_table', 1),
	(106, '2025_08_11_143907_add_estado_muestra_to_pedido_table', 1),
	(107, '2025_08_13_115156_add_comentario_to_pedido_estados_table', 1),
	(108, '2025_08_20_112720_add_estatus_entrega_muestra_to_pedidotable', 1),
	(109, '2025_08_20_121729_create_archivos_pedido_table', 1),
	(110, '2025_08_25_165328_filtros_produccion', 1),
	(111, '2025_08_25_170946_filtro_produccion_productos', 1),
	(112, '2025_08_25_171031_filtro_produccion_caracteristicas', 1),
	(113, '2025_08_29_103308_create_hojas_filtros_produccion_table', 1),
	(114, '2025_08_29_103345_create_create_hoja_filtro_produccion_table', 1),
	(115, '2025_09_05_110434_create_estados_pedido_table', 1),
	(116, '2025_09_05_112233_add_migrate_pedido_estado_enum_to_fk', 1),
	(117, '2025_09_17_123917_add_archivos_proyecto_flag_can_delete', 1),
	(118, '2025_09_22_155525_add_estados_diseno_to_hojas_filtros_produccion_table', 1),
	(119, '2025_10_06_142853_create_legacy_client_table', 1),
	(120, '2025_10_07_102129_create_legacy_project_table', 1),
	(232, '2025_04_22_133524_create_ordenes_produccion_table', 1),
	(283, '0000_00_00_000000_create_websockets_statistics_entries_table', 1),
	(284, '2013_12_05_003039_create_permission_tables', 1),
	(285, '2014_10_12_000000_create_users_table', 1),
	(286, '2014_10_12_100000_create_password_reset_tokens_table', 1),
	(287, '2019_08_19_000000_create_failed_jobs_table', 1),
	(288, '2019_12_14_000001_create_personal_access_tokens_table', 1),
	(289, '2024_12_09_183955_add_role_id_to_users_table', 1),
	(290, '2024_12_13_211123_create_categorias_table', 1),
	(291, '2024_12_13_211144_create_productos_table', 1),
	(292, '2024_12_13_211250_create_caracteristicas_table', 1),
	(293, '2024_12_13_211339_create_opciones_table', 1),
	(294, '2024_12_18_225845_create_clientes_table', 1),
	(295, '2024_12_18_225935_create_proveedores_table', 1),
	(296, '2024_12_18_231531_create_proyectos_table', 1),
	(297, '2024_12_18_231651_create_tareas_table', 1),
	(298, '2024_12_18_231652_create_pedido_table', 1),
	(299, '2024_12_18_233613_create_tallas_table', 1),
	(300, '2024_12_18_233732_create_pedido_tallas_table', 1),
	(301, '2024_12_18_234429_create_pedido_caracteristicas_table', 1),
	(302, '2024_12_18_234524_create_pedido_opciones_table', 1),
	(303, '2025_01_07_195750_create_chats_table', 1),
	(304, '2025_01_07_195826_create_mensajes_chat_table', 1),
	(305, '2025_01_07_233251_create_archivos_proyecto_table', 1),
	(306, '2025_01_17_163731_create_pre_proyectos_table', 1),
	(307, '2025_01_17_194537_create_proyecto_estados_table', 1),
	(308, '2025_01_17_195315_create_proyecto_referencias_table', 1),
	(309, '2025_01_17_210958_modify_pedido_add_pre', 1),
	(310, '2025_01_17_211530_modify_archivos_proyecto_add_pre', 1),
	(311, '2025_01_20_202849_create_paises_table', 1),
	(312, '2025_01_21_194214_create_estados_table', 1),
	(313, '2025_01_21_194236_create_ciudades_table', 1),
	(314, '2025_01_21_194349_create_tipo_envio_table', 1),
	(315, '2025_01_21_194411_create_ciudades_tipo_envio_table', 1),
	(316, '2025_01_22_222747_create_direcciones_fiscales_table', 1),
	(317, '2025_01_22_222820_create_direcciones_entrega_table', 1),
	(318, '2025_01_27_163644_create_categoria_producto_table', 1),
	(319, '2025_01_27_164133_create_producto_caracteristica_table', 1),
	(320, '2025_01_27_172946_create_caracteristica_opcion_table', 1),
	(321, '2025_02_25_160900_create_notifications_table', 1),
	(322, '2025_02_27_160642_add_categoria_id_to_productos_table', 1),
	(323, '2025_02_27_183236_add_flag_tallas_table', 1),
	(324, '2025_02_27_205901_add_name_id_contacto_direcciones_entrega_table', 1),
	(325, '2025_03_03_163637_add_ind_activo_categorias_table', 1),
	(326, '2025_03_03_181627_grupos_tallas_table', 1),
	(327, '2025_03_03_181722_grupo_tallas_detalle', 1),
	(328, '2025_03_03_182222_producto_grupo_talla_detalle', 1),
	(329, '2025_03_04_165806_create_categoria_caracteristica_table', 1),
	(330, '2025_03_04_234610_add_pedido_table', 1),
	(331, '2025_03_05_163008_pedido_estados', 1),
	(332, '2025_03_05_170344_modify_proyectos_table', 1),
	(333, '2025_03_13_232615_add_grupo_talla_id_to_pedido_tallas', 1),
	(334, '2025_03_14_180235_modify_cliente_id_and_add_user_id_to_pedido_table', 1),
	(335, '2025_03_14_211912_add_id_pedido_tallas_table', 1),
	(336, '2025_03_18_225731_add_cliente_id_to_pre_proyectos_table', 1),
	(337, '2025_03_18_233930_modify_usuario_id_in_proyectos_table', 1),
	(338, '2025_03_19_160433_modify_estado_in_proyectos_table', 1),
	(339, '2025_03_20_164204_add_proceso_status_to_proyectos_table', 1),
	(340, '2025_03_20_193555_add_rechazado_cancelado_status_to_tareas_table', 1),
	(341, '2025_03_20_231705_add_comentario_url_to_proyecto_estados_table', 1),
	(342, '2025_03_20_235020_add_disenio_flag_first_proceso_to_tareas_table', 1),
	(343, '2025_03_24_172359_add_tipo_to_mensajes_chat_table', 1),
	(344, '2025_03_25_182018_add_url_and_last_uploaded_file_id_to_pedido_table', 1),
	(345, '2025_03_31_164135_add_ind_activo_to_table_productos', 1),
	(346, '2025_03_31_165228_add_ind_activo_to_table_caracteristicas', 1),
	(347, '2025_03_31_165755_add_ind_activo_to_table_opciones', 1),
	(348, '2025_03_31_170727_add_ind_activo_to_table_tallas', 1),
	(349, '2025_03_31_205320_add_ind_activo_to_table_grupos_tallas', 1),
	(350, '2025_04_04_191754_add_flag_aprobar_sin_fechas_to_pedido_table', 1),
	(351, '2025_04_07_180239_add_tipo_to_tareas_table', 1),
	(352, '2025_04_11_122148_update_pasos_and_minutopaso_to_float_in_opciones_table', 1),
	(353, '2025_04_11_124736_add_total_minutos_and_total_pasos_to_pedido_table', 1),
	(354, '2025_04_11_170055_change_minutopaso_to_time_in_opciones_table', 1),
	(355, '2025_04_16_122134_add_flag_armado_to_producto_caracteristica_table', 1),
	(356, '2025_04_21_113305_add_flag_armado_proyecto_pedido', 1),
	(357, '2025_04_21_113914_add_flag_armado_preproyecto', 1),
	(358, '2025_04_22_133553_tareas_produccion', 1),
	(359, '2025_04_22_134554_create_pedido_tarea_table', 1),
	(360, '2025_04_29_162625_create_ordenes_produccion_table', 1),
	(361, '2025_04_29_162846_create_pedido_orden_produccion_table', 1),
	(362, '2025_04_29_162858_create_orden_corte_table', 1),
	(363, '2025_05_02_144315_create_layouts_table', 1),
	(364, '2025_05_02_144452_create_layout_elementos_table', 1),
	(365, '2025_05_05_155820_add_letra_to_layout_elementos_table', 1),
	(366, '2025_05_15_114352_create_grupos_orden_table', 1),
	(367, '2025_05_15_114451_create_grupo_orden_permission_table', 1),
	(368, '2025_05_27_151849_add_tipo_carga_to_archivos_proyecto_table', 1),
	(369, '2025_05_27_154643_add_flag_descarga_to_archivos_proyecto_table', 1),
	(370, '2025_05_28_131605_add_config_to_users_table', 1),
	(371, '2025_05_29_115832_add_user_can_sel_preproyectos_to_users_table', 1),
	(372, '2025_06_03_131351_create_empresas_table', 1),
	(373, '2025_06_03_131352_create_sucursales_table', 1),
	(374, '2025_06_03_131353_add_rol_empresa_sucursal_to_users_table', 1),
	(375, '2025_06_03_152200_create_sucursal_user_table', 1),
	(376, '2025_06_05_155410_add_subordinados_to_users_table', 1),
	(377, '2025_06_13_120944_alter_pedido_table_make_id_tipo_envio_nullable', 2),
	(911, '0000_00_00_000000_create_websockets_statistics_entries_table', 2),
	(912, '2013_12_05_003039_create_permission_tables', 2),
	(913, '2014_10_12_000000_create_users_table', 2),
	(914, '2014_10_12_100000_create_password_reset_tokens_table', 2),
	(915, '2019_08_19_000000_create_failed_jobs_table', 2),
	(916, '2019_12_14_000001_create_personal_access_tokens_table', 2),
	(917, '2024_12_09_183955_add_role_id_to_users_table', 2),
	(918, '2024_12_13_211123_create_categorias_table', 2),
	(919, '2024_12_13_211144_create_productos_table', 2),
	(920, '2024_12_13_211250_create_caracteristicas_table', 2),
	(921, '2024_12_13_211339_create_opciones_table', 2),
	(922, '2024_12_18_225845_create_clientes_table', 2),
	(923, '2024_12_18_225935_create_proveedores_table', 2),
	(924, '2024_12_18_231531_create_proyectos_table', 2),
	(925, '2024_12_18_231651_create_tareas_table', 2),
	(926, '2024_12_18_231652_create_pedido_table', 2),
	(927, '2024_12_18_233613_create_tallas_table', 2),
	(928, '2024_12_18_233732_create_pedido_tallas_table', 2),
	(929, '2024_12_18_234429_create_pedido_caracteristicas_table', 2),
	(930, '2024_12_18_234524_create_pedido_opciones_table', 2),
	(931, '2025_01_07_195750_create_chats_table', 2),
	(932, '2025_01_07_195826_create_mensajes_chat_table', 2),
	(933, '2025_01_07_233251_create_archivos_proyecto_table', 2),
	(934, '2025_01_17_163731_create_pre_proyectos_table', 2),
	(935, '2025_01_17_194537_create_proyecto_estados_table', 2),
	(936, '2025_01_17_195315_create_proyecto_referencias_table', 2),
	(937, '2025_01_17_210958_modify_pedido_add_pre', 2),
	(938, '2025_01_17_211530_modify_archivos_proyecto_add_pre', 2),
	(939, '2025_01_20_202849_create_paises_table', 2),
	(940, '2025_01_21_194214_create_estados_table', 2),
	(941, '2025_01_21_194236_create_ciudades_table', 2),
	(942, '2025_01_21_194349_create_tipo_envio_table', 2),
	(943, '2025_01_21_194411_create_ciudades_tipo_envio_table', 2),
	(944, '2025_01_22_222747_create_direcciones_fiscales_table', 2),
	(945, '2025_01_22_222820_create_direcciones_entrega_table', 2),
	(946, '2025_01_27_163644_create_categoria_producto_table', 2),
	(947, '2025_01_27_164133_create_producto_caracteristica_table', 2),
	(948, '2025_01_27_172946_create_caracteristica_opcion_table', 2),
	(949, '2025_02_25_160900_create_notifications_table', 2),
	(950, '2025_02_27_160642_add_categoria_id_to_productos_table', 2),
	(951, '2025_02_27_183236_add_flag_tallas_table', 2),
	(952, '2025_02_27_205901_add_name_id_contacto_direcciones_entrega_table', 2),
	(953, '2025_03_03_163637_add_ind_activo_categorias_table', 2),
	(954, '2025_03_03_181627_grupos_tallas_table', 2),
	(955, '2025_03_03_181722_grupo_tallas_detalle', 2),
	(956, '2025_03_03_182222_producto_grupo_talla_detalle', 2),
	(957, '2025_03_04_165806_create_categoria_caracteristica_table', 2),
	(958, '2025_03_04_234610_add_pedido_table', 2),
	(959, '2025_03_05_163008_pedido_estados', 2),
	(960, '2025_03_05_170344_modify_proyectos_table', 2),
	(961, '2025_03_13_232615_add_grupo_talla_id_to_pedido_tallas', 2),
	(962, '2025_03_14_180235_modify_cliente_id_and_add_user_id_to_pedido_table', 2),
	(963, '2025_03_14_211912_add_id_pedido_tallas_table', 2),
	(964, '2025_03_18_225731_add_cliente_id_to_pre_proyectos_table', 2),
	(965, '2025_03_18_233930_modify_usuario_id_in_proyectos_table', 2),
	(966, '2025_03_19_160433_modify_estado_in_proyectos_table', 2),
	(967, '2025_03_20_164204_add_proceso_status_to_proyectos_table', 2),
	(968, '2025_03_20_193555_add_rechazado_cancelado_status_to_tareas_table', 2),
	(969, '2025_03_20_231705_add_comentario_url_to_proyecto_estados_table', 2),
	(970, '2025_03_20_235020_add_disenio_flag_first_proceso_to_tareas_table', 2),
	(971, '2025_03_24_172359_add_tipo_to_mensajes_chat_table', 2),
	(972, '2025_03_25_182018_add_url_and_last_uploaded_file_id_to_pedido_table', 2),
	(973, '2025_03_31_164135_add_ind_activo_to_table_productos', 2),
	(974, '2025_03_31_165228_add_ind_activo_to_table_caracteristicas', 2),
	(975, '2025_03_31_165755_add_ind_activo_to_table_opciones', 2),
	(976, '2025_03_31_170727_add_ind_activo_to_table_tallas', 2),
	(977, '2025_03_31_205320_add_ind_activo_to_table_grupos_tallas', 2),
	(978, '2025_04_04_191754_add_flag_aprobar_sin_fechas_to_pedido_table', 2),
	(979, '2025_04_07_180239_add_tipo_to_tareas_table', 2),
	(980, '2025_04_11_122148_update_pasos_and_minutopaso_to_float_in_opciones_table', 2),
	(981, '2025_04_11_124736_add_total_minutos_and_total_pasos_to_pedido_table', 2),
	(982, '2025_04_11_170055_change_minutopaso_to_time_in_opciones_table', 2),
	(983, '2025_04_16_122134_add_flag_armado_to_producto_caracteristica_table', 2),
	(984, '2025_04_21_113305_add_flag_armado_proyecto_pedido', 2),
	(985, '2025_04_21_113914_add_flag_armado_preproyecto', 2),
	(986, '2025_04_22_133553_tareas_produccion', 2),
	(987, '2025_04_22_134554_create_pedido_tarea_table', 2),
	(988, '2025_04_29_162625_create_ordenes_produccion_table', 2),
	(989, '2025_04_29_162846_create_pedido_orden_produccion_table', 2),
	(990, '2025_04_29_162858_create_orden_corte_table', 2),
	(991, '2025_05_02_144315_create_layouts_table', 2),
	(992, '2025_05_02_144452_create_layout_elementos_table', 2),
	(993, '2025_05_05_155820_add_letra_to_layout_elementos_table', 2),
	(994, '2025_05_15_114352_create_grupos_orden_table', 2),
	(995, '2025_05_15_114451_create_grupo_orden_permission_table', 2),
	(996, '2025_05_27_151849_add_tipo_carga_to_archivos_proyecto_table', 2),
	(997, '2025_05_27_154643_add_flag_descarga_to_archivos_proyecto_table', 2),
	(998, '2025_05_28_131605_add_config_to_users_table', 2),
	(999, '2025_05_29_115832_add_user_can_sel_preproyectos_to_users_table', 2),
	(1000, '2025_06_03_131351_create_empresas_table', 2),
	(1001, '2025_06_03_131352_create_sucursales_table', 2),
	(1002, '2025_06_03_131353_add_rol_empresa_sucursal_to_users_table', 2),
	(1003, '2025_06_03_152200_create_sucursal_user_table', 2),
	(1004, '2025_06_05_155410_add_subordinados_to_users_table', 2),
	(1005, '2025_06_13_120944_alter_pedido_table_make_id_tipo_envio_nullable', 2),
	(1006, '2025_06_24_105505_add_version_to_archivos_proyecto_table', 3),
	(1007, '2025_07_07_163144_create_flujos_produccion_table', 4),
	(1008, '2025_07_07_163154_add_flujo_id_to_ordenes_produccion_table', 4),
	(1009, '2025_07_07_163230_create_orden_paso_table', 4),
	(1010, '2025_07_07_165339_add_orden_paso_id_to_tareas_produccion_table', 4),
	(1011, '2025_10_08_164422_add_menu_config_to_hojas_filtros_produccion', 5);

-- Volcando datos para la tabla mtiadmin_portal.model_has_permissions: ~0 rows (aproximadamente)

-- Volcando datos para la tabla mtiadmin_portal.model_has_roles: ~58 rows (aproximadamente)
INSERT INTO `model_has_roles` (`role_id`, `model_type`, `model_id`) VALUES
	(1, 'App\\Models\\User', 1),
	(1, 'App\\Models\\User', 2),
	(1, 'App\\Models\\User', 3),
	(1, 'App\\Models\\User', 4),
	(1, 'App\\Models\\User', 5),
	(2, 'App\\Models\\User', 6),
	(2, 'App\\Models\\User', 7),
	(3, 'App\\Models\\User', 8),
	(3, 'App\\Models\\User', 9),
	(4, 'App\\Models\\User', 10),
	(4, 'App\\Models\\User', 11),
	(5, 'App\\Models\\User', 12),
	(5, 'App\\Models\\User', 13),
	(6, 'App\\Models\\User', 14),
	(6, 'App\\Models\\User', 15),
	(7, 'App\\Models\\User', 16),
	(7, 'App\\Models\\User', 17),
	(8, 'App\\Models\\User', 18),
	(8, 'App\\Models\\User', 19),
	(9, 'App\\Models\\User', 20),
	(9, 'App\\Models\\User', 21),
	(8, 'App\\Models\\User', 32),
	(8, 'App\\Models\\User', 33),
	(9, 'App\\Models\\User', 34),
	(9, 'App\\Models\\User', 35),
	(9, 'App\\Models\\User', 36),
	(9, 'App\\Models\\User', 37),
	(9, 'App\\Models\\User', 38),
	(9, 'App\\Models\\User', 39),
	(9, 'App\\Models\\User', 40),
	(8, 'App\\Models\\User', 41),
	(9, 'App\\Models\\User', 42),
	(9, 'App\\Models\\User', 43),
	(9, 'App\\Models\\User', 44),
	(9, 'App\\Models\\User', 45),
	(9, 'App\\Models\\User', 46),
	(9, 'App\\Models\\User', 47),
	(8, 'App\\Models\\User', 48),
	(9, 'App\\Models\\User', 49),
	(9, 'App\\Models\\User', 50),
	(9, 'App\\Models\\User', 51),
	(9, 'App\\Models\\User', 52),
	(9, 'App\\Models\\User', 53),
	(9, 'App\\Models\\User', 54),
	(8, 'App\\Models\\User', 55),
	(9, 'App\\Models\\User', 56),
	(9, 'App\\Models\\User', 57),
	(9, 'App\\Models\\User', 58),
	(9, 'App\\Models\\User', 59),
	(9, 'App\\Models\\User', 60),
	(8, 'App\\Models\\User', 61),
	(9, 'App\\Models\\User', 62),
	(9, 'App\\Models\\User', 63),
	(9, 'App\\Models\\User', 64),
	(9, 'App\\Models\\User', 65),
	(9, 'App\\Models\\User', 66),
	(9, 'App\\Models\\User', 67),
	(1, 'App\\Models\\User', 9002);

-- Volcando datos para la tabla mtiadmin_portal.notifications: ~0 rows (aproximadamente)

-- Volcando datos para la tabla mtiadmin_portal.opciones: ~82 rows (aproximadamente)
INSERT INTO `opciones` (`id`, `nombre`, `pasos`, `minutoPaso`, `valoru`, `created_at`, `updated_at`, `ind_activo`) VALUES
	(1, 'No definida', 0.00, '00:00:00', 0.00, '2025-04-26 03:48:12', '2025-04-26 03:48:12', 1),
	(2, 'Bandola Economica', 0.00, '00:00:00', 0.00, '2025-04-26 04:48:12', '2025-04-26 04:48:12', 1),
	(3, 'Bandola Fundicion (Perico) Niquel', 0.00, '00:00:00', 0.00, '2025-04-26 04:52:08', '2025-04-26 04:52:27', 1),
	(4, 'Bandola Fundicion (Perico) Negra', 0.00, '00:00:00', 0.00, '2025-04-26 04:53:00', '2025-04-26 04:53:00', 1),
	(5, 'Bandola Caiman Niquel', 0.00, '00:00:00', 0.00, '2025-04-26 04:53:23', '2025-04-26 04:53:23', 1),
	(6, 'Bandola Caiman Negra', 0.00, '00:00:00', 0.00, '2025-04-26 04:53:44', '2025-04-26 04:53:44', 1),
	(7, 'Argolla Llavero', 0.00, '00:00:00', 0.00, '2025-04-26 04:55:35', '2025-04-26 04:55:35', 1),
	(8, 'Cuerda USB', 0.00, '00:00:00', 0.00, '2025-04-26 04:56:55', '2025-04-26 04:56:55', 1),
	(9, 'Corredera Plastica', 0.00, '00:00:00', 0.00, '2025-04-26 04:58:21', '2025-04-26 04:58:21', 1),
	(10, 'Yoyo de Clip', 0.00, '00:00:00', 0.00, '2025-04-26 04:59:42', '2025-04-26 04:59:42', 1),
	(11, 'Destapador', 0.00, '00:00:00', 0.00, '2025-04-26 05:00:26', '2025-04-26 05:00:26', 1),
	(12, 'Bandola Plastica', 0.00, '00:00:00', 0.00, '2025-04-26 05:01:19', '2025-04-26 05:01:19', 1),
	(13, 'Una Tinta', 0.00, '00:00:00', 0.00, '2025-04-26 05:02:58', '2025-04-26 05:02:58', 1),
	(14, 'Dos Tintas', 0.00, '00:00:00', 0.00, '2025-04-26 05:03:16', '2025-04-26 05:03:16', 1),
	(15, 'Tres Tintas', 0.00, '00:00:00', 0.00, '2025-04-26 05:03:27', '2025-04-26 05:03:27', 1),
	(16, 'Cuatro Tintas', 0.00, '00:00:00', 0.00, '2025-04-26 05:03:39', '2025-04-26 05:03:39', 1),
	(17, 'Cinco Tintas', 0.00, '00:00:00', 0.00, '2025-04-26 05:03:49', '2025-04-26 05:03:49', 1),
	(18, 'Seis tintas', 0.00, '00:00:00', 0.00, '2025-04-26 05:04:08', '2025-04-26 05:04:08', 1),
	(19, 'Antiguo', 0.00, '00:00:00', 0.00, '2025-04-26 05:04:30', '2025-04-26 05:04:30', 1),
	(20, 'Brillante', 0.00, '00:00:00', 0.00, '2025-04-26 05:04:43', '2025-04-26 05:04:43', 1),
	(21, 'Satinado', 0.00, '00:00:00', 0.00, '2025-04-26 05:04:54', '2025-04-26 05:04:54', 1),
	(22, 'Costura', 0.00, '00:00:00', 0.00, '2025-04-26 05:07:55', '2025-04-26 05:08:42', 1),
	(23, 'Grapa', 0.00, '00:00:00', 0.00, '2025-04-26 05:08:27', '2025-04-26 05:08:27', 1),
	(24, 'Costura con Dobladillo', 0.00, '00:00:00', 0.00, '2025-04-26 05:10:03', '2025-04-26 05:10:03', 1),
	(25, 'Pique', 0.00, '00:00:00', 0.00, '2025-04-26 05:10:18', '2025-04-26 05:10:18', 1),
	(26, 'Satinada', 0.00, '00:00:00', 0.00, '2025-04-26 05:10:49', '2025-04-26 05:10:49', 1),
	(27, 'Calandrada', 0.00, '00:00:00', 0.00, '2025-04-26 05:11:00', '2025-04-26 05:11:00', 1),
	(28, 'Barrotada', 0.00, '00:00:00', 0.00, '2025-04-26 05:11:11', '2025-04-26 05:11:11', 1),
	(29, 'Popotillo Economico', 0.00, '00:00:00', 0.00, '2025-04-26 05:11:26', '2025-04-26 05:11:26', 1),
	(30, 'Mascota', 0.00, '00:00:00', 0.00, '2025-04-26 05:14:46', '2025-04-26 05:14:46', 1),
	(31, 'Liston Satin Delgado', 0.00, '00:00:00', 0.00, '2025-04-26 05:15:28', '2025-04-26 05:15:28', 1),
	(32, 'Negro', 0.00, '00:00:00', 0.00, '2025-04-26 05:29:09', '2025-04-26 05:29:09', 1),
	(33, 'Barril Negro', 0.00, '00:00:00', 0.00, '2025-04-26 05:30:57', '2025-04-26 05:30:57', 1),
	(34, 'Barril Blanco', 0.00, '00:00:00', 0.00, '2025-04-26 05:31:09', '2025-04-26 05:31:09', 1),
	(35, 'Remache Para Perforación', 0.00, '00:00:00', 0.00, '2025-04-26 05:32:58', '2025-04-26 05:32:58', 1),
	(36, 'Broche Rapido', 0.00, '00:00:00', 0.00, '2025-04-26 05:33:36', '2025-04-26 05:33:36', 1),
	(37, 'Hebilla Burbuja', 0.00, '00:00:00', 0.00, '2025-04-26 05:34:04', '2025-04-26 05:34:04', 1),
	(38, 'Yoyo de Ranura', 0.00, '00:00:00', 0.00, '2025-04-26 05:34:51', '2025-04-26 05:34:51', 1),
	(39, '2.5cm', 0.00, '00:00:00', 0.00, '2025-04-26 05:35:46', '2025-04-26 05:35:46', 1),
	(40, '3cm', 0.00, '00:00:00', 0.00, '2025-04-26 05:35:58', '2025-04-26 05:35:58', 1),
	(41, '3.5cm', 0.00, '00:00:00', 0.00, '2025-04-26 05:36:08', '2025-04-26 05:36:08', 1),
	(42, '4cm', 0.00, '00:00:00', 0.00, '2025-04-26 05:36:19', '2025-04-26 05:36:19', 1),
	(43, '4.5cm', 0.00, '00:00:00', 0.00, '2025-04-26 05:36:31', '2025-04-26 05:36:31', 1),
	(44, '5cm', 0.00, '00:00:00', 0.00, '2025-04-26 05:36:41', '2025-04-26 05:36:41', 1),
	(45, '6cm', 0.00, '00:00:00', 0.00, '2025-04-26 05:37:04', '2025-04-26 05:37:04', 1),
	(46, '7cm', 0.00, '00:00:00', 0.00, '2025-04-26 05:37:42', '2025-04-26 05:37:42', 1),
	(47, '8cm', 0.00, '00:00:00', 0.00, '2025-04-26 05:37:59', '2025-04-26 05:37:59', 1),
	(48, '9cm', 0.00, '00:00:00', 0.00, '2025-04-26 05:38:10', '2025-04-26 05:38:17', 1),
	(49, '10cm', 0.00, '00:00:00', 0.00, '2025-04-26 05:38:26', '2025-04-26 05:38:26', 1),
	(50, '12mm', 0.00, '00:00:00', 0.00, '2025-04-26 05:38:39', '2025-04-26 05:38:39', 1),
	(51, '14mm', 0.00, '00:00:00', 0.00, '2025-04-26 05:38:48', '2025-04-26 05:38:48', 1),
	(52, '16mm', 0.00, '00:00:00', 0.00, '2025-04-26 05:39:00', '2025-04-26 05:39:00', 1),
	(53, '20mm', 0.00, '00:00:00', 0.00, '2025-04-26 05:39:10', '2025-04-26 05:39:10', 1),
	(54, '25mm', 0.00, '00:00:00', 0.00, '2025-04-26 05:39:21', '2025-04-26 05:39:21', 1),
	(55, '30mm', 0.00, '00:00:00', 0.00, '2025-04-26 05:39:31', '2025-04-26 05:39:31', 1),
	(56, '38mm', 0.00, '00:00:00', 0.00, '2025-04-26 05:39:42', '2025-04-26 05:39:42', 1),
	(57, '40mm', 0.00, '00:00:00', 0.00, '2025-04-26 05:39:54', '2025-04-26 05:39:54', 1),
	(58, '50mm', 0.00, '00:00:00', 0.00, '2025-04-26 05:40:03', '2025-04-26 05:40:03', 1),
	(59, 'Tyvek', 0.00, '00:00:00', 0.00, '2025-04-26 05:41:04', '2025-04-26 05:41:04', 1),
	(60, 'Una Cara', 0.00, '00:00:00', 0.00, '2025-04-26 05:41:43', '2025-04-26 05:41:43', 1),
	(61, 'Dos Caras', 0.00, '00:00:00', 0.00, '2025-04-26 05:41:53', '2025-04-26 05:41:53', 1),
	(62, 'Crochet', 0.00, '00:00:00', 0.00, '2025-04-26 05:44:52', '2025-04-26 05:44:52', 1),
	(63, 'Telar', 0.00, '00:00:00', 0.00, '2025-04-26 05:45:02', '2025-04-26 05:45:02', 1),
	(64, 'Telar Spandex', 0.00, '00:00:00', 0.00, '2025-04-26 05:45:17', '2025-04-26 05:45:37', 1),
	(65, 'Jareta Simple', 0.00, '00:00:00', 0.00, '2025-04-26 05:56:05', '2025-04-26 05:56:05', 1),
	(66, 'Jareta doble', 0.00, '00:00:00', 0.00, '2025-04-26 05:56:22', '2025-04-26 05:56:22', 1),
	(67, 'Cortado', 0.00, '00:00:00', 0.00, '2025-04-26 06:08:57', '2025-04-26 06:08:57', 1),
	(68, 'PVC', 0.00, '00:00:00', 0.00, '2025-04-26 06:14:54', '2025-04-26 06:14:54', 1),
	(69, 'Credencial', 0.00, '00:00:00', 0.00, '2025-04-26 06:15:09', '2025-04-26 06:15:09', 1),
	(70, 'Portacredencial', 0.00, '00:00:00', 0.00, '2025-04-26 06:15:21', '2025-04-26 06:15:21', 1),
	(71, 'Continuo', 0.00, '00:00:00', 0.00, '2025-04-26 06:19:25', '2025-04-26 06:19:25', 1),
	(72, 'Costura en V con Argolla y Mosqueton', 0.00, '00:00:00', 0.00, '2025-04-26 06:26:18', '2025-04-26 06:26:18', 1),
	(73, 'Costura en V con Argolla ', 0.00, '00:00:00', 0.00, '2025-04-26 06:26:30', '2025-04-26 06:26:30', 1),
	(74, 'Costura en Medalla', 0.00, '00:00:00', 0.00, '2025-04-26 06:27:15', '2025-04-26 06:27:15', 1),
	(75, 'Rollo 50 Mts', 0.00, '00:00:00', 0.00, '2025-05-07 03:40:24', '2025-05-07 03:40:24', 1),
	(76, 'Sin Impresión', 0.00, '00:00:00', 0.00, '2025-05-07 03:42:38', '2025-05-07 03:42:38', 1),
	(77, 'Bombai', 0.00, '00:00:00', 0.00, '2025-05-07 03:43:52', '2025-05-07 03:43:52', 1),
	(78, 'Grecia', 0.00, '00:00:00', 0.00, '2025-05-07 03:44:02', '2025-05-07 03:44:02', 1),
	(79, 'Dallas', 0.00, '00:00:00', 0.00, '2025-05-07 03:44:14', '2025-05-07 03:44:14', 1),
	(80, 'Tacto Algodon', 0.00, '00:00:00', 0.00, '2025-05-07 03:44:25', '2025-05-07 03:44:25', 1),
	(81, 'Cuello Redondo', 0.00, '00:00:00', 0.00, '2025-05-07 03:52:36', '2025-05-07 03:52:36', 1),
	(82, 'Cuello V', 0.00, '00:00:00', 0.00, '2025-05-07 03:52:49', '2025-05-07 03:52:49', 1);

-- Volcando datos para la tabla mtiadmin_portal.ordenes_produccion: ~0 rows (aproximadamente)

-- Volcando datos para la tabla mtiadmin_portal.orden_corte: ~0 rows (aproximadamente)

-- Volcando datos para la tabla mtiadmin_portal.orden_paso: ~0 rows (aproximadamente)

-- Volcando datos para la tabla mtiadmin_portal.paises: ~2 rows (aproximadamente)
INSERT INTO `paises` (`id`, `nombre`, `created_at`, `updated_at`) VALUES
	(1, 'México', '2025-06-10 03:24:27', '2025-06-10 03:24:27'),
	(2, 'Estados Unidos', '2025-06-10 03:24:27', '2025-06-10 03:24:27');

-- Volcando datos para la tabla mtiadmin_portal.password_reset_tokens: ~0 rows (aproximadamente)

-- Volcando datos para la tabla mtiadmin_portal.pedido: ~0 rows (aproximadamente)

-- Volcando datos para la tabla mtiadmin_portal.pedido_caracteristicas: ~0 rows (aproximadamente)

-- Volcando datos para la tabla mtiadmin_portal.pedido_estados: ~0 rows (aproximadamente)

-- Volcando datos para la tabla mtiadmin_portal.pedido_opciones: ~0 rows (aproximadamente)

-- Volcando datos para la tabla mtiadmin_portal.pedido_orden_produccion: ~0 rows (aproximadamente)

-- Volcando datos para la tabla mtiadmin_portal.pedido_tallas: ~0 rows (aproximadamente)

-- Volcando datos para la tabla mtiadmin_portal.pedido_tarea: ~0 rows (aproximadamente)

-- Volcando datos para la tabla mtiadmin_portal.permissions: ~54 rows (aproximadamente)
INSERT INTO `permissions` (`id`, `name`, `guard_name`, `created_at`, `updated_at`) VALUES
	(1, 'manage users', 'web', '2025-05-07 04:49:09', '2025-05-07 04:49:09'),
	(2, 'edit profile', 'web', '2025-05-07 04:49:09', '2025-05-07 04:49:09'),
	(3, 'view_users', 'web', '2025-05-07 04:49:20', '2025-05-07 04:49:20'),
	(4, 'edit_users', 'web', '2025-05-07 04:49:20', '2025-05-07 04:49:20'),
	(5, 'delete_users', 'web', '2025-05-07 04:49:20', '2025-05-07 04:49:20'),
	(6, 'create_users', 'web', '2025-05-07 04:49:20', '2025-05-07 04:49:20'),
	(7, 'manage_orders', 'web', '2025-05-07 04:49:20', '2025-05-07 04:49:20'),
	(8, 'view_reports', 'web', '2025-05-07 04:49:20', '2025-05-07 04:49:20'),
	(9, 'test', 'web', '2025-05-15 23:12:48', '2025-05-15 23:12:48'),
	(10, 'vistapreproyectosdashboard', 'web', '2025-05-16 04:17:36', '2025-05-16 04:17:36'),
	(11, 'vistaproyectosdashboard', 'web', '2025-05-16 04:17:53', '2025-05-16 04:17:53'),
	(12, 'vistapedidosdashboardcliente', 'web', '2025-05-16 04:18:24', '2025-05-16 04:18:24'),
	(13, 'dashboardclienteproyectos', 'web', '2025-05-16 04:21:01', '2025-05-16 04:21:01'),
	(14, 'dashboardclientepedidos', 'web', '2025-05-16 04:23:43', '2025-05-16 04:23:43'),
	(15, 'dashboardclientepreproyectos', 'web', '2025-05-16 04:24:20', '2025-05-16 04:24:20'),
	(16, 'asidedashboard', 'web', '2025-05-16 05:30:28', '2025-05-16 05:30:28'),
	(17, 'asidepreproyectos', 'web', '2025-05-16 05:31:06', '2025-05-16 05:31:06'),
	(18, 'asideproyectos', 'web', '2025-05-16 05:32:14', '2025-05-16 05:32:14'),
	(19, 'asidediseniodesplegable', 'web', '2025-05-16 05:40:04', '2025-05-16 05:40:04'),
	(20, 'asideproducciondesplegable', 'web', '2025-05-16 05:43:38', '2025-05-16 05:43:38'),
	(21, 'asideusuariosdesplegable', 'web', '2025-05-16 05:53:33', '2025-05-16 05:53:33'),
	(22, 'proyectopedidoscolumnafechaenbarque', 'web', '2025-05-20 01:03:51', '2025-05-20 01:03:51'),
	(23, 'proyectopedidoscolumnafechaEntrega', 'web', '2025-05-20 01:04:03', '2025-05-20 01:04:03'),
	(24, 'proyectopedidoscolumnafechaproduccion', 'web', '2025-05-20 01:04:13', '2025-05-20 01:04:13'),
	(25, 'proyectopedidosEditarinputTipo', 'web', '2025-05-20 05:24:16', '2025-05-20 05:24:16'),
	(26, 'proyectopedidosEditarInputEstado', 'web', '2025-05-20 05:29:35', '2025-05-20 05:29:35'),
	(27, 'proyectopedidosEditarinputFechaproduccion', 'web', '2025-05-20 05:58:26', '2025-05-20 05:58:26'),
	(28, 'proyectopedidosEditarinputFechaEmbarque', 'web', '2025-05-20 05:58:43', '2025-05-20 05:58:43'),
	(29, 'proyectopedidosEditarinputFechaEntrega', 'web', '2025-05-20 06:01:17', '2025-05-20 06:01:17'),
	(30, 'vistaproyectoSeccionPedidos', 'web', '2025-05-21 01:03:03', '2025-05-21 01:03:03'),
	(31, 'Jefe Diseñador', 'web', '2025-05-21 05:13:34', '2025-05-21 05:13:34'),
	(32, 'asidediseniodesplegableTareas', 'web', '2025-05-21 06:09:50', '2025-05-21 06:09:50'),
	(33, 'asidediseniodesplegableAdminTareas', 'web', '2025-05-21 06:11:14', '2025-05-21 06:11:14'),
	(34, 'ver-todos-los-preproyectos', 'web', '2025-05-23 00:40:41', '2025-05-23 00:40:41'),
	(35, 'tablaPreproyectos-ver-todos-los-preproyectos', 'web', '2025-05-23 00:45:24', '2025-05-23 00:45:24'),
	(36, 'tablaProyectos-ver-todos-los-proyectos', 'web', '2025-05-23 02:36:01', '2025-05-23 02:36:01'),
	(37, 'tablaPedidos-ver-todos-los-pedidos', 'web', '2025-05-23 04:04:57', '2025-05-23 04:04:57'),
	(38, 'ver-todas-notificaciones-del-sistema', 'web', '2025-05-23 04:15:13', '2025-05-23 04:15:13'),
	(39, 'proyectodiseñoAprobarDiseño', 'web', '2025-06-13 04:20:54', '2025-06-13 04:20:54'),
	(40, 'proyectodiseñoRechazarDiseño', 'web', '2025-06-13 04:22:10', '2025-06-13 04:22:10'),
	(41, 'proyectodiseñoCrearMuestra', 'web', '2025-06-13 04:22:25', '2025-06-13 04:22:25'),
	(42, 'proyectodiseñoSubirArchivoDiseño', 'web', '2025-06-13 04:46:27', '2025-06-13 04:46:27'),
	(43, ' proyectodiseñoSubirArte', 'web', '2025-06-13 04:50:24', '2025-06-13 04:50:24'),
	(44, 'proyectodiseñopestañaTareasDelProyecto', 'web', '2025-06-19 21:26:52', '2025-06-19 21:26:52'),
	(45, 'dashboardjefediseñadorproyectos', 'web', '2025-06-24 02:17:07', '2025-06-24 02:17:07'),
	(46, 'tablaProyectos-ver-columna-pedidos', 'web', '2025-06-26 20:37:16', '2025-06-26 20:37:16'),
	(47, 'asideAprobacionesEspeciales', 'web', '2025-08-18 23:59:05', '2025-08-18 23:59:05'),
	(48, 'asideAdministraciónMuestras', 'web', '2025-08-18 23:59:14', '2025-08-18 23:59:14'),
	(49, 'asideAdministraciónPedidos', 'web', '2025-08-18 23:59:20', '2025-08-18 23:59:20'),
	(50, 'asideAdministraciónMuestrasTabPendiente', 'web', '2025-08-19 17:26:24', '2025-08-19 17:26:24'),
	(51, 'asideAdministraciónMuestrasTabSoliocitada', 'web', '2025-08-19 17:26:30', '2025-08-19 17:26:30'),
	(52, 'asideAdministraciónMuestrasTabMuestraLista', 'web', '2025-08-19 17:26:38', '2025-08-19 17:26:38'),
	(53, 'asideAdministraciónMuestrasTabEntregada', 'web', '2025-08-19 17:26:45', '2025-08-19 17:26:45'),
	(54, 'asideAdministraciónMuestrasTabCancelada', 'web', '2025-08-19 17:26:51', '2025-08-19 17:26:51');

-- Volcando datos para la tabla mtiadmin_portal.personal_access_tokens: ~0 rows (aproximadamente)

-- Volcando datos para la tabla mtiadmin_portal.pre_proyectos: ~0 rows (aproximadamente)

-- Volcando datos para la tabla mtiadmin_portal.productos: ~15 rows (aproximadamente)
INSERT INTO `productos` (`id`, `categoria_id`, `nombre`, `dias_produccion`, `flag_armado`, `created_at`, `updated_at`, `ind_activo`) VALUES
	(1, 11, 'Pulsera para Evento', 3, 1, '2025-04-26 06:10:48', '2025-04-26 06:11:01', 1),
	(2, 8, 'Cinta Para Medalla', 2, 1, '2025-04-26 06:31:34', '2025-04-26 06:35:55', 1),
	(3, 8, 'Cinta para Portagafete', 2, 0, '2025-04-26 06:35:30', '2025-05-07 04:06:12', 1),
	(4, 9, 'Portagafete Con Broche de Seguridad', 7, 0, '2025-05-07 04:10:23', '2025-05-07 04:18:27', 1),
	(5, 9, 'Portagafete Standard', 7, 0, '2025-05-07 04:11:37', '2025-05-07 04:18:19', 1),
	(6, 9, 'Portagafete Doble Bandola', 7, 0, '2025-05-07 04:12:50', '2025-05-07 04:18:34', 1),
	(7, 9, 'Portagafete Doble Bandola y Broche de Seguridad', 7, 0, '2025-05-07 04:13:28', '2025-05-07 04:18:40', 1),
	(8, 9, 'Portagafete con Broche Seguridad y Hebilla Frontal', 7, 0, '2025-05-07 04:19:47', '2025-05-07 04:19:47', 1),
	(9, 9, 'Portagafete con Yoyo', 7, 0, '2025-05-07 04:23:12', '2025-05-07 04:25:27', 1),
	(10, 9, 'Portagafete con Hebilla Frontal y Herraje Adicional', 7, 0, '2025-05-07 04:31:35', '2025-05-07 04:31:35', 1),
	(11, 9, 'Portagafete Standard con Herraje Adicional', 7, 0, '2025-05-07 04:35:35', '2025-05-07 04:37:09', 1),
	(12, 9, 'Portagafete con Hebilla Frontal Broche de Seguridad y  Herraje Adicional', 7, 0, '2025-05-07 04:37:03', '2025-05-07 04:37:03', 1),
	(13, 1, 'Playera Manga Corta', 12, 0, '2025-05-07 04:43:13', '2025-05-07 04:43:13', 1),
	(14, 9, 'Portagafete Doble Capa Broche de Seguridad y Herraje Extra', 10, 0, '2025-05-07 05:20:13', '2025-05-07 05:20:13', 1),
	(15, 9, 'Reconfigurar', 1, 1, '2025-10-09 18:14:15', '2025-10-09 18:14:15', 1);

-- Volcando datos para la tabla mtiadmin_portal.producto_caracteristica: ~88 rows (aproximadamente)
INSERT INTO `producto_caracteristica` (`id`, `producto_id`, `caracteristica_id`, `flag_armado`, `created_at`, `updated_at`) VALUES
	(9, 1, 2, 1, NULL, NULL),
	(10, 1, 3, 1, NULL, NULL),
	(11, 1, 5, 1, NULL, NULL),
	(12, 1, 10, 1, NULL, NULL),
	(13, 1, 2, 0, NULL, NULL),
	(14, 1, 3, 0, NULL, NULL),
	(15, 1, 5, 0, NULL, NULL),
	(16, 1, 11, 0, NULL, NULL),
	(25, 2, 2, 1, NULL, NULL),
	(26, 2, 3, 1, NULL, NULL),
	(27, 2, 5, 1, NULL, NULL),
	(28, 2, 20, 1, NULL, NULL),
	(29, 2, 2, 0, NULL, NULL),
	(30, 2, 3, 0, NULL, NULL),
	(31, 2, 5, 0, NULL, NULL),
	(32, 2, 19, 0, NULL, NULL),
	(33, 3, 2, 1, NULL, NULL),
	(34, 3, 3, 1, NULL, NULL),
	(35, 3, 5, 1, NULL, NULL),
	(36, 3, 19, 1, NULL, NULL),
	(37, 3, 2, 0, NULL, NULL),
	(38, 3, 3, 0, NULL, NULL),
	(39, 3, 5, 0, NULL, NULL),
	(40, 3, 19, 0, NULL, NULL),
	(63, 5, 2, 1, NULL, NULL),
	(64, 5, 3, 1, NULL, NULL),
	(65, 5, 5, 1, NULL, NULL),
	(66, 5, 9, 1, NULL, NULL),
	(67, 5, 11, 1, NULL, NULL),
	(68, 4, 2, 1, NULL, NULL),
	(69, 4, 3, 1, NULL, NULL),
	(70, 4, 5, 1, NULL, NULL),
	(71, 4, 8, 1, NULL, NULL),
	(72, 4, 9, 1, NULL, NULL),
	(73, 4, 11, 1, NULL, NULL),
	(74, 6, 2, 1, NULL, NULL),
	(75, 6, 3, 1, NULL, NULL),
	(76, 6, 5, 1, NULL, NULL),
	(77, 6, 11, 1, NULL, NULL),
	(78, 6, 13, 1, NULL, NULL),
	(79, 7, 2, 1, NULL, NULL),
	(80, 7, 3, 1, NULL, NULL),
	(81, 7, 5, 1, NULL, NULL),
	(82, 7, 8, 1, NULL, NULL),
	(83, 7, 11, 1, NULL, NULL),
	(84, 7, 13, 1, NULL, NULL),
	(85, 8, 2, 1, NULL, NULL),
	(86, 8, 3, 1, NULL, NULL),
	(87, 8, 5, 1, NULL, NULL),
	(88, 8, 7, 1, NULL, NULL),
	(89, 8, 8, 1, NULL, NULL),
	(90, 8, 9, 1, NULL, NULL),
	(91, 8, 11, 1, NULL, NULL),
	(97, 9, 2, 1, NULL, NULL),
	(98, 9, 3, 1, NULL, NULL),
	(99, 9, 11, 1, NULL, NULL),
	(100, 9, 22, 1, NULL, NULL),
	(101, 9, 23, 1, NULL, NULL),
	(102, 10, 2, 1, NULL, NULL),
	(103, 10, 3, 1, NULL, NULL),
	(104, 10, 5, 1, NULL, NULL),
	(105, 10, 7, 1, NULL, NULL),
	(106, 10, 9, 1, NULL, NULL),
	(107, 10, 11, 1, NULL, NULL),
	(108, 10, 14, 1, NULL, NULL),
	(121, 12, 2, 1, NULL, NULL),
	(122, 12, 3, 1, NULL, NULL),
	(123, 12, 5, 1, NULL, NULL),
	(124, 12, 7, 1, NULL, NULL),
	(125, 12, 8, 1, NULL, NULL),
	(126, 12, 11, 1, NULL, NULL),
	(127, 12, 14, 1, NULL, NULL),
	(128, 11, 2, 1, NULL, NULL),
	(129, 11, 3, 1, NULL, NULL),
	(130, 11, 5, 1, NULL, NULL),
	(131, 11, 9, 1, NULL, NULL),
	(132, 11, 11, 1, NULL, NULL),
	(133, 11, 14, 1, NULL, NULL),
	(134, 13, 1, 1, NULL, NULL),
	(135, 13, 21, 1, NULL, NULL),
	(136, 14, 3, 1, NULL, NULL),
	(137, 14, 8, 1, NULL, NULL),
	(138, 14, 9, 1, NULL, NULL),
	(139, 14, 14, 1, NULL, NULL),
	(140, 14, 24, 1, NULL, NULL),
	(141, 14, 25, 1, NULL, NULL),
	(142, 14, 26, 1, NULL, NULL),
	(143, 14, 27, 1, NULL, NULL);

-- Volcando datos para la tabla mtiadmin_portal.producto_grupo_talla: ~2 rows (aproximadamente)
INSERT INTO `producto_grupo_talla` (`id`, `producto_id`, `grupo_talla_id`, `created_at`, `updated_at`) VALUES
	(1, 13, 1, NULL, NULL),
	(2, 13, 2, NULL, NULL);

-- Volcando datos para la tabla mtiadmin_portal.proveedores: ~0 rows (aproximadamente)

-- Volcando datos para la tabla mtiadmin_portal.proyecto_estados: ~0 rows (aproximadamente)

-- Volcando datos para la tabla mtiadmin_portal.proyecto_referencia: ~0 rows (aproximadamente)

-- Volcando datos para la tabla mtiadmin_portal.roles: ~9 rows (aproximadamente)
INSERT INTO `roles` (`id`, `name`, `guard_name`, `created_at`, `updated_at`) VALUES
	(1, 'admin', 'web', '2025-06-09 23:36:06', '2025-06-09 23:36:06'),
	(2, 'cliente', 'web', '2025-06-09 23:36:06', '2025-06-09 23:36:06'),
	(3, 'proveedor', 'web', '2025-06-09 23:36:06', '2025-06-09 23:36:06'),
	(4, 'estaf', 'web', '2025-06-09 23:36:06', '2025-06-09 23:36:06'),
	(5, 'diseñador', 'web', '2025-06-09 23:36:06', '2025-06-09 23:36:06'),
	(6, 'jefediseñador', 'web', '2025-06-09 23:36:06', '2025-06-09 23:36:06'),
	(7, 'operador', 'web', '2025-06-09 23:36:06', '2025-06-09 23:36:06'),
	(8, 'cliente_principal', 'web', '2025-06-09 23:36:06', '2025-06-09 23:36:06'),
	(9, 'cliente_subordinado', 'web', '2025-06-09 23:36:06', '2025-06-09 23:36:06');

-- Volcando datos para la tabla mtiadmin_portal.role_has_permissions: ~90 rows (aproximadamente)
INSERT INTO `role_has_permissions` (`permission_id`, `role_id`) VALUES
	(1, 1),
	(2, 1),
	(3, 1),
	(4, 1),
	(5, 1),
	(6, 1),
	(7, 1),
	(8, 1),
	(9, 1),
	(10, 1),
	(11, 1),
	(12, 1),
	(13, 1),
	(14, 1),
	(15, 1),
	(16, 1),
	(17, 1),
	(18, 1),
	(19, 1),
	(20, 1),
	(21, 1),
	(22, 1),
	(23, 1),
	(24, 1),
	(25, 1),
	(26, 1),
	(27, 1),
	(28, 1),
	(29, 1),
	(30, 1),
	(31, 1),
	(32, 1),
	(33, 1),
	(34, 1),
	(35, 1),
	(36, 1),
	(37, 1),
	(38, 1),
	(39, 1),
	(40, 1),
	(41, 1),
	(42, 1),
	(43, 1),
	(44, 1),
	(45, 1),
	(46, 1),
	(47, 1),
	(48, 1),
	(49, 1),
	(50, 1),
	(51, 1),
	(52, 1),
	(53, 1),
	(54, 1),
	(12, 2),
	(13, 2),
	(14, 2),
	(15, 2),
	(16, 2),
	(17, 2),
	(18, 2),
	(23, 2),
	(29, 2),
	(30, 2),
	(16, 5),
	(19, 5),
	(32, 5),
	(42, 5),
	(16, 6),
	(19, 6),
	(32, 6),
	(33, 6),
	(42, 6),
	(44, 6),
	(2, 7),
	(12, 8),
	(13, 8),
	(14, 8),
	(15, 8),
	(16, 8),
	(17, 8),
	(18, 8),
	(23, 8),
	(29, 8),
	(30, 8),
	(39, 8),
	(40, 8),
	(41, 8),
	(46, 8),
	(2, 9);

-- Volcando datos para la tabla mtiadmin_portal.sucursales: ~0 rows (aproximadamente)

-- Volcando datos para la tabla mtiadmin_portal.sucursal_user: ~0 rows (aproximadamente)

-- Volcando datos para la tabla mtiadmin_portal.tallas: ~7 rows (aproximadamente)
INSERT INTO `tallas` (`id`, `nombre`, `descripcion`, `created_at`, `updated_at`, `ind_activo`) VALUES
	(1, 'XS', 'Extra pequeño, ideal para cuerpos muy delgados.', '2025-04-26 03:30:18', '2025-04-26 03:30:18', 1),
	(2, 'S', 'Pequeño, adecuado para cuerpos delgados.', '2025-04-26 03:30:18', '2025-04-26 03:30:18', 1),
	(3, 'M', 'Mediano, la talla estándar para la mayoría.', '2025-04-26 03:30:18', '2025-04-26 03:30:18', 1),
	(4, 'L', 'Grande, para quienes necesitan un poco más de espacio.', '2025-04-26 03:30:18', '2025-04-26 03:30:18', 1),
	(5, 'XL', 'Extra grande, diseñado para mayor comodidad.', '2025-04-26 03:30:18', '2025-04-26 03:30:18', 1),
	(6, 'XXL', 'Doble extra grande, para cuerpos más amplios.', '2025-04-26 03:30:18', '2025-04-26 03:30:18', 1),
	(7, 'XXXL', 'Tripe Extra Grande', '2025-05-07 04:39:23', '2025-05-07 04:39:23', 1);

-- Volcando datos para la tabla mtiadmin_portal.tareas: ~0 rows (aproximadamente)

-- Volcando datos para la tabla mtiadmin_portal.tareas_produccion: ~0 rows (aproximadamente)

-- Volcando datos para la tabla mtiadmin_portal.tipo_envio: ~5 rows (aproximadamente)
INSERT INTO `tipo_envio` (`id`, `nombre`, `descripcion`, `dias_envio`, `created_at`, `updated_at`) VALUES
	(1, 'Terrestre Local', 'Envío terrestre dentro de la misma localidad.', 0, '2025-06-10 03:24:27', '2025-06-10 03:24:27'),
	(2, 'Terrestre Nacional', 'Envío terrestre a nivel nacional.', 6, '2025-06-10 03:24:27', '2025-06-10 03:24:27'),
	(3, 'Terrestre Extranjero', 'Envío terrestre a otros países.', 6, '2025-06-10 03:24:27', '2025-06-10 03:24:27'),
	(4, 'Aire Nacional', 'Envío aéreo a nivel nacional.', 2, '2025-06-10 03:24:27', '2025-06-10 03:24:27'),
	(5, 'Aire Extranjero', 'Envío aéreo a otros países.', 3, '2025-06-10 03:24:27', '2025-06-10 03:24:27');

-- Volcando datos para la tabla mtiadmin_portal.usuario_staf_ordenes_produccion: ~0 rows (aproximadamente)

-- Volcando datos para la tabla mtiadmin_portal.websockets_statistics_entries: ~0 rows (aproximadamente)

/*!40103 SET TIME_ZONE=IFNULL(@OLD_TIME_ZONE, 'system') */;
/*!40101 SET SQL_MODE=IFNULL(@OLD_SQL_MODE, '') */;
/*!40014 SET FOREIGN_KEY_CHECKS=IFNULL(@OLD_FOREIGN_KEY_CHECKS, 1) */;
/*!40101 SET CHARACTER_SET_CLIENT=@OLD_CHARACTER_SET_CLIENT */;
/*!40111 SET SQL_NOTES=IFNULL(@OLD_SQL_NOTES, 1) */;
